year,quarter,period_end,region_code,org_code,org_name,sector,available_beds,occupied_beds,occupancy_rate
2025-26,Q1,June,Y56,R1H,BARTS HEALTH NHS TRUST,General & Acute,1969.5384615384614,1859.978021978022,94.43725310777334
2025-26,Q1,June,Y56,R1K,LONDON NORTH WEST UNIVERSITY HEALTHCARE NHS TRUST,General & Acute,1036.5274725274726,948.4285714285714,91.50057249480513
2025-26,Q1,June,Y56,RAL,ROYAL FREE LONDON NHS FOUNDATION TRUST,General & Acute,1448.8241758241759,1420.7032967032967,98.0590550882489
2025-26,Q1,June,Y56,RAN,ROYAL NATIONAL ORTHOPAEDIC HOSPITAL NHS TRUST,General & Acute,142.84615384615384,110.0989010989011,77.07515962766367
2025-26,Q1,June,Y56,RAS,THE HILLINGDON HOSPITALS NHS FOUNDATION TRUST,General & Acute,388.6703296703297,366.94505494505495,94.41035935423676
2025-26,Q1,June,Y56,RAT,NORTH EAST LONDON NHS FOUNDATION TRUST,General & Acute,159.27472527472528,142.8901098901099,89.71298468331723
2025-26,Q1,June,Y56,RAX,KINGSTON AND RICHMOND NHS FOUNDATION TRUST,General & Acute,390.3956043956044,334.74725274725273,85.74565107245398
2025-26,Q1,June,Y56,RF4,"BARKING, HAVERING AND REDBRIDGE UNIVERSITY HOSPITALS NHS TRUST",General & Acute,991.0,876.6153846153846,88.45765737793992
2025-26,Q1,June,Y56,RJ1,GUY'S AND ST THOMAS' NHS FOUNDATION TRUST,General & Acute,1219.4615384615386,1000.6923076923077,82.06017788431211
2025-26,Q1,June,Y56,RJ2,LEWISHAM AND GREENWICH NHS TRUST,General & Acute,983.2087912087912,915.4395604395604,93.10734084406293
2025-26,Q1,June,Y56,RJ6,CROYDON HEALTH SERVICES NHS TRUST,General & Acute,441.35164835164835,425.14285714285717,96.32746557777058
2025-26,Q1,June,Y56,RJ7,ST GEORGE'S UNIVERSITY HOSPITALS NHS FOUNDATION TRUST,General & Acute,844.1428571428571,806.6593406593406,95.55957665620892
2025-26,Q1,June,Y56,RJZ,KING'S COLLEGE HOSPITAL NHS FOUNDATION TRUST,General & Acute,1352.2417582417581,1231.0549450549452,91.03808084255695
2025-26,Q1,June,Y56,RKE,WHITTINGTON HEALTH NHS TRUST,General & Acute,250.6813186813187,230.2967032967033,91.86831492197089
2025-26,Q1,June,Y56,RKL,WEST LONDON NHS TRUST,General & Acute,70.0,52.72527472527472,75.32182103610675
2025-26,Q1,June,Y56,RP4,GREAT ORMOND STREET HOSPITAL FOR CHILDREN NHS FOUNDATION TRUST,General & Acute,219.94505494505495,173.25274725274724,78.77092180864351
2025-26,Q1,June,Y56,RP6,MOORFIELDS EYE HOSPITAL NHS FOUNDATION TRUST,General & Acute,9.67032967032967,3.043956043956044,31.477272727272727
2025-26,Q1,June,Y56,RPY,THE ROYAL MARSDEN NHS FOUNDATION TRUST,General & Acute,202.23076923076923,173.62637362637363,85.85556702711516
2025-26,Q1,June,Y56,RQM,CHELSEA AND WESTMINSTER HOSPITAL NHS FOUNDATION TRUST,General & Acute,744.3516483516484,723.7912087912088,97.2378055982048
2025-26,Q1,June,Y56,RQX,HOMERTON HEALTHCARE NHS FOUNDATION TRUST,General & Acute,273.989010989011,232.1098901098901,84.7150362972767
2025-26,Q1,June,Y56,RRV,UNIVERSITY COLLEGE LONDON HOSPITALS NHS FOUNDATION TRUST,General & Acute,854.6483516483516,669.5164835164835,78.33824077764777
2025-26,Q1,June,Y56,RV3,CENTRAL AND NORTH WEST LONDON NHS FOUNDATION TRUST,General & Acute,74.56043956043956,69.95604395604396,93.82461311717023
2025-26,Q1,June,Y56,RVR,EPSOM AND ST HELIER UNIVERSITY HOSPITALS NHS TRUST,General & Acute,729.2197802197802,598.2087912087912,82.03408731294927
2025-26,Q1,June,Y56,RWK,EAST LONDON NHS FOUNDATION TRUST,General & Acute,26.0,21.384615384615383,82.24852071005917
2025-26,Q1,June,Y56,RYJ,IMPERIAL COLLEGE HEALTHCARE NHS TRUST,General & Acute,1033.142857142857,967.3516483516484,93.63193498978897
2025-26,Q1,June,Y58,R0D,UNIVERSITY HOSPITALS DORSET NHS FOUNDATION TRUST,General & Acute,1077.989010989011,970.945054945055,90.07003272271324
2025-26,Q1,June,Y58,RA7,UNIVERSITY HOSPITALS BRISTOL AND WESTON NHS FOUNDATION TRUST,General & Acute,976.9010989010989,960.5934065934066,98.33067110621162
2025-26,Q1,June,Y58,RA9,TORBAY AND SOUTH DEVON NHS FOUNDATION TRUST,General & Acute,386.4065934065934,360.83516483516485,93.38224838608765
2025-26,Q1,June,Y58,RBD,DORSET COUNTY HOSPITAL NHS FOUNDATION TRUST,General & Acute,334.97802197802196,313.74725274725273,93.6620411376833
2025-26,Q1,June,Y58,RD1,ROYAL UNITED HOSPITALS BATH NHS FOUNDATION TRUST,General & Acute,517.2417582417582,494.86813186813185,95.67443540334402
2025-26,Q1,June,Y58,REF,ROYAL CORNWALL HOSPITALS NHS TRUST,General & Acute,662.8681318681319,631.2857142857143,95.23549012781619
2025-26,Q1,June,Y58,RH5,SOMERSET NHS FOUNDATION TRUST,General & Acute,1203.7362637362637,1067.2087912087911,88.6580244659485
2025-26,Q1,June,Y58,RH8,ROYAL DEVON UNIVERSITY HEALTHCARE NHS FOUNDATION TRUST,General & Acute,1101.7582417582419,1012.2307692307693,91.87412726910034
2025-26,Q1,June,Y58,RJ8,CORNWALL PARTNERSHIP NHS FOUNDATION TRUST,General & Acute,57.34065934065934,55.43956043956044,96.68455346876198
2025-26,Q1,June,Y58,RK9,UNIVERSITY HOSPITALS PLYMOUTH NHS TRUST,General & Acute,1045.5604395604396,973.2307692307693,93.08221049755113
2025-26,Q1,June,Y58,RN3,GREAT WESTERN HOSPITALS NHS FOUNDATION TRUST,General & Acute,561.5494505494505,536.6043956043956,95.55781687246825
2025-26,Q1,June,Y58,RNZ,SALISBURY NHS FOUNDATION TRUST,General & Acute,466.8791208791209,442.8901098901099,94.86183684037096
2025-26,Q1,June,Y58,RTE,GLOUCESTERSHIRE HOSPITALS NHS FOUNDATION TRUST,General & Acute,856.8791208791209,817.2967032967033,95.38062993741664
2025-26,Q1,June,Y58,RVJ,NORTH BRISTOL NHS TRUST,General & Acute,946.1098901098901,916.8571428571429,96.90810258316299
2025-26,Q1,June,Y59,R1F,ISLE OF WIGHT NHS TRUST,General & Acute,288.2307692307692,269.4725274725275,93.49193640626787
2025-26,Q1,June,Y59,RA2,ROYAL SURREY COUNTY HOSPITAL NHS FOUNDATION TRUST,General & Acute,476.0,438.34065934065933,92.08837381106288
2025-26,Q1,June,Y59,RDU,FRIMLEY HEALTH NHS FOUNDATION TRUST,General & Acute,1293.6153846153845,1184.7472527472528,91.58419626398458
2025-26,Q1,June,Y59,RHM,UNIVERSITY HOSPITAL SOUTHAMPTON NHS FOUNDATION TRUST,General & Acute,1203.5604395604396,1119.3406593406594,93.00244695226617
2025-26,Q1,June,Y59,RHU,PORTSMOUTH HOSPITALS UNIVERSITY NHS TRUST,General & Acute,1057.3956043956043,1009.1318681318681,95.43560271452772
2025-26,Q1,June,Y59,RHW,ROYAL BERKSHIRE NHS FOUNDATION TRUST,General & Acute,628.8571428571429,618.4175824175824,98.33991542305944
2025-26,Q1,June,Y59,RN5,HAMPSHIRE HOSPITALS NHS FOUNDATION TRUST,General & Acute,857.989010989011,744.2857142857143,86.74769778551943
2025-26,Q1,June,Y59,RN7,DARTFORD AND GRAVESHAM NHS TRUST,General & Acute,541.7252747252747,498.4175824175824,92.00559871797472
2025-26,Q1,June,Y59,RNU,OXFORD HEALTH NHS FOUNDATION TRUST,General & Acute,114.75824175824175,106.79120879120879,93.0575505123049
2025-26,Q1,June,Y59,RPA,MEDWAY NHS FOUNDATION TRUST,General & Acute,620.4835164835165,515.4725274725274,83.07594219325587
2025-26,Q1,June,Y59,RPC,QUEEN VICTORIA HOSPITAL NHS FOUNDATION TRUST,General & Acute,53.20879120879121,27.52747252747253,51.734820322180916
2025-26,Q1,June,Y59,RTH,OXFORD UNIVERSITY HOSPITALS NHS FOUNDATION TRUST,General & Acute,1015.0,941.6703296703297,92.77540193796352
2025-26,Q1,June,Y59,RTK,ASHFORD AND ST PETER'S HOSPITALS NHS FOUNDATION TRUST,General & Acute,441.34065934065933,399.0,90.40635426522584
2025-26,Q1,June,Y59,RTP,SURREY AND SUSSEX HEALTHCARE NHS TRUST,General & Acute,687.9560439560439,631.5384615384615,91.7992460545652
2025-26,Q1,June,Y59,RVV,EAST KENT HOSPITALS UNIVERSITY NHS FOUNDATION TRUST,General & Acute,1043.7912087912089,969.7472527472528,92.90624835500341
2025-26,Q1,June,Y59,RW1,HAMPSHIRE AND ISLE OF WIGHT HEALTHCARE NHS FOUNDATION TRUST,General & Acute,195.01098901098902,181.0989010989011,92.86599797137383
2025-26,Q1,June,Y59,RWF,MAIDSTONE AND TUNBRIDGE WELLS NHS TRUST,General & Acute,682.5384615384615,607.7032967032967,89.03575856128543
2025-26,Q1,June,Y59,RWX,BERKSHIRE HEALTHCARE NHS FOUNDATION TRUST,General & Acute,43.61538461538461,36.08791208791209,82.74124464600655
2025-26,Q1,June,Y59,RXC,EAST SUSSEX HEALTHCARE NHS TRUST,General & Acute,759.0769230769231,677.0,89.18727199027158
2025-26,Q1,June,Y59,RXQ,BUCKINGHAMSHIRE HEALTHCARE NHS TRUST,General & Acute,515.0,512.2967032967033,99.47508801877734
2025-26,Q1,June,Y59,RYR,UNIVERSITY HOSPITALS SUSSEX NHS FOUNDATION TRUST,General & Acute,1828.0,1714.6263736263736,93.79794166446244
2025-26,Q1,June,Y60,R1A,HEREFORDSHIRE AND WORCESTERSHIRE HEALTH AND CARE NHS TRUST,General & Acute,30.0,26.428571428571427,88.09523809523809
2025-26,Q1,June,Y60,RBK,WALSALL HEALTHCARE NHS TRUST,General & Acute,499.04395604395603,444.5164835164835,89.07361328254024
2025-26,Q1,June,Y60,RFS,CHESTERFIELD ROYAL HOSPITAL NHS FOUNDATION TRUST,General & Acute,528.6703296703297,473.95604395604397,89.65058512960152
2025-26,Q1,June,Y60,RJC,SOUTH WARWICKSHIRE UNIVERSITY NHS FOUNDATION TRUST,General & Acute,443.7362637362637,404.4175824175824,91.13917781079743
2025-26,Q1,June,Y60,RJE,UNIVERSITY HOSPITALS OF NORTH MIDLANDS NHS TRUST,General & Acute,1400.0,1224.010989010989,87.42935635792779
2025-26,Q1,June,Y60,RK5,SHERWOOD FOREST HOSPITALS NHS FOUNDATION TRUST,General & Acute,674.2747252747253,618.4285714285714,91.71759644061996
2025-26,Q1,June,Y60,RKB,UNIVERSITY HOSPITALS COVENTRY AND WARWICKSHIRE NHS TRUST,General & Acute,1078.076923076923,1075.6153846153845,99.77167320727791
2025-26,Q1,June,Y60,RL1,THE ROBERT JONES AND AGNES HUNT ORTHOPAEDIC HOSPITAL NHS FOUNDATION TRUST,General & Acute,120.9010989010989,93.41758241758242,77.2677694964552
2025-26,Q1,June,Y60,RL4,THE ROYAL WOLVERHAMPTON NHS TRUST,General & Acute,822.8021978021978,764.3956043956044,92.90150250417362
2025-26,Q1,June,Y60,RLQ,WYE VALLEY NHS TRUST,General & Acute,296.9340659340659,295.2967032967033,99.44857703267829
2025-26,Q1,June,Y60,RLT,GEORGE ELIOT HOSPITAL NHS TRUST,General & Acute,384.74725274725273,378.7032967032967,98.42911001942191
2025-26,Q1,June,Y60,RNQ,KETTERING GENERAL HOSPITAL NHS FOUNDATION TRUST,General & Acute,562.0,547.4395604395604,97.40917445543779
2025-26,Q1,June,Y60,RNS,NORTHAMPTON GENERAL HOSPITAL NHS TRUST,General & Acute,694.7802197802198,624.8351648351648,89.93277975484382
2025-26,Q1,June,Y60,RP1,NORTHAMPTONSHIRE HEALTHCARE NHS FOUNDATION TRUST,General & Acute,194.86813186813185,119.53846153846153,61.343258331923536
2025-26,Q1,June,Y60,RRE,MIDLANDS PARTNERSHIP UNIVERSITY NHS FOUNDATION TRUST,General & Acute,167.0,157.05494505494505,94.04487727841021
2025-26,Q1,June,Y60,RRJ,THE ROYAL ORTHOPAEDIC HOSPITAL NHS FOUNDATION TRUST,General & Acute,94.50549450549451,68.31868131868131,72.2906976744186
2025-26,Q1,June,Y60,RRK,UNIVERSITY HOSPITALS BIRMINGHAM NHS FOUNDATION TRUST,General & Acute,2699.010989010989,2640.4615384615386,97.83070721876146
2025-26,Q1,June,Y60,RTG,UNIVERSITY HOSPITALS OF DERBY AND BURTON NHS FOUNDATION TRUST,General & Acute,1438.0879120879122,1343.1978021978023,93.40164748674216
2025-26,Q1,June,Y60,RWD,UNITED LINCOLNSHIRE TEACHING HOSPITALS NHS TRUST,General & Acute,1005.6703296703297,833.1318681318681,82.8434372131649
2025-26,Q1,June,Y60,RWE,UNIVERSITY HOSPITALS OF LEICESTER NHS TRUST,General & Acute,1736.8351648351647,1582.6373626373627,91.1219092450586
2025-26,Q1,June,Y60,RWP,WORCESTERSHIRE ACUTE HOSPITALS NHS TRUST,General & Acute,885.4505494505495,823.032967032967,92.95075456711676
2025-26,Q1,June,Y60,RX1,NOTTINGHAM UNIVERSITY HOSPITALS NHS TRUST,General & Acute,1668.1208791208792,1474.5604395604396,88.39649800064558
2025-26,Q1,June,Y60,RXK,SANDWELL AND WEST BIRMINGHAM HOSPITALS NHS TRUST,General & Acute,582.3296703296703,516.3296703296703,88.66621376811594
2025-26,Q1,June,Y60,RXW,THE SHREWSBURY AND TELFORD HOSPITAL NHS TRUST,General & Acute,786.2417582417582,745.0879120879121,94.76575166321909
2025-26,Q1,June,Y60,RYW,BIRMINGHAM COMMUNITY HEALTHCARE NHS FOUNDATION TRUST,General & Acute,236.6153846153846,154.76923076923077,65.40962288686606
2025-26,Q1,June,Y61,R1L,ESSEX PARTNERSHIP UNIVERSITY NHS FOUNDATION TRUST,General & Acute,87.0,69.0989010989011,79.42402425161046
2025-26,Q1,June,Y61,RAJ,MID AND SOUTH ESSEX NHS FOUNDATION TRUST,General & Acute,1720.1538461538462,1653.2967032967033,96.11330445781748
2025-26,Q1,June,Y61,RC9,BEDFORDSHIRE HOSPITALS NHS FOUNDATION TRUST,General & Acute,1046.043956043956,978.8901098901099,93.58020800504254
2025-26,Q1,June,Y61,RCX,"THE QUEEN ELIZABETH HOSPITAL, KING'S LYNN, NHS FOUNDATION TRUST",General & Acute,488.64835164835165,469.7692307692308,96.13646074617131
2025-26,Q1,June,Y61,RD8,MILTON KEYNES UNIVERSITY HOSPITAL NHS FOUNDATION TRUST,General & Acute,544.0,461.7692307692308,84.88404977375565
2025-26,Q1,June,Y61,RDE,EAST SUFFOLK AND NORTH ESSEX NHS FOUNDATION TRUST,General & Acute,1228.2417582417581,1164.7142857142858,94.82777131609556
2025-26,Q1,June,Y61,RGM,ROYAL PAPWORTH HOSPITAL NHS FOUNDATION TRUST,General & Acute,264.97802197802196,182.65934065934067,68.93377016547092
2025-26,Q1,June,Y61,RGN,NORTH WEST ANGLIA NHS FOUNDATION TRUST,General & Acute,961.1318681318681,859.0879120879121,89.38293907137876
2025-26,Q1,June,Y61,RGP,JAMES PAGET UNIVERSITY HOSPITALS NHS FOUNDATION TRUST,General & Acute,426.6373626373626,340.2197802197802,79.74448794560067
2025-26,Q1,June,Y61,RGR,WEST SUFFOLK NHS FOUNDATION TRUST,General & Acute,452.35164835164835,397.05494505494505,87.77572636284133
2025-26,Q1,June,Y61,RGT,CAMBRIDGE UNIVERSITY HOSPITALS NHS FOUNDATION TRUST,General & Acute,1033.076923076923,938.6703296703297,90.8616104669716
2025-26,Q1,June,Y61,RM1,NORFOLK AND NORWICH UNIVERSITY HOSPITALS NHS FOUNDATION TRUST,General & Acute,928.4725274725274,899.7252747252747,96.90381224035697
2025-26,Q1,June,Y61,RQW,THE PRINCESS ALEXANDRA HOSPITAL NHS TRUST,General & Acute,451.0,435.2307692307692,96.5034965034965
2025-26,Q1,June,Y61,RT1,CAMBRIDGESHIRE AND PETERBOROUGH NHS FOUNDATION TRUST,General & Acute,100.45054945054945,89.54945054945055,89.1477956459906
2025-26,Q1,June,Y61,RWG,WEST HERTFORDSHIRE TEACHING HOSPITALS NHS TRUST,General & Acute,663.0439560439561,510.3736263736264,76.97432752705636
2025-26,Q1,June,Y61,RWH,EAST AND NORTH HERTFORDSHIRE NHS TRUST,General & Acute,585.2747252747253,516.8571428571429,88.31017649267744
2025-26,Q1,June,Y61,RY3,NORFOLK COMMUNITY HEALTH AND CARE NHS TRUST,General & Acute,76.82417582417582,69.78021978021978,90.83106851666429
2025-26,Q1,June,Y62,R0A,MANCHESTER UNIVERSITY NHS FOUNDATION TRUST,General & Acute,2147.912087912088,1924.8461538461538,89.61475493707152
2025-26,Q1,June,Y62,RBL,WIRRAL UNIVERSITY TEACHING HOSPITAL NHS FOUNDATION TRUST,General & Acute,744.021978021978,677.4505494505495,91.05249165509703
2025-26,Q1,June,Y62,RBN,MERSEY AND WEST LANCASHIRE TEACHING HOSPITALS NHS TRUST,General & Acute,1196.8131868131868,1174.923076923077,98.17096685336516
2025-26,Q1,June,Y62,RBQ,LIVERPOOL HEART AND CHEST HOSPITAL NHS FOUNDATION TRUST,General & Acute,181.69230769230768,146.35164835164835,80.54917140437887
2025-26,Q1,June,Y62,RBS,ALDER HEY CHILDREN'S NHS FOUNDATION TRUST,General & Acute,203.0,144.0989010989011,70.98468034428626
2025-26,Q1,June,Y62,RBT,MID CHESHIRE HOSPITALS NHS FOUNDATION TRUST,General & Acute,494.010989010989,458.31868131868134,92.77499721944167
2025-26,Q1,June,Y62,RBV,THE CHRISTIE NHS FOUNDATION TRUST,General & Acute,183.0989010989011,161.65934065934067,88.29072140199256
2025-26,Q1,June,Y62,REM,LIVERPOOL UNIVERSITY HOSPITALS NHS FOUNDATION TRUST,General & Acute,1575.2857142857142,1507.6923076923076,95.70913352540268
2025-26,Q1,June,Y62,REN,THE CLATTERBRIDGE CANCER CENTRE NHS FOUNDATION TRUST,General & Acute,95.0,89.84615384615384,94.5748987854251
2025-26,Q1,June,Y62,REP,LIVERPOOL WOMEN'S NHS FOUNDATION TRUST,General & Acute,23.153846153846153,13.461538461538462,58.139534883720934
2025-26,Q1,June,Y62,RET,THE WALTON CENTRE NHS FOUNDATION TRUST,General & Acute,143.24175824175825,143.24175824175825,100.0
2025-26,Q1,June,Y62,RJN,EAST CHESHIRE NHS TRUST,General & Acute,324.9230769230769,287.13186813186815,88.3691829004329
2025-26,Q1,June,Y62,RJR,COUNTESS OF CHESTER HOSPITAL NHS FOUNDATION TRUST,General & Acute,499.4175824175824,447.6043956043956,89.62527779611416
2025-26,Q1,June,Y62,RM3,NORTHERN CARE ALLIANCE NHS FOUNDATION TRUST,General & Acute,1523.967032967033,1412.1868131868132,92.66518124328495
2025-26,Q1,June,Y62,RMC,BOLTON NHS FOUNDATION TRUST,General & Acute,604.4725274725274,528.8241758241758,87.4852291526533
2025-26,Q1,June,Y62,RMP,TAMESIDE AND GLOSSOP INTEGRATED CARE NHS FOUNDATION TRUST,General & Acute,465.4175824175824,420.45054945054943,90.33834675229618
2025-26,Q1,June,Y62,RRF,"WRIGHTINGTON, WIGAN AND LEIGH NHS FOUNDATION TRUST",General & Acute,535.5164835164835,483.85714285714283,90.35336124107363
2025-26,Q1,June,Y62,RTX,UNIVERSITY HOSPITALS OF MORECAMBE BAY NHS FOUNDATION TRUST,General & Acute,589.5164835164835,539.2307692307693,91.47000708347315
2025-26,Q1,June,Y62,RWJ,STOCKPORT NHS FOUNDATION TRUST,General & Acute,636.5934065934066,582.021978021978,91.4275850163991
2025-26,Q1,June,Y62,RWW,WARRINGTON AND HALTON TEACHING HOSPITALS NHS FOUNDATION TRUST,General & Acute,570.5824175824176,532.5494505494505,93.33436049534886
2025-26,Q1,June,Y62,RXL,BLACKPOOL TEACHING HOSPITALS NHS FOUNDATION TRUST,General & Acute,738.0,716.7582417582418,97.12171297537151
2025-26,Q1,June,Y62,RXN,LANCASHIRE TEACHING HOSPITALS NHS FOUNDATION TRUST,General & Acute,810.6043956043956,776.3956043956044,95.77984138819224
2025-26,Q1,June,Y62,RXR,EAST LANCASHIRE HOSPITALS NHS TRUST,General & Acute,938.021978021978,898.2857142857143,95.76382380506092
2025-26,Q1,June,Y63,R0B,SOUTH TYNESIDE AND SUNDERLAND NHS FOUNDATION TRUST,General & Acute,1111.5054945054944,964.2197802197802,86.74898909507944
2025-26,Q1,June,Y63,RAE,BRADFORD TEACHING HOSPITALS NHS FOUNDATION TRUST,General & Acute,613.5604395604396,555.967032967033,90.61324640899811
2025-26,Q1,June,Y63,RCB,YORK AND SCARBOROUGH TEACHING HOSPITALS NHS FOUNDATION TRUST,General & Acute,832.4175824175824,811.2417582417582,97.45610561056107
2025-26,Q1,June,Y63,RCD,HARROGATE AND DISTRICT NHS FOUNDATION TRUST,General & Acute,277.2967032967033,267.5054945054945,96.46904969485614
2025-26,Q1,June,Y63,RCF,AIREDALE NHS FOUNDATION TRUST,General & Acute,358.0879120879121,329.8791208791209,92.12238384582335
2025-26,Q1,June,Y63,RCU,SHEFFIELD CHILDREN'S NHS FOUNDATION TRUST,General & Acute,137.4945054945055,93.35164835164835,67.894820971867
2025-26,Q1,June,Y63,RFF,BARNSLEY HOSPITAL NHS FOUNDATION TRUST,General & Acute,458.0,429.9120879120879,93.86726810307596
2025-26,Q1,June,Y63,RFR,THE ROTHERHAM NHS FOUNDATION TRUST,General & Acute,454.3296703296703,407.46153846153845,89.68411377708979
2025-26,Q1,June,Y63,RHQ,SHEFFIELD TEACHING HOSPITALS NHS FOUNDATION TRUST,General & Acute,1502.021978021978,1340.934065934066,89.27526264961519
2025-26,Q1,June,Y63,RJL,NORTHERN LINCOLNSHIRE AND GOOLE NHS FOUNDATION TRUST,General & Acute,608.6703296703297,506.1758241758242,83.1609164274495
2025-26,Q1,June,Y63,RNN,NORTH CUMBRIA INTEGRATED CARE NHS FOUNDATION TRUST,General & Acute,584.5384615384615,522.7692307692307,89.43282010790892
2025-26,Q1,June,Y63,RP5,DONCASTER AND BASSETLAW TEACHING HOSPITALS NHS FOUNDATION TRUST,General & Acute,727.967032967033,666.7032967032967,91.58427051098195
2025-26,Q1,June,Y63,RR7,GATESHEAD HEALTH NHS FOUNDATION TRUST,General & Acute,461.6703296703297,433.4175824175824,93.88031990859754
2025-26,Q1,June,Y63,RR8,LEEDS TEACHING HOSPITALS NHS TRUST,General & Acute,1673.967032967033,1659.8131868131868,99.15447282562315
2025-26,Q1,June,Y63,RTD,THE NEWCASTLE UPON TYNE HOSPITALS NHS FOUNDATION TRUST,General & Acute,1444.5274725274726,1237.065934065934,85.63810364239417
2025-26,Q1,June,Y63,RTF,NORTHUMBRIA HEALTHCARE NHS FOUNDATION TRUST,General & Acute,839.4175824175824,739.3186813186813,88.07519604121121
2025-26,Q1,June,Y63,RTR,SOUTH TEES HOSPITALS NHS FOUNDATION TRUST,General & Acute,932.0989010989011,820.6153846153846,88.03951851546196
2025-26,Q1,June,Y63,RVW,NORTH TEES AND HARTLEPOOL NHS FOUNDATION TRUST,General & Acute,516.9010989010989,473.7802197802198,91.6578085802968
2025-26,Q1,June,Y63,RWA,HULL UNIVERSITY TEACHING HOSPITALS NHS TRUST,General & Acute,1168.934065934066,1060.1538461538462,90.6940671034943
2025-26,Q1,June,Y63,RWY,CALDERDALE AND HUDDERSFIELD NHS FOUNDATION TRUST,General & Acute,736.1428571428571,636.2857142857143,86.43508635746169
2025-26,Q1,June,Y63,RX4,"CUMBRIA, NORTHUMBERLAND, TYNE AND WEAR NHS FOUNDATION TRUST",General & Acute,49.0,42.61538461538461,86.97017268445839
2025-26,Q1,June,Y63,RXE,ROTHERHAM DONCASTER AND SOUTH HUMBER NHS FOUNDATION TRUST,General & Acute,61.637362637362635,50.92307692307692,82.6172223212694
2025-26,Q1,June,Y63,RXF,MID YORKSHIRE TEACHING NHS TRUST,General & Acute,1080.2087912087911,940.8681318681319,87.1005808807821
2025-26,Q1,June,Y63,RXG,SOUTH WEST YORKSHIRE PARTNERSHIP NHS FOUNDATION TRUST,General & Acute,24.0,18.923076923076923,78.84615384615384
2025-26,Q1,June,Y63,RXP,COUNTY DURHAM AND DARLINGTON NHS FOUNDATION TRUST,General & Acute,921.1318681318681,866.9120879120879,94.11378738532385
2025-26,Q1,June,Y63,RY6,LEEDS COMMUNITY HEALTHCARE NHS TRUST,General & Acute,62.34065934065934,32.84615384615385,52.68817204301075
2025-26,Q1,June,Y60,RNA,THE DUDLEY GROUP NHS FOUNDATION TRUST,General & Acute,647.6263736263736,589.021978021978,90.95089422065362
2025-26,Q1,June,Y60,RQ3,BIRMINGHAM WOMEN'S AND CHILDREN'S NHS FOUNDATION TRUST,General & Acute,262.75824175824175,206.03296703296704,78.41160971937602
2025-26,Q2,September,Y56,R1H,BARTS HEALTH NHS TRUST,General & Acute,1959.5,1796.7608695652175,91.69486448406316
2025-26,Q2,September,Y56,R1K,LONDON NORTH WEST UNIVERSITY HEALTHCARE NHS TRUST,General & Acute,1024.2717391304348,976.0217391304348,95.28933600755573
2025-26,Q2,September,Y56,RAL,ROYAL FREE LONDON NHS FOUNDATION TRUST,General & Acute,1405.5760869565217,1369.445652173913,97.42949278108156
2025-26,Q2,September,Y56,RAN,ROYAL NATIONAL ORTHOPAEDIC HOSPITAL NHS TRUST,General & Acute,142.25,103.58695652173913,72.82035607855123
2025-26,Q2,September,Y56,RAS,THE HILLINGDON HOSPITALS NHS FOUNDATION TRUST,General & Acute,389.1304347826087,355.25,91.29329608938548
2025-26,Q2,September,Y56,RAT,NORTH EAST LONDON NHS FOUNDATION TRUST,General & Acute,158.9891304347826,139.2826086956522,87.60511383058729
2025-26,Q2,September,Y56,RAX,KINGSTON AND RICHMOND NHS FOUNDATION TRUST,General & Acute,365.0,329.79347826086956,90.35437760571769
2025-26,Q2,September,Y56,RF4,"BARKING, HAVERING AND REDBRIDGE UNIVERSITY HOSPITALS NHS TRUST",General & Acute,991.0,863.1195652173913,87.095818891765
2025-26,Q2,September,Y56,RJ1,GUY'S AND ST THOMAS' NHS FOUNDATION TRUST,General & Acute,1221.0978260869565,1006.6630434782609,82.43918070873502
2025-26,Q2,September,Y56,RJ2,LEWISHAM AND GREENWICH NHS TRUST,General & Acute,961.6086956521739,864.5,89.9014332866121
2025-26,Q2,September,Y56,RJ6,CROYDON HEALTH SERVICES NHS TRUST,General & Acute,420.3695652173913,394.7608695652174,93.90805192118735
2025-26,Q2,September,Y56,RJ7,ST GEORGE'S UNIVERSITY HOSPITALS NHS FOUNDATION TRUST,General & Acute,819.8260869565217,813.4347826086956,99.22040729741197
2025-26,Q2,September,Y56,RJZ,KING'S COLLEGE HOSPITAL NHS FOUNDATION TRUST,General & Acute,1350.0,1204.195652173913,89.19967793880838
2025-26,Q2,September,Y56,RKE,WHITTINGTON HEALTH NHS TRUST,General & Acute,242.80434782608697,223.17391304347825,91.91512221326886
2025-26,Q2,September,Y56,RKL,WEST LONDON NHS TRUST,General & Acute,70.0,53.54347826086956,76.49068322981365
2025-26,Q2,September,Y56,RP4,GREAT ORMOND STREET HOSPITAL FOR CHILDREN NHS FOUNDATION TRUST,General & Acute,221.1304347826087,178.82608695652175,80.86905230043257
2025-26,Q2,September,Y56,RP6,MOORFIELDS EYE HOSPITAL NHS FOUNDATION TRUST,General & Acute,9.565217391304348,4.880434782608695,51.02272727272727
2025-26,Q2,September,Y56,RPY,THE ROYAL MARSDEN NHS FOUNDATION TRUST,General & Acute,203.97826086956522,178.5,87.50932537567941
2025-26,Q2,September,Y56,RQM,CHELSEA AND WESTMINSTER HOSPITAL NHS FOUNDATION TRUST,General & Acute,768.5108695652174,734.7282608695652,95.60414692445866
2025-26,Q2,September,Y56,RQX,HOMERTON HEALTHCARE NHS FOUNDATION TRUST,General & Acute,274.2391304347826,232.59782608695653,84.81569560047562
2025-26,Q2,September,Y56,RRV,UNIVERSITY COLLEGE LONDON HOSPITALS NHS FOUNDATION TRUST,General & Acute,853.4782608695652,648.1630434782609,75.94370860927152
2025-26,Q2,September,Y56,RV3,CENTRAL AND NORTH WEST LONDON NHS FOUNDATION TRUST,General & Acute,74.53260869565217,68.01086956521739,91.2498177045355
2025-26,Q2,September,Y56,RVR,EPSOM AND ST HELIER UNIVERSITY HOSPITALS NHS TRUST,General & Acute,688.8913043478261,594.1521739130435,86.24759380226577
2025-26,Q2,September,Y56,RWK,EAST LONDON NHS FOUNDATION TRUST,General & Acute,23.26086956521739,16.72826086956522,71.9158878504673
2025-26,Q2,September,Y56,RYJ,IMPERIAL COLLEGE HEALTHCARE NHS TRUST,General & Acute,1033.9347826086957,973.0326086956521,94.10966968734886
2025-26,Q2,September,Y58,R0D,UNIVERSITY HOSPITALS DORSET NHS FOUNDATION TRUST,General & Acute,1059.9130434782608,945.2173913043479,89.17876774140619
2025-26,Q2,September,Y58,RA7,UNIVERSITY HOSPITALS BRISTOL AND WESTON NHS FOUNDATION TRUST,General & Acute,968.2826086956521,929.3695652173913,95.98123077613884
2025-26,Q2,September,Y58,RA9,TORBAY AND SOUTH DEVON NHS FOUNDATION TRUST,General & Acute,386.5108695652174,362.9673913043478,93.90871509322535
2025-26,Q2,September,Y58,RBD,DORSET COUNTY HOSPITAL NHS FOUNDATION TRUST,General & Acute,328.7391304347826,308.9347826086956,93.97566459463033
2025-26,Q2,September,Y58,RD1,ROYAL UNITED HOSPITALS BATH NHS FOUNDATION TRUST,General & Acute,511.6195652173913,499.8152173913044,97.69274894304107
2025-26,Q2,September,Y58,REF,ROYAL CORNWALL HOSPITALS NHS TRUST,General & Acute,643.4347826086956,618.1195652173913,96.06561254138792
2025-26,Q2,September,Y58,RH5,SOMERSET NHS FOUNDATION TRUST,General & Acute,1160.9347826086957,1014.25,87.36494204445442
2025-26,Q2,September,Y58,RH8,ROYAL DEVON UNIVERSITY HEALTHCARE NHS FOUNDATION TRUST,General & Acute,1100.9021739130435,1007.7608695652174,91.53954760423763
2025-26,Q2,September,Y58,RJ8,CORNWALL PARTNERSHIP NHS FOUNDATION TRUST,General & Acute,56.95652173913044,55.20652173913044,96.92748091603053
2025-26,Q2,September,Y58,RK9,UNIVERSITY HOSPITALS PLYMOUTH NHS TRUST,General & Acute,1047.5,954.4673913043479,91.11860537511674
2025-26,Q2,September,Y58,RN3,GREAT WESTERN HOSPITALS NHS FOUNDATION TRUST,General & Acute,546.804347826087,522.6195652173913,95.57706834174849
2025-26,Q2,September,Y58,RNZ,SALISBURY NHS FOUNDATION TRUST,General & Acute,442.4782608695652,418.0652173913044,94.48265697160264
2025-26,Q2,September,Y58,RTE,GLOUCESTERSHIRE HOSPITALS NHS FOUNDATION TRUST,General & Acute,857.5760869565217,814.8369565217391,95.01628705780955
2025-26,Q2,September,Y58,RVJ,NORTH BRISTOL NHS TRUST,General & Acute,936.695652173913,899.4239130434783,96.02093390271074
2025-26,Q2,September,Y59,R1F,ISLE OF WIGHT NHS TRUST,General & Acute,273.7826086956522,261.32608695652175,95.45021438780371
2025-26,Q2,September,Y59,RA2,ROYAL SURREY NHS FOUNDATION TRUST,General & Acute,476.0,440.9782608695652,92.64249177932041
2025-26,Q2,September,Y59,RDU,FRIMLEY HEALTH NHS FOUNDATION TRUST,General & Acute,1282.9239130434783,1172.2173913043478,91.37076481203772
2025-26,Q2,September,Y59,RHM,UNIVERSITY HOSPITAL SOUTHAMPTON NHS FOUNDATION TRUST,General & Acute,1197.5869565217392,1092.9130434782608,91.25959810488482
2025-26,Q2,September,Y59,RHU,PORTSMOUTH HOSPITALS UNIVERSITY NHS TRUST,General & Acute,1053.5434782608695,1003.0326086956521,95.20562078286528
2025-26,Q2,September,Y59,RHW,ROYAL BERKSHIRE NHS FOUNDATION TRUST,General & Acute,627.5652173913044,586.6630434782609,93.4824026603852
2025-26,Q2,September,Y59,RN7,DARTFORD AND GRAVESHAM NHS TRUST,General & Acute,532.2173913043479,489.55434782608694,91.98390654358303
2025-26,Q2,September,Y59,RNU,OXFORD HEALTH NHS FOUNDATION TRUST,General & Acute,114.77173913043478,109.20652173913044,95.1510559712094
2025-26,Q2,September,Y59,RPA,MEDWAY NHS FOUNDATION TRUST,General & Acute,613.7391304347826,517.1739130434783,84.26608104278831
2025-26,Q2,September,Y59,RPC,QUEEN VICTORIA HOSPITAL NHS FOUNDATION TRUST,General & Acute,47.869565217391305,28.347826086956523,59.218891916439595
2025-26,Q2,September,Y59,RTH,OXFORD UNIVERSITY HOSPITALS NHS FOUNDATION TRUST,General & Acute,990.6739130434783,937.0217391304348,94.58427508722652
2025-26,Q2,September,Y59,RTK,ASHFORD AND ST PETER'S HOSPITALS NHS FOUNDATION TRUST,General & Acute,448.6304347826087,394.7717391304348,87.99486359451471
2025-26,Q2,September,Y59,RTP,SURREY AND SUSSEX HEALTHCARE NHS TRUST,General & Acute,670.6304347826087,625.5434782608696,93.2769295601154
2025-26,Q2,September,Y59,RVV,EAST KENT HOSPITALS UNIVERSITY NHS FOUNDATION TRUST,General & Acute,1052.5326086956522,954.3913043478261,90.67569939999794
2025-26,Q2,September,Y59,RW1,HAMPSHIRE AND ISLE OF WIGHT HEALTHCARE NHS FOUNDATION TRUST,General & Acute,189.08695652173913,178.09782608695653,94.18831915382847
2025-26,Q2,September,Y59,RWF,MAIDSTONE AND TUNBRIDGE WELLS NHS TRUST,General & Acute,675.0108695652174,587.7934782608696,87.07911305776076
2025-26,Q2,September,Y59,RWX,BERKSHIRE HEALTHCARE NHS FOUNDATION TRUST,General & Acute,42.57608695652174,36.23913043478261,85.1161603267807
2025-26,Q2,September,Y59,RXC,EAST SUSSEX HEALTHCARE NHS TRUST,General & Acute,745.9130434782609,645.7934782608696,86.57758218698997
2025-26,Q2,September,Y59,RXQ,BUCKINGHAMSHIRE HEALTHCARE NHS TRUST,General & Acute,500.0,493.85869565217394,98.77173913043478
2025-26,Q2,September,Y59,RYR,UNIVERSITY HOSPITALS SUSSEX NHS FOUNDATION TRUST,General & Acute,1828.0,1682.3260869565217,92.0309675577966
2025-26,Q2,September,Y60,R1A,HEREFORDSHIRE AND WORCESTERSHIRE HEALTH AND CARE NHS TRUST,General & Acute,38.21739130434783,35.18478260869565,92.06484641638224
2025-26,Q2,September,Y60,RBK,WALSALL HEALTHCARE NHS TRUST,General & Acute,502.07608695652175,437.20652173913044,87.07973414734472
2025-26,Q2,September,Y60,RFS,CHESTERFIELD ROYAL HOSPITAL NHS FOUNDATION TRUST,General & Acute,530.1739130434783,479.0217391304348,90.35181236673775
2025-26,Q2,September,Y60,RHA,NOTTINGHAMSHIRE HEALTHCARE NHS FOUNDATION TRUST,General & Acute,11.869565217391305,8.847826086956522,74.54212454212454
2025-26,Q2,September,Y60,RJC,SOUTH WARWICKSHIRE UNIVERSITY NHS FOUNDATION TRUST,General & Acute,443.0652173913044,398.57608695652175,89.95878514302537
2025-26,Q2,September,Y60,RJE,UNIVERSITY HOSPITALS OF NORTH MIDLANDS NHS TRUST,General & Acute,1400.0,1204.9021739130435,86.06444099378882
2025-26,Q2,September,Y60,RK5,SHERWOOD FOREST HOSPITALS NHS FOUNDATION TRUST,General & Acute,671.5217391304348,621.4565217391304,92.54451278730981
2025-26,Q2,September,Y60,RKB,UNIVERSITY HOSPITALS COVENTRY AND WARWICKSHIRE NHS TRUST,General & Acute,1075.0326086956522,1069.3804347826087,99.47423232864524
2025-26,Q2,September,Y60,RL1,THE ROBERT JONES AND AGNES HUNT ORTHOPAEDIC HOSPITAL NHS FOUNDATION TRUST,General & Acute,128.1086956521739,101.84782608695652,79.50110300356354
2025-26,Q2,September,Y60,RL4,THE ROYAL WOLVERHAMPTON NHS TRUST,General & Acute,806.9021739130435,753.3478260869565,93.36296894995621
2025-26,Q2,September,Y60,RLQ,WYE VALLEY NHS TRUST,General & Acute,296.29347826086956,291.4891304347826,98.37851718698411
2025-26,Q2,September,Y60,RLT,GEORGE ELIOT HOSPITAL NHS TRUST,General & Acute,368.4673913043478,365.1630434782609,99.10321838402312
2025-26,Q2,September,Y60,RNQ,KETTERING GENERAL HOSPITAL NHS FOUNDATION TRUST,General & Acute,527.1195652173913,509.82608695652175,96.71924940715539
2025-26,Q2,September,Y60,RNS,NORTHAMPTON GENERAL HOSPITAL NHS TRUST,General & Acute,696.945652173913,626.4673913043479,89.88755283145403
2025-26,Q2,September,Y60,RP1,NORTHAMPTONSHIRE HEALTHCARE NHS FOUNDATION TRUST,General & Acute,197.0,119.54347826086956,60.68196866033988
2025-26,Q2,September,Y60,RRE,MIDLANDS PARTNERSHIP UNIVERSITY NHS FOUNDATION TRUST,General & Acute,140.0,133.70652173913044,95.50465838509317
2025-26,Q2,September,Y60,RRJ,THE ROYAL ORTHOPAEDIC HOSPITAL NHS FOUNDATION TRUST,General & Acute,97.41304347826087,70.26086956521739,72.1267574202187
2025-26,Q2,September,Y60,RRK,UNIVERSITY HOSPITALS BIRMINGHAM NHS FOUNDATION TRUST,General & Acute,2725.4347826086955,2672.1739130434785,98.04578447794529
2025-26,Q2,September,Y60,RTG,UNIVERSITY HOSPITALS OF DERBY AND BURTON NHS FOUNDATION TRUST,General & Acute,1430.304347826087,1317.6304347826087,92.12238198011977
2025-26,Q2,September,Y60,RWD,UNITED LINCOLNSHIRE TEACHING HOSPITALS NHS TRUST,General & Acute,983.5,820.3913043478261,83.41548595300723
2025-26,Q2,September,Y60,RWE,UNIVERSITY HOSPITALS OF LEICESTER NHS TRUST,General & Acute,1723.8260869565217,1573.8152173913043,91.29779560129136
2025-26,Q2,September,Y60,RWP,WORCESTERSHIRE ACUTE HOSPITALS NHS TRUST,General & Acute,883.8478260869565,801.2826086956521,90.65843520181026
2025-26,Q2,September,Y60,RX1,NOTTINGHAM UNIVERSITY HOSPITALS NHS TRUST,General & Acute,1662.7391304347825,1456.0,87.56635201213294
2025-26,Q2,September,Y60,RXK,SANDWELL AND WEST BIRMINGHAM HOSPITALS NHS TRUST,General & Acute,564.6739130434783,499.2608695652174,88.41578440808469
2025-26,Q2,September,Y60,RXW,THE SHREWSBURY AND TELFORD HOSPITAL NHS TRUST,General & Acute,776.554347826087,721.5434782608696,92.91603096174573
2025-26,Q2,September,Y60,RYW,BIRMINGHAM COMMUNITY HEALTHCARE NHS FOUNDATION TRUST,General & Acute,242.47826086956522,159.8804347826087,65.93598708983323
2025-26,Q2,September,Y61,RAJ,MID AND SOUTH ESSEX NHS FOUNDATION TRUST,General & Acute,1689.9130434782608,1626.5978260869565,96.2533446536997
2025-26,Q2,September,Y61,RC9,BEDFORDSHIRE HOSPITALS NHS FOUNDATION TRUST,General & Acute,1048.2065217391305,991.1847826086956,94.56006636594597
2025-26,Q2,September,Y61,RCX,"THE QUEEN ELIZABETH HOSPITAL, KING'S LYNN, NHS FOUNDATION TRUST",General & Acute,506.0326086956522,480.82608695652175,95.01879497368704
2025-26,Q2,September,Y61,RD8,MILTON KEYNES UNIVERSITY HOSPITAL NHS FOUNDATION TRUST,General & Acute,544.0,458.60869565217394,84.30306905370844
2025-26,Q2,September,Y61,RDE,EAST SUFFOLK AND NORTH ESSEX NHS FOUNDATION TRUST,General & Acute,1206.4782608695652,1156.4021739130435,95.8493999783776
2025-26,Q2,September,Y61,RGM,ROYAL PAPWORTH HOSPITAL NHS FOUNDATION TRUST,General & Acute,235.3913043478261,178.2608695652174,75.72958995197637
2025-26,Q2,September,Y61,RGN,NORTH WEST ANGLIA NHS FOUNDATION TRUST,General & Acute,947.2717391304348,832.8913043478261,87.92527739847847
2025-26,Q2,September,Y61,RGP,JAMES PAGET UNIVERSITY HOSPITALS NHS FOUNDATION TRUST,General & Acute,422.0,350.9130434782609,83.1547496393983
2025-26,Q2,September,Y61,RGR,WEST SUFFOLK NHS FOUNDATION TRUST,General & Acute,449.32608695652175,399.9347826086956,89.00769267985872
2025-26,Q2,September,Y61,RGT,CAMBRIDGE UNIVERSITY HOSPITALS NHS FOUNDATION TRUST,General & Acute,1042.3804347826087,954.9347826086956,91.61096570350054
2025-26,Q2,September,Y61,RM1,NORFOLK AND NORWICH UNIVERSITY HOSPITALS NHS FOUNDATION TRUST,General & Acute,916.3695652173913,884.4673913043479,96.51863449813774
2025-26,Q2,September,Y61,RQW,THE PRINCESS ALEXANDRA HOSPITAL NHS TRUST,General & Acute,451.0,426.05434782608694,94.46881326520776
2025-26,Q2,September,Y61,RT1,CAMBRIDGESHIRE AND PETERBOROUGH NHS FOUNDATION TRUST,General & Acute,100.40217391304348,74.65217391304348,74.35314496048501
2025-26,Q2,September,Y61,RWG,WEST HERTFORDSHIRE TEACHING HOSPITALS NHS TRUST,General & Acute,663.0,504.9782608695652,76.16565020657092
2025-26,Q2,September,Y61,RWH,EAST AND NORTH HERTFORDSHIRE TEACHING NHS TRUST,General & Acute,573.7717391304348,484.30434782608694,84.40714569875158
2025-26,Q2,September,Y61,RY3,NORFOLK COMMUNITY HEALTH AND CARE NHS TRUST,General & Acute,75.15217391304348,72.07608695652173,95.90685565519235
2025-26,Q2,September,Y62,R0A,MANCHESTER UNIVERSITY NHS FOUNDATION TRUST,General & Acute,2110.445652173913,1846.0652173913043,87.47276744557352
2025-26,Q2,September,Y62,RBL,WIRRAL UNIVERSITY TEACHING HOSPITAL NHS FOUNDATION TRUST,General & Acute,745.9782608695652,680.4347826086956,91.21375491767448
2025-26,Q2,September,Y62,RBN,MERSEY AND WEST LANCASHIRE TEACHING HOSPITALS NHS TRUST,General & Acute,1186.141304347826,1162.0652173913043,97.97021764032074
2025-26,Q2,September,Y62,RBQ,LIVERPOOL HEART AND CHEST HOSPITAL NHS FOUNDATION TRUST,General & Acute,184.95652173913044,145.2173913043478,78.514339445228
2025-26,Q2,September,Y62,RBS,ALDER HEY CHILDREN'S NHS FOUNDATION TRUST,General & Acute,203.0,146.05434782608697,71.94795459413152
2025-26,Q2,September,Y62,RBT,MID CHESHIRE HOSPITALS NHS FOUNDATION TRUST,General & Acute,492.0,462.10869565217394,93.92453163662073
2025-26,Q2,September,Y62,RBV,THE CHRISTIE NHS FOUNDATION TRUST,General & Acute,184.08695652173913,172.3804347826087,93.64076523382144
2025-26,Q2,September,Y62,REM,LIVERPOOL UNIVERSITY HOSPITALS NHS FOUNDATION TRUST,General & Acute,1506.4565217391305,1459.8695652173913,96.90751403379655
2025-26,Q2,September,Y62,REN,THE CLATTERBRIDGE CANCER CENTRE NHS FOUNDATION TRUST,General & Acute,95.0,82.57608695652173,86.92219679633867
2025-26,Q2,September,Y62,REP,LIVERPOOL WOMEN'S NHS FOUNDATION TRUST,General & Acute,22.445652173913043,13.217391304347826,58.88619854721549
2025-26,Q2,September,Y62,RET,THE WALTON CENTRE NHS FOUNDATION TRUST,General & Acute,158.0,123.53260869565217,78.18519537699504
2025-26,Q2,September,Y62,RJN,EAST CHESHIRE NHS TRUST,General & Acute,319.1630434782609,282.3369565217391,88.46166944794469
2025-26,Q2,September,Y62,RJR,COUNTESS OF CHESTER HOSPITAL NHS FOUNDATION TRUST,General & Acute,501.2826086956522,438.79347826086956,87.53415152435058
2025-26,Q2,September,Y62,RM3,NORTHERN CARE ALLIANCE NHS FOUNDATION TRUST,General & Acute,1514.5760869565217,1412.9565217391305,93.29056056724153
2025-26,Q2,September,Y62,RMC,BOLTON NHS FOUNDATION TRUST,General & Acute,575.8695652173913,493.17391304347825,85.63986409966026
2025-26,Q2,September,Y62,RMP,TAMESIDE AND GLOSSOP INTEGRATED CARE NHS FOUNDATION TRUST,General & Acute,458.3152173913044,421.1630434782609,91.893750741136
2025-26,Q2,September,Y62,RRF,"WRIGHTINGTON, WIGAN AND LEIGH NHS FOUNDATION TRUST",General & Acute,532.4782608695652,471.3369565217391,88.51759614599494
2025-26,Q2,September,Y62,RTX,UNIVERSITY HOSPITALS OF MORECAMBE BAY NHS FOUNDATION TRUST,General & Acute,591.695652173913,528.2826086956521,89.28282754059813
2025-26,Q2,September,Y62,RWJ,STOCKPORT NHS FOUNDATION TRUST,General & Acute,632.8695652173913,570.1413043478261,90.08827974718331
2025-26,Q2,September,Y62,RWW,WARRINGTON AND HALTON TEACHING HOSPITALS NHS FOUNDATION TRUST,General & Acute,558.8913043478261,520.5217391304348,93.13469991053715
2025-26,Q2,September,Y62,RXL,BLACKPOOL TEACHING HOSPITALS NHS FOUNDATION TRUST,General & Acute,738.0,708.7717391304348,96.03953104748439
2025-26,Q2,September,Y62,RXN,LANCASHIRE TEACHING HOSPITALS NHS FOUNDATION TRUST,General & Acute,799.0760869565217,777.4239130434783,97.29034890838604
2025-26,Q2,September,Y62,RXR,EAST LANCASHIRE HOSPITALS NHS TRUST,General & Acute,929.2717391304348,868.0978260869565,93.41700490098604
2025-26,Q2,September,Y63,R0B,SOUTH TYNESIDE AND SUNDERLAND NHS FOUNDATION TRUST,General & Acute,1099.3260869565217,933.3695652173913,84.90379481500524
2025-26,Q2,September,Y63,RAE,BRADFORD TEACHING HOSPITALS NHS FOUNDATION TRUST,General & Acute,611.1086956521739,557.75,91.26854256340935
2025-26,Q2,September,Y63,RCB,YORK AND SCARBOROUGH TEACHING HOSPITALS NHS FOUNDATION TRUST,General & Acute,843.8478260869565,798.2173913043479,94.59257541798696
2025-26,Q2,September,Y63,RCD,HARROGATE AND DISTRICT NHS FOUNDATION TRUST,General & Acute,301.2391304347826,237.72826086956522,78.91679295662841
2025-26,Q2,September,Y63,RCF,AIREDALE NHS FOUNDATION TRUST,General & Acute,363.3152173913044,328.6847826086956,90.46821241585639
2025-26,Q2,September,Y63,RCU,SHEFFIELD CHILDREN'S NHS FOUNDATION TRUST,General & Acute,132.19565217391303,82.25,62.21838513402401
2025-26,Q2,September,Y63,RFF,BARNSLEY HOSPITAL NHS FOUNDATION TRUST,General & Acute,458.0,421.3478260869565,91.99734194038352
2025-26,Q2,September,Y63,RFR,THE ROTHERHAM NHS FOUNDATION TRUST,General & Acute,471.3369565217391,406.95652173913044,86.34088969859096
2025-26,Q2,September,Y63,RHQ,SHEFFIELD TEACHING HOSPITALS NHS FOUNDATION TRUST,General & Acute,1378.5869565217392,1268.8804347826087,92.04210360324844
2025-26,Q2,September,Y63,RJL,NORTHERN LINCOLNSHIRE AND GOOLE NHS FOUNDATION TRUST,General & Acute,599.9891304347826,501.5978260869565,83.60115219478614
2025-26,Q2,September,Y63,RNN,NORTH CUMBRIA INTEGRATED CARE NHS FOUNDATION TRUST,General & Acute,570.9891304347826,528.3260869565217,92.52822143115493
2025-26,Q2,September,Y63,RP5,DONCASTER AND BASSETLAW TEACHING HOSPITALS NHS FOUNDATION TRUST,General & Acute,728.3478260869565,679.554347826087,93.30079990448903
2025-26,Q2,September,Y63,RR7,GATESHEAD HEALTH NHS FOUNDATION TRUST,General & Acute,436.1521739130435,408.79347826086956,93.72725913372875
2025-26,Q2,September,Y63,RR8,LEEDS TEACHING HOSPITALS NHS TRUST,General & Acute,1711.3152173913043,1601.2173913043478,93.56647887145026
2025-26,Q2,September,Y63,RTD,THE NEWCASTLE UPON TYNE HOSPITALS NHS FOUNDATION TRUST,General & Acute,1464.891304347826,1196.2065217391305,81.65838094531425
2025-26,Q2,September,Y63,RTF,NORTHUMBRIA HEALTHCARE NHS FOUNDATION TRUST,General & Acute,834.6739130434783,720.0108695652174,86.26253418413856
2025-26,Q2,September,Y63,RTR,SOUTH TEES HOSPITALS NHS FOUNDATION TRUST,General & Acute,926.4565217391304,819.7065217391304,88.4776028345496
2025-26,Q2,September,Y63,RVW,NORTH TEES AND HARTLEPOOL NHS FOUNDATION TRUST,General & Acute,507.70652173913044,456.3369565217391,89.88203558200775
2025-26,Q2,September,Y63,RWA,HULL UNIVERSITY TEACHING HOSPITALS NHS TRUST,General & Acute,1136.0434782608695,1035.6521739130435,91.16307550996977
2025-26,Q2,September,Y63,RWY,CALDERDALE AND HUDDERSFIELD NHS FOUNDATION TRUST,General & Acute,737.1521739130435,630.2826086956521,85.50237400100268
2025-26,Q2,September,Y63,RX4,"CUMBRIA, NORTHUMBERLAND, TYNE AND WEAR NHS FOUNDATION TRUST",General & Acute,49.0,44.66304347826087,91.14906832298136
2025-26,Q2,September,Y63,RXE,ROTHERHAM DONCASTER AND SOUTH HUMBER NHS FOUNDATION TRUST,General & Acute,56.08695652173913,48.92391304347826,87.22868217054263
2025-26,Q2,September,Y63,RXF,MID YORKSHIRE TEACHING NHS TRUST,General & Acute,1059.8369565217392,935.7608695652174,88.29290805599712
2025-26,Q2,September,Y63,RXG,SOUTH WEST YORKSHIRE PARTNERSHIP NHS FOUNDATION TRUST,General & Acute,24.0,15.706521739130435,65.44384057971014
2025-26,Q2,September,Y63,RXP,COUNTY DURHAM AND DARLINGTON NHS FOUNDATION TRUST,General & Acute,919.9565217391304,854.945652173913,92.93326716763552
2025-26,Q2,September,Y59,RN5,HAMPSHIRE HOSPITALS NHS FOUNDATION TRUST,General & Acute,763.25,695.75,91.15623976416639
2025-26,Q2,September,Y60,RNA,THE DUDLEY GROUP NHS FOUNDATION TRUST,General & Acute,623.0652173913044,619.6521739130435,99.45221729876836
2025-26,Q2,September,Y60,RQ3,BIRMINGHAM WOMEN'S AND CHILDREN'S NHS FOUNDATION TRUST,General & Acute,260.9891304347826,206.1413043478261,78.98463204364667
2025-26,Q2,September,Y61,R1L,ESSEX PARTNERSHIP UNIVERSITY NHS FOUNDATION TRUST,General & Acute,87.0,69.6304347826087,80.03498250874563
2025-26,Q2,September,Y63,RY6,LEEDS COMMUNITY HEALTHCARE NHS TRUST,General & Acute,45.51086956521739,28.282608695652176,62.144733699546215
2025-26,Q3,December,Y62,R0A,MANCHESTER UNIVERSITY NHS FOUNDATION TRUST,General & Acute,2066.771739130435,1842.0326086956522,89.12607879332923
2025-26,Q3,December,Y63,R0B,SOUTH TYNESIDE AND SUNDERLAND NHS FOUNDATION TRUST,General & Acute,1110.9347826086957,965.6847826086956,86.92542512181281
2025-26,Q3,December,Y58,R0D,UNIVERSITY HOSPITALS DORSET NHS FOUNDATION TRUST,General & Acute,1057.695652173913,968.9891304347826,91.61322810046451
2025-26,Q3,December,Y60,R1A,HEREFORDSHIRE AND WORCESTERSHIRE HEALTH AND CARE NHS TRUST,General & Acute,39.0,35.90217391304348,92.05685618729098
2025-26,Q3,December,Y59,R1F,ISLE OF WIGHT NHS TRUST,General & Acute,274.3804347826087,262.7282608695652,95.75327813651309
2025-26,Q3,December,Y56,R1H,BARTS HEALTH NHS TRUST,General & Acute,1948.1304347826087,1814.7826086956522,93.15508737474055
2025-26,Q3,December,Y56,R1K,LONDON NORTH WEST UNIVERSITY HEALTHCARE NHS TRUST,General & Acute,1024.7282608695652,996.7282608695652,97.26756828427473
2025-26,Q3,December,Y61,R1L,ESSEX PARTNERSHIP UNIVERSITY NHS FOUNDATION TRUST,General & Acute,87.0,69.3695652173913,79.7351324337831
2025-26,Q3,December,Y59,RA2,ROYAL SURREY NHS FOUNDATION TRUST,General & Acute,476.0,435.79347826086956,91.5532517354768
2025-26,Q3,December,Y58,RA7,UNIVERSITY HOSPITALS BRISTOL AND WESTON NHS FOUNDATION TRUST,General & Acute,1022.3586956521739,947.5760869565217,92.68528658154098
2025-26,Q3,December,Y58,RA9,TORBAY AND SOUTH DEVON NHS FOUNDATION TRUST,General & Acute,386.85869565217394,365.8152173913044,94.56042257874182
2025-26,Q3,December,Y63,RAE,BRADFORD TEACHING HOSPITALS NHS FOUNDATION TRUST,General & Acute,611.1086956521739,544.5217391304348,89.10390950161859
2025-26,Q3,December,Y61,RAJ,MID AND SOUTH ESSEX NHS FOUNDATION TRUST,General & Acute,1692.8152173913043,1636.7065217391305,96.68548019442787
2025-26,Q3,December,Y56,RAL,ROYAL FREE LONDON NHS FOUNDATION TRUST,General & Acute,1417.7065217391305,1377.2065217391305,97.14327335178527
2025-26,Q3,December,Y56,RAN,ROYAL NATIONAL ORTHOPAEDIC HOSPITAL NHS TRUST,General & Acute,145.0,108.65217391304348,74.93253373313344
2025-26,Q3,December,Y56,RAS,THE HILLINGDON HOSPITALS NHS FOUNDATION TRUST,General & Acute,393.60869565217394,362.4782608695652,92.09101955152987
2025-26,Q3,December,Y56,RAT,NORTH EAST LONDON NHS FOUNDATION TRUST,General & Acute,167.05434782608697,142.18478260869566,85.11288958292667
2025-26,Q3,December,Y56,RAX,KINGSTON AND RICHMOND NHS FOUNDATION TRUST,General & Acute,365.1630434782609,337.1195652173913,92.32028575680906
2025-26,Q3,December,Y58,RBD,DORSET COUNTY HOSPITAL NHS FOUNDATION TRUST,General & Acute,325.4782608695652,305.19565217391306,93.76836761955651
2025-26,Q3,December,Y60,RBK,WALSALL HEALTHCARE NHS TRUST,General & Acute,493.95652173913044,440.7391304347826,89.22630050171641
2025-26,Q3,December,Y62,RBL,WIRRAL UNIVERSITY TEACHING HOSPITAL NHS FOUNDATION TRUST,General & Acute,752.2173913043479,683.0108695652174,90.79966475926247
2025-26,Q3,December,Y62,RBN,MERSEY AND WEST LANCASHIRE TEACHING HOSPITALS NHS TRUST,General & Acute,1195.3804347826087,1164.4239130434783,97.41032052739259
2025-26,Q3,December,Y62,RBQ,LIVERPOOL HEART AND CHEST HOSPITAL NHS FOUNDATION TRUST,General & Acute,182.8804347826087,151.6195652173913,82.90638930163448
2025-26,Q3,December,Y62,RBS,ALDER HEY CHILDREN'S NHS FOUNDATION TRUST,General & Acute,203.0,139.58695652173913,68.76204754765473
2025-26,Q3,December,Y62,RBT,MID CHESHIRE HOSPITALS NHS FOUNDATION TRUST,General & Acute,495.4130434782609,469.42391304347825,94.75404800561674
2025-26,Q3,December,Y62,RBV,THE CHRISTIE NHS FOUNDATION TRUST,General & Acute,183.75,169.33695652173913,92.15616681455191
2025-26,Q3,December,Y61,RC9,BEDFORDSHIRE HOSPITALS NHS FOUNDATION TRUST,General & Acute,1070.945652173913,1019.695652173913,95.21450972829783
2025-26,Q3,December,Y63,RCB,YORK AND SCARBOROUGH TEACHING HOSPITALS NHS FOUNDATION TRUST,General & Acute,825.3913043478261,819.4782608695652,99.28360724820902
2025-26,Q3,December,Y63,RCD,HARROGATE AND DISTRICT NHS FOUNDATION TRUST,General & Acute,296.2826086956522,267.04347826086956,90.1313375889647
2025-26,Q3,December,Y63,RCF,AIREDALE NHS FOUNDATION TRUST,General & Acute,375.39130434782606,343.5,91.5045170257123
2025-26,Q3,December,Y63,RCU,SHEFFIELD CHILDREN'S NHS FOUNDATION TRUST,General & Acute,139.22826086956522,97.70652173913044,70.17721914279022
2025-26,Q3,December,Y61,RCX,"THE QUEEN ELIZABETH HOSPITAL, KING'S LYNN, NHS FOUNDATION TRUST",General & Acute,478.5326086956522,474.1630434782609,99.08688245315162
2025-26,Q3,December,Y58,RD1,ROYAL UNITED HOSPITALS BATH NHS FOUNDATION TRUST,General & Acute,516.9673913043479,509.79347826086956,98.61230840394441
2025-26,Q3,December,Y61,RD8,MILTON KEYNES UNIVERSITY HOSPITAL NHS FOUNDATION TRUST,General & Acute,544.0,461.60869565217394,84.85453964194375
2025-26,Q3,December,Y61,RDE,EAST SUFFOLK AND NORTH ESSEX NHS FOUNDATION TRUST,General & Acute,1206.4782608695652,1156.4021739130435,95.8493999783776
2025-26,Q3,December,Y59,RDU,FRIMLEY HEALTH NHS FOUNDATION TRUST,General & Acute,1352.4130434782608,1200.4021739130435,88.76002636189743
2025-26,Q3,December,Y58,REF,ROYAL CORNWALL HOSPITALS NHS TRUST,General & Acute,653.1086956521739,646.5869565217391,99.00143128182938
2025-26,Q3,December,Y62,REM,LIVERPOOL UNIVERSITY HOSPITALS NHS FOUNDATION TRUST,General & Acute,1529.7608695652175,1455.5869565217392,95.15127399849365
2025-26,Q3,December,Y62,REN,THE CLATTERBRIDGE CANCER CENTRE NHS FOUNDATION TRUST,General & Acute,95.0,83.29347826086956,87.67734553775743
2025-26,Q3,December,Y62,REP,LIVERPOOL WOMEN'S NHS FOUNDATION TRUST,General & Acute,22.5,13.630434782608695,60.57971014492753
2025-26,Q3,December,Y62,RET,THE WALTON CENTRE NHS FOUNDATION TRUST,General & Acute,158.0,116.21739130434783,73.55531095211887
2025-26,Q3,December,Y56,RF4,"BARKING, HAVERING AND REDBRIDGE UNIVERSITY HOSPITALS NHS TRUST",General & Acute,937.0,823.9021739130435,87.92979444109322
2025-26,Q3,December,Y63,RFF,BARNSLEY HOSPITAL NHS FOUNDATION TRUST,General & Acute,458.0,428.9130434782609,93.64913613062464
2025-26,Q3,December,Y63,RFR,THE ROTHERHAM NHS FOUNDATION TRUST,General & Acute,456.95652173913044,412.6195652173913,90.29733587059943
2025-26,Q3,December,Y60,RFS,CHESTERFIELD ROYAL HOSPITAL NHS FOUNDATION TRUST,General & Acute,532.3369565217391,481.6521739130435,90.4788157223073
2025-26,Q3,December,Y61,RGM,ROYAL PAPWORTH HOSPITAL NHS FOUNDATION TRUST,General & Acute,242.8913043478261,181.4673913043478,74.71135773740266
2025-26,Q3,December,Y61,RGN,NORTH WEST ANGLIA NHS FOUNDATION TRUST,General & Acute,973.695652173913,853.4782608695652,87.65349408350079
2025-26,Q3,December,Y61,RGP,JAMES PAGET UNIVERSITY HOSPITALS NHS FOUNDATION TRUST,General & Acute,422.0,336.6521739130435,79.77539666185865
2025-26,Q3,December,Y61,RGR,WEST SUFFOLK NHS FOUNDATION TRUST,General & Acute,461.1847826086956,414.4130434782609,89.85835159914211
2025-26,Q3,December,Y61,RGT,CAMBRIDGE UNIVERSITY HOSPITALS NHS FOUNDATION TRUST,General & Acute,1044.2826086956522,952.0326086956521,91.16618439952535
2025-26,Q3,December,Y58,RH5,SOMERSET NHS FOUNDATION TRUST,General & Acute,1122.141304347826,986.2173913043479,87.8870947431638
2025-26,Q3,December,Y58,RH8,ROYAL DEVON UNIVERSITY HEALTHCARE NHS FOUNDATION TRUST,General & Acute,1100.9021739130435,1030.2391304347825,93.58135126329195
2025-26,Q3,December,Y60,RHA,NOTTINGHAMSHIRE HEALTHCARE NHS FOUNDATION TRUST,General & Acute,11.869565217391305,9.380434782608695,79.02930402930403
2025-26,Q3,December,Y59,RHM,UNIVERSITY HOSPITAL SOUTHAMPTON NHS FOUNDATION TRUST,General & Acute,1216.6847826086957,1129.8695652173913,92.86460892482243
2025-26,Q3,December,Y63,RHQ,SHEFFIELD TEACHING HOSPITALS NHS FOUNDATION TRUST,General & Acute,1515.0326086956522,1382.0108695652175,91.2198761685428
2025-26,Q3,December,Y59,RHU,PORTSMOUTH HOSPITALS UNIVERSITY NHS TRUST,General & Acute,1106.2608695652175,1053.3152173913043,95.21399937116803
2025-26,Q3,December,Y59,RHW,ROYAL BERKSHIRE NHS FOUNDATION TRUST,General & Acute,575.5434782608696,549.8804347826087,95.54107648725211
2025-26,Q3,December,Y56,RJ1,GUY'S AND ST THOMAS' NHS FOUNDATION TRUST,General & Acute,1209.891304347826,1005.1630434782609,83.07878896774774
2025-26,Q3,December,Y56,RJ2,LEWISHAM AND GREENWICH NHS TRUST,General & Acute,963.4130434782609,896.2282608695652,93.02637813931449
2025-26,Q3,December,Y56,RJ6,CROYDON HEALTH SERVICES NHS TRUST,General & Acute,425.6521739130435,405.7717391304348,95.329417773238
2025-26,Q3,December,Y56,RJ7,ST GEORGE'S UNIVERSITY HOSPITALS NHS FOUNDATION TRUST,General & Acute,809.1086956521739,801.2717391304348,99.0314086891104
2025-26,Q3,December,Y58,RJ8,CORNWALL PARTNERSHIP NHS FOUNDATION TRUST,General & Acute,56.630434782608695,55.22826086956522,97.52399232245682
2025-26,Q3,December,Y60,RJC,SOUTH WARWICKSHIRE UNIVERSITY NHS FOUNDATION TRUST,General & Acute,442.9130434782609,397.07608695652175,89.65102581721803
2025-26,Q3,December,Y60,RJE,UNIVERSITY HOSPITALS OF NORTH MIDLANDS NHS TRUST,General & Acute,1359.804347826087,1237.9347826086957,91.03771322600758
2025-26,Q3,December,Y63,RJL,NORTHERN LINCOLNSHIRE AND GOOLE NHS FOUNDATION TRUST,General & Acute,541.4130434782609,485.19565217391306,89.61654286287894
2025-26,Q3,December,Y62,RJN,EAST CHESHIRE NHS TRUST,General & Acute,307.0,282.54347826086956,92.03370627389889
2025-26,Q3,December,Y62,RJR,COUNTESS OF CHESTER HOSPITAL NHS FOUNDATION TRUST,General & Acute,512.2934782608696,438.2826086956522,85.55303303558168
2025-26,Q3,December,Y56,RJZ,KING'S COLLEGE HOSPITAL NHS FOUNDATION TRUST,General & Acute,1357.0,1200.5978260869565,88.47441607125693
2025-26,Q3,December,Y60,RK5,SHERWOOD FOREST HOSPITALS NHS FOUNDATION TRUST,General & Acute,682.9239130434783,645.0,94.44683187699947
2025-26,Q3,December,Y58,RK9,UNIVERSITY HOSPITALS PLYMOUTH NHS TRUST,General & Acute,1058.358695652174,963.7934782608696,91.0649179923795
2025-26,Q3,December,Y60,RKB,UNIVERSITY HOSPITALS COVENTRY AND WARWICKSHIRE NHS TRUST,General & Acute,1072.195652173913,1041.554347826087,97.1421909531437
2025-26,Q3,December,Y56,RKE,WHITTINGTON HEALTH NHS TRUST,General & Acute,249.0326086956522,232.82608695652175,93.49220898258478
2025-26,Q3,December,Y56,RKL,WEST LONDON NHS TRUST,General & Acute,68.6195652173913,54.21739130434783,79.01156344051957
2025-26,Q3,December,Y60,RL1,THE ROBERT JONES AND AGNES HUNT ORTHOPAEDIC HOSPITAL NHS FOUNDATION TRUST,General & Acute,129.65217391304347,101.30434782608695,78.13547954393026
2025-26,Q3,December,Y60,RL4,THE ROYAL WOLVERHAMPTON NHS TRUST,General & Acute,801.8260869565217,764.8804347826087,95.39231102917255
2025-26,Q3,December,Y60,RLQ,WYE VALLEY NHS TRUST,General & Acute,296.3369565217391,284.4130434782609,95.9762315225764
2025-26,Q3,December,Y60,RLT,GEORGE ELIOT HOSPITAL NHS TRUST,General & Acute,392.29347826086956,389.4782608695652,99.28236956581972
2025-26,Q3,December,Y61,RM1,NORFOLK AND NORWICH UNIVERSITY HOSPITALS NHS FOUNDATION TRUST,General & Acute,906.8369565217391,863.7717391304348,95.25105179254216
2025-26,Q3,December,Y62,RM3,NORTHERN CARE ALLIANCE NHS FOUNDATION TRUST,General & Acute,1520.5978260869565,1418.0869565217392,93.25851531505774
2025-26,Q3,December,Y62,RMC,BOLTON NHS FOUNDATION TRUST,General & Acute,567.0760869565217,503.55434782608694,88.79837457591381
2025-26,Q3,December,Y62,RMP,TAMESIDE AND GLOSSOP INTEGRATED CARE NHS FOUNDATION TRUST,General & Acute,451.8152173913044,422.1304347826087,93.42988428320542
2025-26,Q3,December,Y58,RN3,GREAT WESTERN HOSPITALS NHS FOUNDATION TRUST,General & Acute,564.5652173913044,542.75,96.13592606854063
2025-26,Q3,December,Y59,RN5,HAMPSHIRE HOSPITALS NHS FOUNDATION TRUST,General & Acute,858.2608695652174,750.9565217391304,87.49746707193515
2025-26,Q3,December,Y59,RN7,DARTFORD AND GRAVESHAM NHS TRUST,General & Acute,539.8586956521739,505.42391304347825,93.6215193186623
2025-26,Q3,December,Y61,RNA,THE DUDLEY GROUP NHS FOUNDATION TRUST,General & Acute,632.7282608695652,601.3478260869565,95.0404562711515
2025-26,Q3,December,Y63,RNN,NORTH CUMBRIA INTEGRATED CARE NHS FOUNDATION TRUST,General & Acute,583.3913043478261,529.4239130434783,90.7493665225816
2025-26,Q3,December,Y60,RNQ,KETTERING GENERAL HOSPITAL NHS FOUNDATION TRUST,General & Acute,526.8152173913044,512.2826086956521,97.24142199847317
2025-26,Q3,December,Y60,RNS,NORTHAMPTON GENERAL HOSPITAL NHS TRUST,General & Acute,693.2065217391304,634.3369565217391,91.50764406115249
2025-26,Q3,December,Y59,RNU,OXFORD HEALTH NHS FOUNDATION TRUST,General & Acute,111.31521739130434,107.57608695652173,96.64095303193048
2025-26,Q3,December,Y58,RNZ,SALISBURY NHS FOUNDATION TRUST,General & Acute,443.0869565217391,425.4347826086956,96.01609263075262
2025-26,Q3,December,Y60,RP1,NORTHAMPTONSHIRE HEALTHCARE NHS FOUNDATION TRUST,General & Acute,210.3804347826087,177.8804347826087,84.551795401705
2025-26,Q3,December,Y56,RP4,GREAT ORMOND STREET HOSPITAL FOR CHILDREN NHS FOUNDATION TRUST,General & Acute,219.3913043478261,172.0108695652174,78.4036860879905
2025-26,Q3,December,Y63,RP5,DONCASTER AND BASSETLAW TEACHING HOSPITALS NHS FOUNDATION TRUST,General & Acute,735.5978260869565,681.0760869565217,92.58810491318803
2025-26,Q3,December,Y56,RP6,MOORFIELDS EYE HOSPITAL NHS FOUNDATION TRUST,General & Acute,9.565217391304348,2.8043478260869565,29.31818181818182
2025-26,Q3,December,Y59,RPA,MEDWAY NHS FOUNDATION TRUST,General & Acute,613.7391304347826,511.39130434782606,83.32388778690847
2025-26,Q3,December,Y59,RPC,QUEEN VICTORIA HOSPITAL NHS FOUNDATION TRUST,General & Acute,50.90217391304348,27.184782608695652,53.405936365577624
2025-26,Q3,December,Y56,RPY,THE ROYAL MARSDEN NHS FOUNDATION TRUST,General & Acute,201.7608695652174,174.25,86.36461588190927
2025-26,Q3,December,Y61,RQ3,BIRMINGHAM WOMEN'S AND CHILDREN'S NHS FOUNDATION TRUST,General & Acute,252.0326086956522,222.29347826086956,88.20028464225643
2025-26,Q3,December,Y56,RQM,CHELSEA AND WESTMINSTER HOSPITAL NHS FOUNDATION TRUST,General & Acute,780.5869565217391,759.554347826087,97.30553930988387
2025-26,Q3,December,Y61,RQW,THE PRINCESS ALEXANDRA HOSPITAL NHS TRUST,General & Acute,451.0,429.3804347826087,95.20630482984672
2025-26,Q3,December,Y56,RQX,HOMERTON HEALTHCARE NHS FOUNDATION TRUST,General & Acute,275.54347826086956,242.79347826086956,88.11439842209073
2025-26,Q3,December,Y63,RR7,GATESHEAD HEALTH NHS FOUNDATION TRUST,General & Acute,450.14130434782606,428.7391304347826,95.24545432593631
2025-26,Q3,December,Y63,RR8,LEEDS TEACHING HOSPITALS NHS TRUST,General & Acute,1758.9347826086957,1665.3804347826087,94.68119291567277
2025-26,Q3,December,Y60,RRE,MIDLANDS PARTNERSHIP UNIVERSITY NHS FOUNDATION TRUST,General & Acute,155.0,146.45652173913044,94.48807854137448
2025-26,Q3,December,Y62,RRF,"WRIGHTINGTON,  WIGAN AND LEIGH NHS FOUNDATION TRUST",General & Acute,704.5869565217391,501.6521739130435,71.1980500447379
2025-26,Q3,December,Y60,RRJ,THE ROYAL ORTHOPAEDIC HOSPITAL NHS FOUNDATION TRUST,General & Acute,106.80434782608695,78.67391304347827,73.6617138204763
2025-26,Q3,December,Y60,RRK,UNIVERSITY HOSPITALS BIRMINGHAM NHS FOUNDATION TRUST,General & Acute,2769.0,2675.1304347826085,96.609983199083
2025-26,Q3,December,Y56,RRV,UNIVERSITY COLLEGE LONDON HOSPITALS NHS FOUNDATION TRUST,General & Acute,852.5434782608696,672.3586956521739,78.86503302139377
2025-26,Q3,December,Y61,RT1,CAMBRIDGESHIRE AND PETERBOROUGH NHS FOUNDATION TRUST,General & Acute,100.6304347826087,83.8586956521739,83.33333333333333
2025-26,Q3,December,Y63,RTD,THE NEWCASTLE UPON TYNE HOSPITALS NHS FOUNDATION TRUST,General & Acute,1457.5217391304348,1213.7065217391305,83.2719327029204
2025-26,Q3,December,Y58,RTE,GLOUCESTERSHIRE HOSPITALS NHS FOUNDATION TRUST,General & Acute,833.8369565217391,805.3478260869565,96.58336918123395
2025-26,Q3,December,Y63,RTF,NORTHUMBRIA HEALTHCARE NHS FOUNDATION TRUST,General & Acute,856.7173913043479,766.3804347826087,89.45545433784162
2025-26,Q3,December,Y60,RTG,UNIVERSITY HOSPITALS OF DERBY AND BURTON NHS FOUNDATION TRUST,General & Acute,1453.0652173913043,1346.0760869565217,92.6370042339283
2025-26,Q3,December,Y59,RTH,OXFORD UNIVERSITY HOSPITALS NHS FOUNDATION TRUST,General & Acute,1019.4565217391304,922.8913043478261,90.52777481607848
2025-26,Q3,December,Y59,RTK,ASHFORD AND ST PETER'S HOSPITALS NHS FOUNDATION TRUST,General & Acute,455.8478260869565,411.0326086956522,90.16882063999238
2025-26,Q3,December,Y59,RTP,SURREY AND SUSSEX HEALTHCARE NHS TRUST,General & Acute,669.1304347826087,625.804347826087,93.52501624431449
2025-26,Q3,December,Y63,RTR,SOUTH TEES HOSPITALS NHS FOUNDATION TRUST,General & Acute,942.1847826086956,833.4782608695652,88.4622927746565
2025-26,Q3,December,Y62,RTX,UNIVERSITY HOSPITALS OF MORECAMBE BAY NHS FOUNDATION TRUST,General & Acute,588.6086956521739,514.5760869565217,87.42244053774562
2025-26,Q3,December,Y56,RV3,CENTRAL AND NORTH WEST LONDON NHS FOUNDATION TRUST,General & Acute,73.96739130434783,69.48913043478261,93.94562821454812
2025-26,Q3,December,Y58,RVJ,NORTH BRISTOL NHS TRUST,General & Acute,947.6521739130435,921.0652173913044,97.19443934666911
2025-26,Q3,December,Y56,RVR,EPSOM AND ST HELIER UNIVERSITY HOSPITALS NHS TRUST,General & Acute,682.1304347826087,582.9021739130435,85.45318375932182
2025-26,Q3,December,Y59,RVV,EAST KENT HOSPITALS UNIVERSITY NHS FOUNDATION TRUST,General & Acute,1048.1304347826087,955.8913043478261,91.1996515534907
2025-26,Q3,December,Y63,RVW,NORTH TEES AND HARTLEPOOL NHS FOUNDATION TRUST,General & Acute,521.5760869565217,488.7391304347826,93.70428258830886
2025-26,Q3,December,Y59,RW1,HAMPSHIRE AND ISLE OF WIGHT HEALTHCARE NHS FOUNDATION TRUST,General & Acute,184.95652173913044,174.31521739130434,94.24659144334744
2025-26,Q3,December,Y63,RWA,HULL UNIVERSITY TEACHING HOSPITALS NHS TRUST,General & Acute,1114.0217391304348,1031.2065217391305,92.56610401014734
2025-26,Q3,December,Y60,RWD,UNITED LINCOLNSHIRE TEACHING HOSPITALS NHS TRUST,General & Acute,968.5,798.445652173913,82.44147157190636
2025-26,Q3,December,Y60,RWE,UNIVERSITY HOSPITALS OF LEICESTER NHS TRUST,General & Acute,1723.8260869565217,1584.891304347826,91.94032485875707
2025-26,Q3,December,Y59,RWF,MAIDSTONE AND TUNBRIDGE WELLS NHS TRUST,General & Acute,684.1195652173913,603.8369565217391,88.26482784918731
2025-26,Q3,December,Y61,RWG,WEST HERTFORDSHIRE TEACHING HOSPITALS NHS TRUST,General & Acute,663.0,516.7391304347826,77.9395370188209
2025-26,Q3,December,Y61,RWH,EAST AND NORTH HERTFORDSHIRE NHS TRUST,General & Acute,576.2173913043479,515.3478260869565,89.43635403304911
2025-26,Q3,December,Y62,RWJ,STOCKPORT NHS FOUNDATION TRUST,General & Acute,639.7065217391304,583.9673913043479,91.2867653305694
2025-26,Q3,December,Y56,RWK,EAST LONDON NHS FOUNDATION TRUST,General & Acute,39.0,36.82608695652174,94.4258639910814
2025-26,Q3,December,Y60,RWP,WORCESTERSHIRE ACUTE HOSPITALS NHS TRUST,General & Acute,887.0,814.3369565217391,91.80799960786236
2025-26,Q3,December,Y62,RWW,WARRINGTON AND HALTON TEACHING HOSPITALS NHS FOUNDATION TRUST,General & Acute,575.6195652173913,535.75,93.07362577185265
2025-26,Q3,December,Y59,RWX,BERKSHIRE HEALTHCARE NHS FOUNDATION TRUST,General & Acute,35.45652173913044,29.782608695652176,83.99754751686082
2025-26,Q3,December,Y63,RWY,CALDERDALE AND HUDDERSFIELD NHS FOUNDATION TRUST,General & Acute,757.7282608695652,654.7717391304348,86.41247435842261
2025-26,Q3,December,Y60,RX1,NOTTINGHAM UNIVERSITY HOSPITALS NHS TRUST,General & Acute,1635.054347826087,1437.9891304347825,87.9474821339538
2025-26,Q3,December,Y63,RX4,"CUMBRIA,  NORTHUMBERLAND,  TYNE AND WEAR NHS FOUNDATION TRUST",General & Acute,49.0,42.90217391304348,87.55545696539485
2025-26,Q3,December,Y59,RXC,EAST SUSSEX HEALTHCARE NHS TRUST,General & Acute,701.8478260869565,625.5869565217391,89.13427288214342
2025-26,Q3,December,Y63,RXE,ROTHERHAM DONCASTER AND SOUTH HUMBER NHS FOUNDATION TRUST,General & Acute,56.0,48.0,85.71428571428571
2025-26,Q3,December,Y63,RXF,MID YORKSHIRE TEACHING NHS TRUST,General & Acute,1078.0978260869565,973.6304347826087,90.31002671774966
2025-26,Q3,December,Y63,RXG,SOUTH WEST YORKSHIRE PARTNERSHIP NHS FOUNDATION TRUST,General & Acute,24.0,18.98913043478261,79.1213768115942
2025-26,Q3,December,Y60,RXK,SANDWELL AND WEST BIRMINGHAM HOSPITALS NHS TRUST,General & Acute,571.2391304347826,494.3695652173913,86.54336491989191
2025-26,Q3,December,Y62,RXL,BLACKPOOL TEACHING HOSPITALS NHS FOUNDATION TRUST,General & Acute,738.0,707.4891304347826,95.86573583127137
2025-26,Q3,December,Y62,RXN,LANCASHIRE TEACHING HOSPITALS NHS FOUNDATION TRUST,General & Acute,790.445652173913,782.4239130434783,98.98516247026306
2025-26,Q3,December,Y63,RXP,COUNTY DURHAM AND DARLINGTON NHS FOUNDATION TRUST,General & Acute,942.6739130434783,900.7608695652174,95.55381315868367
2025-26,Q3,December,Y59,RXQ,BUCKINGHAMSHIRE HEALTHCARE NHS TRUST,General & Acute,493.0,491.32608695652175,99.6604638857042
2025-26,Q3,December,Y62,RXR,EAST LANCASHIRE HOSPITALS NHS TRUST,General & Acute,908.6521739130435,859.3804347826087,94.57749174601656
2025-26,Q3,December,Y60,RXW,THE SHREWSBURY AND TELFORD HOSPITAL NHS TRUST,General & Acute,779.7934782608696,713.0,91.43446564725888
2025-26,Q3,December,Y61,RY3,NORFOLK COMMUNITY HEALTH AND CARE NHS TRUST,General & Acute,75.31521739130434,68.40217391304348,90.82118631837207
2025-26,Q3,December,Y63,RY6,LEEDS COMMUNITY HEALTHCARE NHS TRUST,General & Acute,75.05434782608695,33.27173913043478,44.330195510499635
2025-26,Q3,December,Y56,RYJ,IMPERIAL COLLEGE HEALTHCARE NHS TRUST,General & Acute,1038.6739130434783,982.1630434782609,94.55932522656397
2025-26,Q3,December,Y59,RYR,UNIVERSITY HOSPITALS SUSSEX NHS FOUNDATION TRUST,General & Acute,1823.0,1693.3804347826087,92.88976603305589
2025-26,Q3,December,Y60,RYW,BIRMINGHAM COMMUNITY HEALTHCARE NHS FOUNDATION TRUST,General & Acute,252.18478260869566,176.82608695652175,70.11766734192491
2025-26,Q4,March,Y62,R0A,MANCHESTER UNIVERSITY NHS FOUNDATION TRUST,General & Acute,2067.0666666666666,1865.0,90.22447268270658
2025-26,Q4,March,Y63,R0B,SOUTH TYNESIDE AND SUNDERLAND NHS FOUNDATION TRUST,General & Acute,1121.3777777777777,986.1222222222223,87.93844873370061
2025-26,Q4,March,Y58,R0D,UNIVERSITY HOSPITALS DORSET NHS FOUNDATION TRUST,General & Acute,1062.9777777777779,1000.7111111111111,94.14224191997323
2025-26,Q4,March,Y60,R1A,WORCESTERSHIRE HEALTH AND CARE NHS TRUST,General & Acute,39.0,35.82222222222222,91.85185185185185
2025-26,Q4,March,Y59,R1F,ISLE OF WIGHT NHS TRUST,General & Acute,283.84444444444443,273.5444444444444,96.3712518593909
2025-26,Q4,March,Y56,R1H,BARTS HEALTH NHS TRUST,General & Acute,2010.2333333333333,1788.588888888889,88.97419315612892
2025-26,Q4,March,Y56,R1K,LONDON NORTH WEST UNIVERSITY HEALTHCARE NHS TRUST,General & Acute,1035.1888888888889,1005.2333333333333,97.10627153391222
2025-26,Q4,March,Y61,R1L,ESSEX PARTNERSHIP UNIVERSITY NHS FOUNDATION TRUST,General & Acute,87.0,78.37777777777778,90.08939974457216
2025-26,Q4,March,Y59,RA2,ROYAL SURREY COUNTY HOSPITAL NHS FOUNDATION TRUST,General & Acute,476.0,452.0,94.9579831932773
2025-26,Q4,March,Y58,RA7,UNIVERSITY HOSPITALS BRISTOL AND WESTON NHS FOUNDATION TRUST,General & Acute,1021.9777777777778,960.5222222222222,93.9866054926178
2025-26,Q4,March,Y58,RA9,TORBAY AND SOUTH DEVON NHS FOUNDATION TRUST,General & Acute,385.74444444444447,369.1777777777778,95.70527407322061
2025-26,Q4,March,Y63,RAE,BRADFORD TEACHING HOSPITALS NHS FOUNDATION TRUST,General & Acute,616.8111111111111,582.0333333333333,94.36168104768252
2025-26,Q4,March,Y61,RAJ,MID AND SOUTH ESSEX NHS FOUNDATION TRUST,General & Acute,1701.1333333333334,1684.2444444444445,99.00719781583518
2025-26,Q4,March,Y56,RAL,ROYAL FREE LONDON NHS FOUNDATION TRUST,General & Acute,1410.0444444444445,1390.6444444444444,98.6241568429679
2025-26,Q4,March,Y56,RAN,ROYAL NATIONAL ORTHOPAEDIC HOSPITAL NHS TRUST,General & Acute,175.0222222222222,113.67777777777778,64.95048247841544
2025-26,Q4,March,Y56,RAS,THE HILLINGDON HOSPITALS NHS FOUNDATION TRUST,General & Acute,397.7,372.65555555555557,93.70267929483418
2025-26,Q4,March,Y56,RAT,NORTH EAST LONDON NHS FOUNDATION TRUST,General & Acute,159.96666666666667,145.4,90.89393623671599
2025-26,Q4,March,Y56,RAX,KINGSTON HOSPITAL NHS FOUNDATION TRUST,General & Acute,400.94444444444446,371.03333333333336,92.53983649715948
2025-26,Q4,March,Y58,RBD,DORSET COUNTY HOSPITAL NHS FOUNDATION TRUST,General & Acute,333.03333333333336,319.47777777777776,95.92967003636605
2025-26,Q4,March,Y60,RBK,WALSALL HEALTHCARE NHS TRUST,General & Acute,478.46666666666664,443.27777777777777,92.64548790116577
2025-26,Q4,March,Y62,RBL,WIRRAL UNIVERSITY TEACHING HOSPITAL NHS FOUNDATION TRUST,General & Acute,785.0888888888888,724.3,92.25706926321152
2025-26,Q4,March,Y62,RBN,ST HELENS AND KNOWSLEY HOSPITAL SERVICES NHS TRUST,General & Acute,1198.7888888888888,1165.6777777777777,97.23795311935194
2025-26,Q4,March,Y62,RBQ,LIVERPOOL HEART AND CHEST HOSPITAL NHS FOUNDATION TRUST,General & Acute,173.37777777777777,137.32222222222222,79.2040502435273
2025-26,Q4,March,Y62,RBS,ALDER HEY CHILDREN'S NHS FOUNDATION TRUST,General & Acute,203.0,151.95555555555555,74.85495347564313
2025-26,Q4,March,Y62,RBT,MID CHESHIRE HOSPITALS NHS FOUNDATION TRUST,General & Acute,532.1,497.85555555555555,93.56428407358683
2025-26,Q4,March,Y62,RBV,THE CHRISTIE NHS FOUNDATION TRUST,General & Acute,187.05555555555554,175.34444444444443,93.73923373923374
2025-26,Q4,March,Y61,RC9,BEDFORDSHIRE HOSPITALS NHS FOUNDATION TRUST,General & Acute,1075.8666666666666,1041.4666666666667,96.80257776676169
2025-26,Q4,March,Y63,RCB,YORK TEACHING HOSPITAL NHS FOUNDATION TRUST,General & Acute,838.8,831.1555555555556,99.08864515445346
2025-26,Q4,March,Y63,RCD,HARROGATE AND DISTRICT NHS FOUNDATION TRUST,General & Acute,285.02222222222224,281.81111111111113,98.87338219242164
2025-26,Q4,March,Y63,RCF,AIREDALE NHS FOUNDATION TRUST,General & Acute,380.2111111111111,359.14444444444445,94.45921856278676
2025-26,Q4,March,Y63,RCU,SHEFFIELD CHILDREN'S NHS FOUNDATION TRUST,General & Acute,140.32222222222222,97.38888888888889,69.40375326629187
2025-26,Q4,March,Y61,RCX,"THE QUEEN ELIZABETH HOSPITAL, KING'S LYNN, NHS FOUNDATION TRUST",General & Acute,489.56666666666666,487.47777777777776,99.57331880801615
2025-26,Q4,March,Y58,RD1,ROYAL UNITED HOSPITALS BATH NHS FOUNDATION TRUST,General & Acute,509.76666666666665,497.15555555555557,97.5261012663746
2025-26,Q4,March,Y61,RD8,MILTON KEYNES UNIVERSITY HOSPITAL NHS FOUNDATION TRUST,General & Acute,572.0,493.18888888888887,86.22183372183372
2025-26,Q4,March,Y61,RDE,EAST SUFFOLK AND NORTH ESSEX NHS FOUNDATION TRUST,General & Acute,1233.2888888888888,1182.1,95.8493999783776
2025-26,Q4,March,Y59,RDU,FRIMLEY HEALTH NHS FOUNDATION TRUST,General & Acute,1389.5555555555557,1240.1555555555556,89.24836078682232
2025-26,Q4,March,Y58,REF,ROYAL CORNWALL HOSPITALS NHS TRUST,General & Acute,673.4222222222222,671.0444444444445,99.64691129883845
2025-26,Q4,March,Y62,REM,LIVERPOOL UNIVERSITY HOSPITALS NHS FOUNDATION TRUST,General & Acute,1533.6333333333334,1477.4222222222222,96.33477508023792
2025-26,Q4,March,Y62,REN,THE CLATTERBRIDGE CANCER CENTRE NHS FOUNDATION TRUST,General & Acute,95.0,86.3,90.84210526315789
2025-26,Q4,March,Y62,REP,LIVERPOOL WOMEN'S NHS FOUNDATION TRUST,General & Acute,22.355555555555554,14.055555555555555,62.8727634194831
2025-26,Q4,March,Y62,RET,THE WALTON CENTRE NHS FOUNDATION TRUST,General & Acute,158.0,129.83333333333334,82.17299578059072
2025-26,Q4,March,Y56,RF4,"BARKING, HAVERING AND REDBRIDGE UNIVERSITY HOSPITALS NHS TRUST",General & Acute,896.0,868.6444444444444,96.9469246031746
2025-26,Q4,March,Y63,RFF,BARNSLEY HOSPITAL NHS FOUNDATION TRUST,General & Acute,476.74444444444447,436.44444444444446,91.54683384995455
2025-26,Q4,March,Y63,RFR,THE ROTHERHAM NHS FOUNDATION TRUST,General & Acute,475.6333333333333,439.05555555555554,92.30966897937253
2025-26,Q4,March,Y60,RFS,CHESTERFIELD ROYAL HOSPITAL NHS FOUNDATION TRUST,General & Acute,555.1888888888889,506.5444444444444,91.23821722336743
2025-26,Q4,March,Y61,RGM,ROYAL PAPWORTH HOSPITAL NHS FOUNDATION TRUST,General & Acute,244.63333333333333,183.9777777777778,75.20552300495072
2025-26,Q4,March,Y61,RGN,NORTH WEST ANGLIA NHS FOUNDATION TRUST,General & Acute,999.7777777777778,879.5,87.96954878861969
2025-26,Q4,March,Y61,RGR,WEST SUFFOLK NHS FOUNDATION TRUST,General & Acute,485.84444444444443,448.03333333333336,92.21744499839913
2025-26,Q4,March,Y61,RGT,CAMBRIDGE UNIVERSITY HOSPITALS NHS FOUNDATION TRUST,General & Acute,1067.588888888889,952.8777777777777,89.25512317475514
2025-26,Q4,March,Y58,RH5,SOMERSET NHS FOUNDATION TRUST,General & Acute,1144.0666666666666,1015.1888888888889,88.73511644620554
2025-26,Q4,March,Y58,RH8,ROYAL DEVON AND EXETER NHS FOUNDATION TRUST,General & Acute,1100.6333333333334,1041.8333333333333,94.65762136951452
2025-26,Q4,March,Y60,RHA,NOTTINGHAMSHIRE HEALTHCARE NHS FOUNDATION TRUST,General & Acute,12.133333333333333,9.488888888888889,78.2051282051282
2025-26,Q4,March,Y59,RHM,UNIVERSITY HOSPITAL SOUTHAMPTON NHS FOUNDATION TRUST,General & Acute,1228.9333333333334,1045.7555555555555,85.094571624896
2025-26,Q4,March,Y63,RHQ,SHEFFIELD TEACHING HOSPITALS NHS FOUNDATION TRUST,General & Acute,1517.8,1374.9,90.58505731980499
2025-26,Q4,March,Y59,RHU,PORTSMOUTH HOSPITALS UNIVERSITY NATIONAL HEALTH SERVICE TRUST,General & Acute,1134.2666666666667,1070.9888888888888,94.42126092237764
2025-26,Q4,March,Y59,RHW,ROYAL BERKSHIRE NHS FOUNDATION TRUST,General & Acute,612.4111111111112,611.2,99.80223887366874
2025-26,Q4,March,Y56,RJ1,GUY'S AND ST THOMAS' NHS FOUNDATION TRUST,General & Acute,1216.9444444444443,1032.8111111111111,84.86920794339193
2025-26,Q4,March,Y56,RJ2,LEWISHAM AND GREENWICH NHS TRUST,General & Acute,984.9,928.6,94.28368362270282
2025-26,Q4,March,Y56,RJ6,CROYDON HEALTH SERVICES NHS TRUST,General & Acute,433.85555555555555,426.5111111111111,98.30716828437525
2025-26,Q4,March,Y56,RJ7,ST GEORGE'S UNIVERSITY HOSPITALS NHS FOUNDATION TRUST,General & Acute,826.0,813.6111111111111,98.50013451708367
2025-26,Q4,March,Y58,RJ8,CORNWALL PARTNERSHIP NHS FOUNDATION TRUST,General & Acute,57.333333333333336,56.31111111111111,98.21705426356588
2025-26,Q4,March,Y60,RJC,SOUTH WARWICKSHIRE NHS FOUNDATION TRUST,General & Acute,443.93333333333334,404.25555555555553,91.06222155478801
2025-26,Q4,March,Y60,RJE,UNIVERSITY HOSPITALS OF NORTH MIDLANDS NHS TRUST,General & Acute,1354.5,1261.611111111111,93.14220089413887
2025-26,Q4,March,Y63,RJL,NORTHERN LINCOLNSHIRE AND GOOLE NHS FOUNDATION TRUST,General & Acute,604.7,477.6222222222222,78.98498796464729
2025-26,Q4,March,Y62,RJN,EAST CHESHIRE NHS TRUST,General & Acute,307.0,281.5444444444444,91.70828809265291
2025-26,Q4,March,Y62,RJR,COUNTESS OF CHESTER HOSPITAL NHS FOUNDATION TRUST,General & Acute,519.7111111111111,516.2777777777778,99.33937657673067
2025-26,Q4,March,Y56,RJZ,KING'S COLLEGE HOSPITAL NHS FOUNDATION TRUST,General & Acute,1357.0,1232.0111111111112,90.78932285269795
2025-26,Q4,March,Y60,RK5,SHERWOOD FOREST HOSPITALS NHS FOUNDATION TRUST,General & Acute,712.8333333333334,668.7444444444444,93.81497934689423
2025-26,Q4,March,Y58,RK9,UNIVERSITY HOSPITALS PLYMOUTH NHS TRUST,General & Acute,1077.3444444444444,979.3777777777777,90.90665319045802
2025-26,Q4,March,Y60,RKB,UNIVERSITY HOSPITALS COVENTRY AND WARWICKSHIRE NHS TRUST,General & Acute,1075.388888888889,1060.388888888889,98.60515575760706
2025-26,Q4,March,Y56,RKE,WHITTINGTON HEALTH NHS TRUST,General & Acute,268.2111111111111,249.13333333333333,92.88702928870293
2025-26,Q4,March,Y56,RKL,WEST LONDON MENTAL HEALTH NHS TRUST,General & Acute,69.41111111111111,53.91111111111111,77.6692812550024
2025-26,Q4,March,Y60,RL1,THE ROBERT JONES AND AGNES HUNT ORTHOPAEDIC HOSPITAL NHS FOUNDATION TRUST,General & Acute,132.37777777777777,104.67777777777778,79.07503777068995
2025-26,Q4,March,Y60,RL4,THE ROYAL WOLVERHAMPTON NHS TRUST,General & Acute,822.0777777777778,778.6,94.71123305445552
2025-26,Q4,March,Y60,RLQ,WYE VALLEY NHS TRUST,General & Acute,298.24444444444447,283.43333333333334,95.03390209373369
2025-26,Q4,March,Y60,RLT,GEORGE ELIOT HOSPITAL NHS TRUST,General & Acute,404.1111111111111,397.46666666666664,98.35578773714599
2025-26,Q4,March,Y61,RM1,NORFOLK AND NORWICH UNIVERSITY HOSPITALS NHS FOUNDATION TRUST,General & Acute,915.5888888888888,902.6,98.58136232904143
2025-26,Q4,March,Y62,RM3,NORTHERN CARE ALLIANCE NHS FOUNDATION TRUST,General & Acute,1532.7444444444445,1430.4333333333334,93.32497263441756
2025-26,Q4,March,Y62,RMC,BOLTON NHS FOUNDATION TRUST,General & Acute,597.7888888888889,528.4888888888889,88.40727867511757
2025-26,Q4,March,Y62,RMP,TAMESIDE AND GLOSSOP INTEGRATED CARE NHS FOUNDATION TRUST,General & Acute,449.76666666666665,421.3888888888889,93.69055559672917
2025-26,Q4,March,Y58,RN3,GREAT WESTERN HOSPITALS NHS FOUNDATION TRUST,General & Acute,584.8777777777777,564.5666666666667,96.52728965215907
2025-26,Q4,March,Y59,RN5,HAMPSHIRE HOSPITALS NHS FOUNDATION TRUST,General & Acute,858.9555555555555,775.6111111111111,90.29700152640157
2025-26,Q4,March,Y59,RN7,DARTFORD AND GRAVESHAM NHS TRUST,General & Acute,556.1555555555556,523.4888888888889,94.12634354896711
2025-26,Q4,March,Y63,RNN,NORTH CUMBRIA INTEGRATED CARE NHS FOUNDATION TRUST,General & Acute,611.0333333333333,538.5777777777778,88.1421271798229
2025-26,Q4,March,Y60,RNQ,KETTERING GENERAL HOSPITAL NHS FOUNDATION TRUST,General & Acute,526.5222222222222,512.7222222222222,97.37902800346086
2025-26,Q4,March,Y60,RNS,NORTHAMPTON GENERAL HOSPITAL NHS TRUST,General & Acute,708.2444444444444,638.7555555555556,90.1885726836309
2025-26,Q4,March,Y59,RNU,OXFORD HEALTH NHS FOUNDATION TRUST,General & Acute,109.37777777777778,2.022222222222222,1.8488419341731004
2025-26,Q4,March,Y58,RNZ,SALISBURY NHS FOUNDATION TRUST,General & Acute,448.35555555555555,419.9,93.65335051546391
2025-26,Q4,March,Y60,RP1,NORTHAMPTONSHIRE HEALTHCARE NHS FOUNDATION TRUST,General & Acute,224.67777777777778,194.92222222222222,86.75634241629989
2025-26,Q4,March,Y56,RP4,GREAT ORMOND STREET HOSPITAL FOR CHILDREN NHS FOUNDATION TRUST,General & Acute,216.85555555555555,174.3111111111111,80.38120612799098
2025-26,Q4,March,Y63,RP5,DONCASTER AND BASSETLAW TEACHING HOSPITALS NHS FOUNDATION TRUST,General & Acute,754.7777777777778,722.8222222222222,95.76622994258794
2025-26,Q4,March,Y56,RP6,MOORFIELDS EYE HOSPITAL NHS FOUNDATION TRUST,General & Acute,9.88888888888889,2.7222222222222223,27.52808988764045
2025-26,Q4,March,Y59,RPA,MEDWAY NHS FOUNDATION TRUST,General & Acute,595.7444444444444,521.9333333333333,87.61027286121939
2025-26,Q4,March,Y59,RPC,QUEEN VICTORIA HOSPITAL NHS FOUNDATION TRUST,General & Acute,51.17777777777778,27.955555555555556,54.62440295267042
2025-26,Q4,March,Y56,RPY,THE ROYAL MARSDEN NHS FOUNDATION TRUST,General & Acute,214.2888888888889,189.2111111111111,88.2972104116976
2025-26,Q4,March,Y56,RQM,CHELSEA AND WESTMINSTER HOSPITAL NHS FOUNDATION TRUST,General & Acute,786.1666666666666,785.4555555555555,99.90954702847856
2025-26,Q4,March,Y61,RQW,THE PRINCESS ALEXANDRA HOSPITAL NHS TRUST,General & Acute,451.0,432.4,95.87583148558758
2025-26,Q4,March,Y56,RQX,HOMERTON UNIVERSITY HOSPITAL NHS FOUNDATION TRUST,General & Acute,279.3,247.75555555555556,88.70589171341051
2025-26,Q4,March,Y63,RR7,GATESHEAD HEALTH NHS FOUNDATION TRUST,General & Acute,449.74444444444447,435.7111111111111,96.87970946463423
2025-26,Q4,March,Y63,RR8,LEEDS TEACHING HOSPITALS NHS TRUST,General & Acute,1788.611111111111,1721.7222222222222,96.26028886473054
2025-26,Q4,March,Y60,RRE,MIDLANDS PARTNERSHIP NHS FOUNDATION TRUST,General & Acute,179.0,171.8,95.97765363128492
2025-26,Q4,March,Y62,RRF,"WRIGHTINGTON, WIGAN AND LEIGH NHS FOUNDATION TRUST",General & Acute,422.56666666666666,349.9,82.803502405932
2025-26,Q4,March,Y60,RRJ,THE ROYAL ORTHOPAEDIC HOSPITAL NHS FOUNDATION TRUST,General & Acute,107.8,80.43333333333334,74.6134817563389
2025-26,Q4,March,Y60,RRK,UNIVERSITY HOSPITALS BIRMINGHAM NHS FOUNDATION TRUST,General & Acute,2769.0,2682.3888888888887,96.87211588620038
2025-26,Q4,March,Y56,RRV,UNIVERSITY COLLEGE LONDON HOSPITALS NHS FOUNDATION TRUST,General & Acute,855.2777777777778,678.1222222222223,79.28678142253979
2025-26,Q4,March,Y61,RT1,CAMBRIDGESHIRE AND PETERBOROUGH NHS FOUNDATION TRUST,General & Acute,96.05555555555556,85.57777777777778,89.09196067090804
2025-26,Q4,March,Y63,RTD,THE NEWCASTLE UPON TYNE HOSPITALS NHS FOUNDATION TRUST,General & Acute,1454.7777777777778,1256.1333333333334,86.34537539143054
2025-26,Q4,March,Y58,RTE,GLOUCESTERSHIRE HOSPITALS NHS FOUNDATION TRUST,General & Acute,806.5222222222222,741.9666666666667,91.99581192224503
2025-26,Q4,March,Y63,RTF,NORTHUMBRIA HEALTHCARE NHS FOUNDATION TRUST,General & Acute,874.6666666666666,784.0333333333333,89.63795731707317
2025-26,Q4,March,Y60,RTG,UNIVERSITY HOSPITALS OF DERBY AND BURTON NHS FOUNDATION TRUST,General & Acute,1472.2111111111112,1393.8777777777777,94.67920512607641
2025-26,Q4,March,Y59,RTH,OXFORD UNIVERSITY HOSPITALS NHS FOUNDATION TRUST,General & Acute,1026.1333333333334,931.6333333333333,90.79067047817047
2025-26,Q4,March,Y59,RTK,ASHFORD AND ST PETER'S HOSPITALS NHS FOUNDATION TRUST,General & Acute,473.22222222222223,435.4555555555556,92.01925334585583
2025-26,Q4,March,Y59,RTP,SURREY AND SUSSEX HEALTHCARE NHS TRUST,General & Acute,660.1888888888889,616.9111111111112,93.44463705673462
2025-26,Q4,March,Y63,RTR,SOUTH TEES HOSPITALS NHS FOUNDATION TRUST,General & Acute,956.2333333333333,849.1666666666666,88.80329068916232
2025-26,Q4,March,Y56,RV3,CENTRAL AND NORTH WEST LONDON NHS FOUNDATION TRUST,General & Acute,73.35555555555555,68.4,93.24447137231144
2025-26,Q4,March,Y58,RVJ,NORTH BRISTOL NHS TRUST,General & Acute,993.2333333333333,958.9777777777778,96.55110693470259
2025-26,Q4,March,Y56,RVR,EPSOM AND ST HELIER UNIVERSITY HOSPITALS NHS TRUST,General & Acute,707.2555555555556,605.3888888888889,85.59690823684664
2025-26,Q4,March,Y59,RVV,EAST KENT HOSPITALS UNIVERSITY NHS FOUNDATION TRUST,General & Acute,1045.9888888888888,968.5444444444445,92.59605477007405
2025-26,Q4,March,Y63,RVW,NORTH TEES AND HARTLEPOOL NHS FOUNDATION TRUST,General & Acute,534.0444444444445,500.35555555555555,93.69174434087883
2025-26,Q4,March,Y59,RW1,SOUTHERN HEALTH NHS FOUNDATION TRUST,General & Acute,185.94444444444446,174.9777777777778,94.10218105766359
2025-26,Q4,March,Y63,RWA,HULL AND EAST YORKSHIRE HOSPITALS NHS TRUST,General & Acute,1123.8444444444444,1043.2444444444445,92.82818895458051
2025-26,Q4,March,Y60,RWD,UNITED LINCOLNSHIRE HOSPITALS NHS TRUST,General & Acute,990.0,793.4,80.14141414141413
2025-26,Q4,March,Y60,RWE,UNIVERSITY HOSPITALS OF LEICESTER NHS TRUST,General & Acute,1777.2333333333333,1714.3,96.45891554288501
2025-26,Q4,March,Y59,RWF,MAIDSTONE AND TUNBRIDGE WELLS NHS TRUST,General & Acute,693.7777777777778,614.1555555555556,88.52338244714926
2025-26,Q4,March,Y61,RWG,WEST HERTFORDSHIRE HOSPITALS NHS TRUST,General & Acute,663.0,516.0444444444445,77.83475783475784
2025-26,Q4,March,Y62,RWJ,STOCKPORT NHS FOUNDATION TRUST,General & Acute,622.7888888888889,578.1555555555556,92.83331251895596
2025-26,Q4,March,Y56,RWK,EAST LONDON NHS FOUNDATION TRUST,General & Acute,39.0,34.08888888888889,87.4074074074074
2025-26,Q4,March,Y60,RWP,WORCESTERSHIRE ACUTE HOSPITALS NHS TRUST,General & Acute,880.9333333333333,824.6444444444444,93.61031229504061
2025-26,Q4,March,Y62,RWW,WARRINGTON AND HALTON HOSPITALS NHS FOUNDATION TRUST,General & Acute,600.9222222222222,564.3,93.90566351718654
2025-26,Q4,March,Y59,RWX,BERKSHIRE HEALTHCARE NHS FOUNDATION TRUST,General & Acute,38.58888888888889,34.266666666666666,88.79930895479411
2025-26,Q4,March,Y63,RWY,CALDERDALE AND HUDDERSFIELD NHS FOUNDATION TRUST,General & Acute,761.4888888888889,671.8555555555556,88.22920010505734
2025-26,Q4,March,Y60,RX1,NOTTINGHAM UNIVERSITY HOSPITALS NHS TRUST,General & Acute,1674.4444444444443,1503.0444444444445,89.7637690776377
2025-26,Q4,March,Y63,RX4,"CUMBRIA, NORTHUMBERLAND, TYNE AND WEAR NHS FOUNDATION TRUST",General & Acute,49.0,42.77777777777778,87.3015873015873
2025-26,Q4,March,Y59,RXC,EAST SUSSEX HEALTHCARE NHS TRUST,General & Acute,702.7222222222222,639.8111111111111,91.0475136374417
2025-26,Q4,March,Y63,RXE,ROTHERHAM DONCASTER AND SOUTH HUMBER NHS FOUNDATION TRUST,General & Acute,56.0,51.6,92.14285714285715
2025-26,Q4,March,Y63,RXF,MID YORKSHIRE HOSPITALS NHS TRUST,General & Acute,1092.2222222222222,990.0111111111111,90.64191251271617
2025-26,Q4,March,Y63,RXG,SOUTH WEST YORKSHIRE PARTNERSHIP NHS FOUNDATION TRUST,General & Acute,24.0,22.455555555555556,93.56481481481481
2025-26,Q4,March,Y60,RXK,SANDWELL AND WEST BIRMINGHAM HOSPITALS NHS TRUST,General & Acute,563.2555555555556,518.0666666666667,91.97719606257274
2025-26,Q4,March,Y62,RXL,BLACKPOOL TEACHING HOSPITALS NHS FOUNDATION TRUST,General & Acute,738.0,722.7111111111111,97.92833483890394
2025-26,Q4,March,Y62,RXN,LANCASHIRE TEACHING HOSPITALS NHS FOUNDATION TRUST,General & Acute,818.6777777777778,814.5333333333333,99.49376365684503
2025-26,Q4,March,Y63,RXP,COUNTY DURHAM AND DARLINGTON NHS FOUNDATION TRUST,General & Acute,940.1222222222223,917.5555555555555,97.5996028885133
2025-26,Q4,March,Y59,RXQ,BUCKINGHAMSHIRE HEALTHCARE NHS TRUST,General & Acute,475.0,474.22222222222223,99.83625730994152
2025-26,Q4,March,Y62,RXR,EAST LANCASHIRE HOSPITALS NHS TRUST,General & Acute,895.2333333333333,871.6888888888889,97.37002147174542
2025-26,Q4,March,Y60,RXW,SHREWSBURY AND TELFORD HOSPITAL NHS TRUST,General & Acute,842.2,790.4555555555555,93.8560384179002
2025-26,Q4,March,Y61,RY3,EAST OF ENGLAND COMMUNITY HEALTH AND CARE NHS TRUST,General & Acute,76.13333333333334,71.17777777777778,93.49095154699357
2025-26,Q4,March,Y63,RY6,LEEDS COMMUNITY HEALTHCARE NHS TRUST,General & Acute,79.83333333333333,41.888888888888886,52.470424495476685
2025-26,Q4,March,Y56,RYJ,IMPERIAL COLLEGE HEALTHCARE NHS TRUST,General & Acute,1038.7222222222222,1008.3555555555556,97.07653634272879
2025-26,Q4,March,Y59,RYR,UNIVERSITY HOSPITALS SUSSEX NHS FOUNDATION TRUST,General & Acute,1828.0,1753.7444444444445,95.93787989302213
2025-26,Q4,March,Y60,RYW,BIRMINGHAM COMMUNITY HEALTHCARE NHS FOUNDATION TRUST,General & Acute,265.05555555555554,193.7888888888889,73.11255501991198
2025-26,Q1,June,Y56,RQY,SOUTH WEST LONDON AND ST GEORGE'S MENTAL HEALTH NHS TRUST,Learning Disabilities,12.0,11.0,91.66666666666666
2025-26,Q1,June,Y56,RV3,CENTRAL AND NORTH WEST LONDON NHS FOUNDATION TRUST,Learning Disabilities,11.10989010989011,4.1098901098901095,36.99307616221563
2025-26,Q1,June,Y58,RTQ,GLOUCESTERSHIRE HEALTH AND CARE NHS FOUNDATION TRUST,Learning Disabilities,7.0,4.989010989010989,71.27158555729984
2025-26,Q1,June,Y58,RVN,AVON AND WILTSHIRE MENTAL HEALTH PARTNERSHIP NHS TRUST,Learning Disabilities,5.0,2.868131868131868,57.36263736263736
2025-26,Q1,June,Y58,RWV,DEVON PARTNERSHIP NHS TRUST,Learning Disabilities,5.0,2.2857142857142856,45.714285714285715
2025-26,Q1,June,Y59,RN5,HAMPSHIRE HOSPITALS NHS FOUNDATION TRUST,Learning Disabilities,4.0,0.25274725274725274,6.318681318681318
2025-26,Q1,June,Y59,RNU,OXFORD HEALTH NHS FOUNDATION TRUST,Learning Disabilities,10.0,6.0,60.0
2025-26,Q1,June,Y59,RW1,HAMPSHIRE AND ISLE OF WIGHT HEALTHCARE NHS FOUNDATION TRUST,Learning Disabilities,10.0,7.802197802197802,78.02197802197803
2025-26,Q1,June,Y59,RWX,BERKSHIRE HEALTHCARE NHS FOUNDATION TRUST,Learning Disabilities,9.0,7.3076923076923075,81.19658119658119
2025-26,Q1,June,Y59,RX2,SUSSEX PARTNERSHIP NHS FOUNDATION TRUST,Learning Disabilities,7.131868131868132,6.791208791208791,95.22342064714945
2025-26,Q1,June,Y59,RXX,SURREY AND BORDERS PARTNERSHIP NHS FOUNDATION TRUST,Learning Disabilities,7.0,5.967032967032967,85.24332810047096
2025-26,Q1,June,Y60,RHA,NOTTINGHAMSHIRE HEALTHCARE NHS FOUNDATION TRUST,Learning Disabilities,60.57142857142857,54.94505494505494,90.71117561683599
2025-26,Q1,June,Y60,RLY,NORTH STAFFORDSHIRE COMBINED HEALTHCARE NHS TRUST,Learning Disabilities,8.901098901098901,7.747252747252747,87.03703703703704
2025-26,Q1,June,Y60,RRE,MIDLANDS PARTNERSHIP UNIVERSITY NHS FOUNDATION TRUST,Learning Disabilities,12.0,9.857142857142858,82.14285714285715
2025-26,Q1,June,Y60,RY8,DERBYSHIRE COMMUNITY HEALTH SERVICES NHS FOUNDATION TRUST,Learning Disabilities,20.0,3.032967032967033,15.164835164835164
2025-26,Q1,June,Y60,RYG,COVENTRY AND WARWICKSHIRE PARTNERSHIP NHS TRUST,Learning Disabilities,71.0,43.57142857142857,61.3682092555332
2025-26,Q1,June,Y60,TAJ,BLACK COUNTRY HEALTHCARE NHS FOUNDATION TRUST,Learning Disabilities,18.0,3.7252747252747254,20.695970695970697
2025-26,Q1,June,Y61,R1L,ESSEX PARTNERSHIP UNIVERSITY NHS FOUNDATION TRUST,Learning Disabilities,10.0,6.450549450549451,64.50549450549451
2025-26,Q1,June,Y61,RMY,NORFOLK AND SUFFOLK NHS FOUNDATION TRUST,Learning Disabilities,6.0,4.615384615384615,76.92307692307692
2025-26,Q1,June,Y61,RT1,CAMBRIDGESHIRE AND PETERBOROUGH NHS FOUNDATION TRUST,Learning Disabilities,5.868131868131868,2.923076923076923,49.812734082397
2025-26,Q1,June,Y61,RWR,HERTFORDSHIRE PARTNERSHIP UNIVERSITY NHS FOUNDATION TRUST,Learning Disabilities,37.0,19.175824175824175,51.82655182655183
2025-26,Q1,June,Y61,RY3,NORFOLK COMMUNITY HEALTH AND CARE NHS TRUST,Learning Disabilities,1.1318681318681318,1.1318681318681318,100.0
2025-26,Q1,June,Y62,RW4,MERSEY CARE NHS FOUNDATION TRUST,Learning Disabilities,109.61538461538461,46.637362637362635,42.54636591478697
2025-26,Q1,June,Y62,RXA,CHESHIRE AND WIRRAL PARTNERSHIP NHS FOUNDATION TRUST,Learning Disabilities,29.65934065934066,14.285714285714286,48.165987402741756
2025-26,Q1,June,Y63,RGD,LEEDS AND YORK PARTNERSHIP NHS FOUNDATION TRUST,Learning Disabilities,13.0,7.164835164835165,55.11411665257819
2025-26,Q1,June,Y63,RV9,HUMBER TEACHING NHS FOUNDATION TRUST,Learning Disabilities,14.0,5.802197802197802,41.444270015698585
2025-26,Q1,June,Y63,RX3,"TEES, ESK AND WEAR VALLEYS NHS FOUNDATION TRUST",Learning Disabilities,107.0,62.37362637362637,58.29310876039848
2025-26,Q1,June,Y63,RX4,"CUMBRIA, NORTHUMBERLAND, TYNE AND WEAR NHS FOUNDATION TRUST",Learning Disabilities,75.0,60.15384615384615,80.2051282051282
2025-26,Q1,June,Y63,RXG,SOUTH WEST YORKSHIRE PARTNERSHIP NHS FOUNDATION TRUST,Learning Disabilities,24.0,14.54945054945055,60.62271062271062
2025-26,Q1,June,Y63,TAD,BRADFORD DISTRICT CARE NHS FOUNDATION TRUST,Learning Disabilities,8.0,4.846153846153846,60.57692307692307
2025-26,Q2,September,Y56,G6V2S,NORTH LONDON NHS FOUNDATION TRUST,Learning Disabilities,27.0,20.07608695652174,74.35587761674718
2025-26,Q2,September,Y56,RQY,SOUTH WEST LONDON AND ST GEORGE'S MENTAL HEALTH NHS TRUST,Learning Disabilities,12.0,11.532608695652174,96.10507246376811
2025-26,Q2,September,Y56,RV3,CENTRAL AND NORTH WEST LONDON NHS FOUNDATION TRUST,Learning Disabilities,11.815217391304348,3.9347826086956523,33.30266789328427
2025-26,Q2,September,Y58,RTQ,GLOUCESTERSHIRE HEALTH AND CARE NHS FOUNDATION TRUST,Learning Disabilities,7.0,2.891304347826087,41.30434782608695
2025-26,Q2,September,Y58,RWV,DEVON PARTNERSHIP NHS TRUST,Learning Disabilities,0.4673913043478261,0.4673913043478261,100.0
2025-26,Q2,September,Y59,RNU,OXFORD HEALTH NHS FOUNDATION TRUST,Learning Disabilities,10.0,4.978260869565218,49.78260869565217
2025-26,Q2,September,Y59,RW1,HAMPSHIRE AND ISLE OF WIGHT HEALTHCARE NHS FOUNDATION TRUST,Learning Disabilities,10.0,7.336956521739131,73.36956521739131
2025-26,Q2,September,Y59,RWX,BERKSHIRE HEALTHCARE NHS FOUNDATION TRUST,Learning Disabilities,8.815217391304348,5.043478260869565,57.21331689272503
2025-26,Q2,September,Y59,RX2,SUSSEX PARTNERSHIP NHS FOUNDATION TRUST,Learning Disabilities,8.0,5.358695652173913,66.9836956521739
2025-26,Q2,September,Y59,RXX,SURREY AND BORDERS PARTNERSHIP NHS FOUNDATION TRUST,Learning Disabilities,7.0,3.782608695652174,54.037267080745345
2025-26,Q2,September,Y60,RHA,NOTTINGHAMSHIRE HEALTHCARE NHS FOUNDATION TRUST,Learning Disabilities,60.0,55.27173913043478,92.1195652173913
2025-26,Q2,September,Y60,RLY,NORTH STAFFORDSHIRE COMBINED HEALTHCARE NHS TRUST,Learning Disabilities,9.0,7.0978260869565215,78.8647342995169
2025-26,Q2,September,Y60,RRE,MIDLANDS PARTNERSHIP UNIVERSITY NHS FOUNDATION TRUST,Learning Disabilities,12.0,8.826086956521738,73.55072463768116
2025-26,Q2,September,Y60,RY8,DERBYSHIRE COMMUNITY HEALTH SERVICES NHS FOUNDATION TRUST,Learning Disabilities,20.0,2.902173913043478,14.51086956521739
2025-26,Q2,September,Y60,RYG,COVENTRY AND WARWICKSHIRE PARTNERSHIP NHS TRUST,Learning Disabilities,71.77173913043478,43.92391304347826,61.19945479327578
2025-26,Q2,September,Y60,TAJ,BLACK COUNTRY HEALTHCARE NHS FOUNDATION TRUST,Learning Disabilities,18.0,4.0,22.22222222222222
2025-26,Q2,September,Y61,RMY,NORFOLK AND SUFFOLK NHS FOUNDATION TRUST,Learning Disabilities,6.0,4.0,66.66666666666666
2025-26,Q2,September,Y61,RT1,CAMBRIDGESHIRE AND PETERBOROUGH NHS FOUNDATION TRUST,Learning Disabilities,6.0,2.9565217391304346,49.27536231884058
2025-26,Q2,September,Y61,RWR,HERTFORDSHIRE PARTNERSHIP UNIVERSITY NHS FOUNDATION TRUST,Learning Disabilities,37.0,16.52173913043478,44.65334900117509
2025-26,Q2,September,Y61,RY3,NORFOLK COMMUNITY HEALTH AND CARE NHS TRUST,Learning Disabilities,1.065217391304348,1.065217391304348,100.0
2025-26,Q2,September,Y62,RW4,MERSEY CARE NHS FOUNDATION TRUST,Learning Disabilities,105.0,43.31521739130435,41.25258799171843
2025-26,Q2,September,Y62,RXA,CHESHIRE AND WIRRAL PARTNERSHIP NHS FOUNDATION TRUST,Learning Disabilities,29.043478260869566,13.554347826086957,46.66916167664671
2025-26,Q2,September,Y63,RGD,LEEDS AND YORK PARTNERSHIP NHS FOUNDATION TRUST,Learning Disabilities,16.217391304347824,9.41304347826087,58.04289544235925
2025-26,Q2,September,Y63,RV9,HUMBER TEACHING NHS FOUNDATION TRUST,Learning Disabilities,14.0,5.184782608695652,37.03416149068323
2025-26,Q2,September,Y63,RX3,"TEES, ESK AND WEAR VALLEYS NHS FOUNDATION TRUST",Learning Disabilities,107.0,61.869565217391305,57.82202356765542
2025-26,Q2,September,Y63,RX4,"CUMBRIA, NORTHUMBERLAND, TYNE AND WEAR NHS FOUNDATION TRUST",Learning Disabilities,75.0,62.119565217391305,82.82608695652173
2025-26,Q2,September,Y63,RXG,SOUTH WEST YORKSHIRE PARTNERSHIP NHS FOUNDATION TRUST,Learning Disabilities,24.0,15.032608695652174,62.6358695652174
2025-26,Q2,September,Y63,TAD,BRADFORD DISTRICT CARE NHS FOUNDATION TRUST,Learning Disabilities,8.0,4.0,50.0
2025-26,Q2,September,Y59,RN5,HAMPSHIRE HOSPITALS NHS FOUNDATION TRUST,Learning Disabilities,4.0,0.22826086956521738,5.706521739130435
2025-26,Q2,September,Y61,R1L,ESSEX PARTNERSHIP UNIVERSITY NHS FOUNDATION TRUST,Learning Disabilities,10.0,6.0,60.0
2025-26,Q3,December,Y56,G6V2S,NORTH LONDON NHS FOUNDATION TRUST,Learning Disabilities,27.0,17.83695652173913,66.06280193236714
2025-26,Q3,December,Y61,R1L,ESSEX PARTNERSHIP UNIVERSITY NHS FOUNDATION TRUST,Learning Disabilities,17.0,12.369565217391305,72.76214833759592
2025-26,Q3,December,Y58,RBD,DORSET COUNTY HOSPITAL NHS FOUNDATION TRUST,Learning Disabilities,32.0,13.152173913043478,41.10054347826087
2025-26,Q3,December,Y63,RGD,LEEDS AND YORK PARTNERSHIP NHS FOUNDATION TRUST,Learning Disabilities,9.358695652173912,6.695652173913044,71.54471544715449
2025-26,Q3,December,Y60,RHA,NOTTINGHAMSHIRE HEALTHCARE NHS FOUNDATION TRUST,Learning Disabilities,58.76086956521739,54.32608695652174,92.45283018867924
2025-26,Q3,December,Y60,RLY,NORTH STAFFORDSHIRE COMBINED HEALTHCARE NHS TRUST,Learning Disabilities,9.0,7.086956521739131,78.74396135265701
2025-26,Q3,December,Y61,RMY,NORFOLK AND SUFFOLK NHS FOUNDATION TRUST,Learning Disabilities,6.0,3.0869565217391304,51.449275362318836
2025-26,Q3,December,Y59,RN5,HAMPSHIRE HOSPITALS NHS FOUNDATION TRUST,Learning Disabilities,4.0,0.2391304347826087,5.978260869565218
2025-26,Q3,December,Y59,RNU,OXFORD HEALTH NHS FOUNDATION TRUST,Learning Disabilities,10.0,4.8478260869565215,48.47826086956522
2025-26,Q3,December,Y56,RQY,SOUTH WEST LONDON AND ST GEORGE'S MENTAL HEALTH NHS TRUST,Learning Disabilities,12.0,11.48913043478261,95.74275362318842
2025-26,Q3,December,Y60,RRE,MIDLANDS PARTNERSHIP UNIVERSITY NHS FOUNDATION TRUST,Learning Disabilities,12.108695652173912,9.5,78.4560143626571
2025-26,Q3,December,Y61,RT1,CAMBRIDGESHIRE AND PETERBOROUGH NHS FOUNDATION TRUST,Learning Disabilities,5.728260869565218,1.6521739130434783,28.842504743833015
2025-26,Q3,December,Y58,RTQ,GLOUCESTERSHIRE HEALTH AND CARE NHS FOUNDATION TRUST,Learning Disabilities,7.0,2.0,28.57142857142857
2025-26,Q3,December,Y56,RV3,CENTRAL AND NORTH WEST LONDON NHS FOUNDATION TRUST,Learning Disabilities,5.293478260869565,2.3043478260869565,43.53182751540041
2025-26,Q3,December,Y63,RV9,HUMBER TEACHING NHS FOUNDATION TRUST,Learning Disabilities,14.0,4.9021739130434785,35.01552795031056
2025-26,Q3,December,Y59,RW1,HAMPSHIRE AND ISLE OF WIGHT HEALTHCARE NHS FOUNDATION TRUST,Learning Disabilities,10.0,6.163043478260869,61.63043478260869
2025-26,Q3,December,Y62,RW4,MERSEY CARE NHS FOUNDATION TRUST,Learning Disabilities,88.05434782608695,55.141304347826086,62.62189853104555
2025-26,Q3,December,Y61,RWR,HERTFORDSHIRE PARTNERSHIP UNIVERSITY NHS FOUNDATION TRUST,Learning Disabilities,28.0,17.08695652173913,61.02484472049689
2025-26,Q3,December,Y58,RWV,DEVON PARTNERSHIP NHS TRUST,Learning Disabilities,3.6956521739130435,2.4347826086956523,65.88235294117646
2025-26,Q3,December,Y59,RWX,BERKSHIRE HEALTHCARE NHS FOUNDATION TRUST,Learning Disabilities,8.717391304347826,5.423913043478261,62.21945137157107
2025-26,Q3,December,Y59,RX2,SUSSEX PARTNERSHIP NHS FOUNDATION TRUST,Learning Disabilities,8.0,5.0,62.5
2025-26,Q3,December,Y63,RX3,"TEES, ESK AND WEAR VALLEYS NHS FOUNDATION TRUST",Learning Disabilities,106.93478260869566,60.77173913043478,56.83065663752795
2025-26,Q3,December,Y63,RX4,"CUMBRIA,  NORTHUMBERLAND,  TYNE AND WEAR NHS FOUNDATION TRUST",Learning Disabilities,75.0,57.82608695652174,77.10144927536233
2025-26,Q3,December,Y62,RXA,CHESHIRE AND WIRRAL PARTNERSHIP NHS FOUNDATION TRUST,Learning Disabilities,29.0,14.73913043478261,50.82458770614693
2025-26,Q3,December,Y63,RXG,SOUTH WEST YORKSHIRE PARTNERSHIP NHS FOUNDATION TRUST,Learning Disabilities,24.0,14.75,61.458333333333336
2025-26,Q3,December,Y59,RXX,SURREY AND BORDERS PARTNERSHIP NHS FOUNDATION TRUST,Learning Disabilities,7.0,2.5543478260869565,36.49068322981366
2025-26,Q3,December,Y61,RY3,NORFOLK COMMUNITY HEALTH AND CARE NHS TRUST,Learning Disabilities,1.1195652173913044,1.1195652173913044,100.0
2025-26,Q3,December,Y60,RY8,DERBYSHIRE COMMUNITY HEALTH SERVICES NHS FOUNDATION TRUST,Learning Disabilities,20.0,2.4347826086956523,12.173913043478262
2025-26,Q3,December,Y60,RYG,COVENTRY AND WARWICKSHIRE PARTNERSHIP NHS TRUST,Learning Disabilities,71.0,46.95652173913044,66.13594611145132
2025-26,Q3,December,Y63,TAD,BRADFORD DISTRICT CARE NHS FOUNDATION TRUST,Learning Disabilities,8.0,3.9239130434782608,49.04891304347826
2025-26,Q3,December,Y60,TAJ,BLACK COUNTRY HEALTHCARE NHS FOUNDATION TRUST,Learning Disabilities,18.0,4.543478260869565,25.24154589371981
2025-26,Q4,March,Y56,G6V2S,NORTH LONDON NHS FOUNDATION TRUST,Learning Disabilities,27.0,15.066666666666666,55.80246913580247
2025-26,Q4,March,Y61,R1L,ESSEX PARTNERSHIP UNIVERSITY NHS FOUNDATION TRUST,Learning Disabilities,17.0,11.933333333333334,70.19607843137256
2025-26,Q4,March,Y63,RGD,LEEDS AND YORK PARTNERSHIP NHS FOUNDATION TRUST,Learning Disabilities,10.0,7.0,70.0
2025-26,Q4,March,Y60,RHA,NOTTINGHAMSHIRE HEALTHCARE NHS FOUNDATION TRUST,Learning Disabilities,59.31111111111111,54.91111111111111,92.58149119520421
2025-26,Q4,March,Y60,RLY,NORTH STAFFORDSHIRE COMBINED HEALTHCARE NHS TRUST,Learning Disabilities,9.0,7.0777777777777775,78.64197530864197
2025-26,Q4,March,Y61,RMY,NORFOLK AND SUFFOLK NHS FOUNDATION TRUST,Learning Disabilities,6.0,3.1222222222222222,52.03703703703704
2025-26,Q4,March,Y59,RN5,HAMPSHIRE HOSPITALS NHS FOUNDATION TRUST,Learning Disabilities,4.0,0.18888888888888888,4.722222222222222
2025-26,Q4,March,Y59,RNU,OXFORD HEALTH NHS FOUNDATION TRUST,Learning Disabilities,10.0,6.722222222222222,67.22222222222223
2025-26,Q4,March,Y56,RQY,SOUTH WEST LONDON AND ST GEORGE'S MENTAL HEALTH NHS TRUST,Learning Disabilities,12.0,11.933333333333334,99.44444444444444
2025-26,Q4,March,Y60,RRE,MIDLANDS PARTNERSHIP NHS FOUNDATION TRUST,Learning Disabilities,12.0,10.0,83.33333333333334
2025-26,Q4,March,Y61,RT1,CAMBRIDGESHIRE AND PETERBOROUGH NHS FOUNDATION TRUST,Learning Disabilities,6.0,2.4,40.0
2025-26,Q4,March,Y58,RTQ,GLOUCESTERSHIRE HEALTH AND CARE NHS FOUNDATION TRUST,Learning Disabilities,6.955555555555556,1.2777777777777777,18.37060702875399
2025-26,Q4,March,Y56,RV3,CENTRAL AND NORTH WEST LONDON NHS FOUNDATION TRUST,Learning Disabilities,4.0,1.4444444444444444,36.11111111111111
2025-26,Q4,March,Y63,RV9,HUMBER TEACHING NHS FOUNDATION TRUST,Learning Disabilities,14.0,4.766666666666667,34.04761904761905
2025-26,Q4,March,Y59,RW1,SOUTHERN HEALTH NHS FOUNDATION TRUST,Learning Disabilities,9.922222222222222,6.111111111111111,61.59014557670772
2025-26,Q4,March,Y62,RW4,MERSEY CARE NHS FOUNDATION TRUST,Learning Disabilities,90.14444444444445,56.422222222222224,62.59090348822877
2025-26,Q4,March,Y61,RWR,HERTFORDSHIRE PARTNERSHIP UNIVERSITY NHS FOUNDATION TRUST,Learning Disabilities,23.044444444444444,16.933333333333334,73.48119575699133
2025-26,Q4,March,Y58,RWV,DEVON PARTNERSHIP NHS TRUST,Learning Disabilities,5.622222222222222,5.411111111111111,96.24505928853756
2025-26,Q4,March,Y59,RWX,BERKSHIRE HEALTHCARE NHS FOUNDATION TRUST,Learning Disabilities,8.0,5.022222222222222,62.77777777777778
2025-26,Q4,March,Y59,RX2,SUSSEX PARTNERSHIP NHS FOUNDATION TRUST,Learning Disabilities,9.333333333333334,4.888888888888889,52.38095238095239
2025-26,Q4,March,Y63,RX3,"TEES, ESK AND WEAR VALLEYS NHS FOUNDATION TRUST",Learning Disabilities,107.0,59.81111111111111,55.89823468328141
2025-26,Q4,March,Y63,RX4,"CUMBRIA, NORTHUMBERLAND, TYNE AND WEAR NHS FOUNDATION TRUST",Learning Disabilities,65.0,57.3,88.15384615384615
2025-26,Q4,March,Y62,RXA,CHESHIRE AND WIRRAL PARTNERSHIP NHS FOUNDATION TRUST,Learning Disabilities,11.322222222222223,11.322222222222223,100.0
2025-26,Q4,March,Y63,RXG,SOUTH WEST YORKSHIRE PARTNERSHIP NHS FOUNDATION TRUST,Learning Disabilities,16.0,11.0,68.75
2025-26,Q4,March,Y59,RXX,SURREY AND BORDERS PARTNERSHIP NHS FOUNDATION TRUST,Learning Disabilities,7.0,2.888888888888889,41.269841269841265
2025-26,Q4,March,Y61,RY3,EAST OF ENGLAND COMMUNITY HEALTH AND CARE NHS TRUST,Learning Disabilities,1.0222222222222221,1.0222222222222221,100.0
2025-26,Q4,March,Y60,RY8,DERBYSHIRE COMMUNITY HEALTH SERVICES NHS FOUNDATION TRUST,Learning Disabilities,20.0,3.088888888888889,15.444444444444445
2025-26,Q4,March,Y60,RYG,COVENTRY AND WARWICKSHIRE PARTNERSHIP NHS TRUST,Learning Disabilities,66.0,46.75555555555555,70.84175084175084
2025-26,Q4,March,Y63,TAD,BRADFORD DISTRICT CARE NHS FOUNDATION TRUST,Learning Disabilities,8.0,4.0,50.0
2025-26,Q4,March,Y60,TAJ,BLACK COUNTRY HEALTHCARE NHS FOUNDATION TRUST,Learning Disabilities,18.0,3.077777777777778,17.098765432098766
2025-26,Q1,June,Y56,R1H,BARTS HEALTH NHS TRUST,Maternity,193.1978021978022,136.6043956043956,70.70701325294351
2025-26,Q1,June,Y56,R1K,LONDON NORTH WEST UNIVERSITY HEALTHCARE NHS TRUST,Maternity,61.0,41.582417582417584,68.1678976760944
2025-26,Q1,June,Y56,RAL,ROYAL FREE LONDON NHS FOUNDATION TRUST,Maternity,88.86813186813187,35.967032967032964,40.47236305181154
2025-26,Q1,June,Y56,RAS,THE HILLINGDON HOSPITALS NHS FOUNDATION TRUST,Maternity,62.8021978021978,35.59340659340659,56.675415573053364
2025-26,Q1,June,Y56,RAX,KINGSTON AND RICHMOND NHS FOUNDATION TRUST,Maternity,55.0,41.56043956043956,75.56443556443557
2025-26,Q1,June,Y56,RF4,"BARKING, HAVERING AND REDBRIDGE UNIVERSITY HOSPITALS NHS TRUST",Maternity,66.0,56.0,84.84848484848484
2025-26,Q1,June,Y56,RJ1,GUY'S AND ST THOMAS' NHS FOUNDATION TRUST,Maternity,76.0,59.30769230769231,78.03643724696356
2025-26,Q1,June,Y56,RJ2,LEWISHAM AND GREENWICH NHS TRUST,Maternity,75.0,63.05494505494506,84.07326007326009
2025-26,Q1,June,Y56,RJ6,CROYDON HEALTH SERVICES NHS TRUST,Maternity,58.0,31.34065934065934,54.03561955286092
2025-26,Q1,June,Y56,RJ7,ST GEORGE'S UNIVERSITY HOSPITALS NHS FOUNDATION TRUST,Maternity,63.0,29.46153846153846,46.76434676434676
2025-26,Q1,June,Y56,RJZ,KING'S COLLEGE HOSPITAL NHS FOUNDATION TRUST,Maternity,120.0,70.27472527472527,58.56227106227105
2025-26,Q1,June,Y56,RKE,WHITTINGTON HEALTH NHS TRUST,Maternity,37.07692307692308,22.164835164835164,59.78067575577949
2025-26,Q1,June,Y56,RQM,CHELSEA AND WESTMINSTER HOSPITAL NHS FOUNDATION TRUST,Maternity,91.0,64.06593406593407,70.4021253471803
2025-26,Q1,June,Y56,RQX,HOMERTON HEALTHCARE NHS FOUNDATION TRUST,Maternity,41.0,29.857142857142858,72.82229965156795
2025-26,Q1,June,Y56,RRV,UNIVERSITY COLLEGE LONDON HOSPITALS NHS FOUNDATION TRUST,Maternity,32.010989010989015,16.087912087912088,50.25746652935118
2025-26,Q1,June,Y56,RVR,EPSOM AND ST HELIER UNIVERSITY HOSPITALS NHS TRUST,Maternity,95.0,30.032967032967033,31.61364950838635
2025-26,Q1,June,Y56,RYJ,IMPERIAL COLLEGE HEALTHCARE NHS TRUST,Maternity,62.07692307692308,57.68131868131868,92.91910072579216
2025-26,Q1,June,Y58,R0D,UNIVERSITY HOSPITALS DORSET NHS FOUNDATION TRUST,Maternity,60.0,32.956043956043956,54.926739926739934
2025-26,Q1,June,Y58,RA7,UNIVERSITY HOSPITALS BRISTOL AND WESTON NHS FOUNDATION TRUST,Maternity,72.02197802197803,41.142857142857146,57.12541959108941
2025-26,Q1,June,Y58,RBD,DORSET COUNTY HOSPITAL NHS FOUNDATION TRUST,Maternity,32.0,12.0,37.5
2025-26,Q1,June,Y58,RD1,ROYAL UNITED HOSPITALS BATH NHS FOUNDATION TRUST,Maternity,57.989010989010985,29.175824175824175,50.3126776577601
2025-26,Q1,June,Y58,REF,ROYAL CORNWALL HOSPITALS NHS TRUST,Maternity,70.71428571428571,32.120879120879124,45.42346542346543
2025-26,Q1,June,Y58,RH5,SOMERSET NHS FOUNDATION TRUST,Maternity,52.527472527472526,28.615384615384617,54.476987447698754
2025-26,Q1,June,Y58,RH8,ROYAL DEVON UNIVERSITY HEALTHCARE NHS FOUNDATION TRUST,Maternity,60.32967032967033,16.912087912087912,28.0327868852459
2025-26,Q1,June,Y58,RK9,UNIVERSITY HOSPITALS PLYMOUTH NHS TRUST,Maternity,58.0,48.527472527472526,83.66805608184919
2025-26,Q1,June,Y58,RN3,GREAT WESTERN HOSPITALS NHS FOUNDATION TRUST,Maternity,30.0,23.505494505494507,78.35164835164836
2025-26,Q1,June,Y58,RNZ,SALISBURY NHS FOUNDATION TRUST,Maternity,24.0,14.505494505494505,60.43956043956044
2025-26,Q1,June,Y58,RTE,GLOUCESTERSHIRE HOSPITALS NHS FOUNDATION TRUST,Maternity,46.0,20.0,43.47826086956522
2025-26,Q1,June,Y58,RVJ,NORTH BRISTOL NHS TRUST,Maternity,60.32967032967033,49.0989010989011,81.38433515482697
2025-26,Q1,June,Y59,R1F,ISLE OF WIGHT NHS TRUST,Maternity,16.0,7.78021978021978,48.62637362637363
2025-26,Q1,June,Y59,RA2,ROYAL SURREY COUNTY HOSPITAL NHS FOUNDATION TRUST,Maternity,63.0,15.384615384615385,24.42002442002442
2025-26,Q1,June,Y59,RDU,FRIMLEY HEALTH NHS FOUNDATION TRUST,Maternity,128.02197802197801,62.010989010989015,48.43776824034335
2025-26,Q1,June,Y59,RHM,UNIVERSITY HOSPITAL SOUTHAMPTON NHS FOUNDATION TRUST,Maternity,56.31868131868132,36.18681318681319,64.25365853658536
2025-26,Q1,June,Y59,RHU,PORTSMOUTH HOSPITALS UNIVERSITY NHS TRUST,Maternity,44.0,40.23076923076923,91.43356643356644
2025-26,Q1,June,Y59,RHW,ROYAL BERKSHIRE NHS FOUNDATION TRUST,Maternity,41.91208791208791,38.78021978021978,92.52753015207131
2025-26,Q1,June,Y59,RN5,HAMPSHIRE HOSPITALS NHS FOUNDATION TRUST,Maternity,90.05494505494505,32.010989010989015,35.546064673581455
2025-26,Q1,June,Y59,RN7,DARTFORD AND GRAVESHAM NHS TRUST,Maternity,36.0,34.64835164835165,96.24542124542124
2025-26,Q1,June,Y59,RPA,MEDWAY NHS FOUNDATION TRUST,Maternity,45.857142857142854,31.813186813186814,69.3745506829619
2025-26,Q1,June,Y59,RTH,OXFORD UNIVERSITY HOSPITALS NHS FOUNDATION TRUST,Maternity,101.0,77.18681318681318,76.42258731367642
2025-26,Q1,June,Y59,RTK,ASHFORD AND ST PETER'S HOSPITALS NHS FOUNDATION TRUST,Maternity,54.0,40.472527472527474,74.94912494912495
2025-26,Q1,June,Y59,RTP,SURREY AND SUSSEX HEALTHCARE NHS TRUST,Maternity,28.0,17.24175824175824,61.57770800627943
2025-26,Q1,June,Y59,RVV,EAST KENT HOSPITALS UNIVERSITY NHS FOUNDATION TRUST,Maternity,82.34065934065934,47.67032967032967,57.894034432136664
2025-26,Q1,June,Y59,RWF,MAIDSTONE AND TUNBRIDGE WELLS NHS TRUST,Maternity,43.0,19.54945054945055,45.46383848709431
2025-26,Q1,June,Y59,RXC,EAST SUSSEX HEALTHCARE NHS TRUST,Maternity,23.736263736263737,17.835164835164836,75.13888888888889
2025-26,Q1,June,Y59,RXQ,BUCKINGHAMSHIRE HEALTHCARE NHS TRUST,Maternity,57.0,36.72527472527472,64.4303065355697
2025-26,Q1,June,Y59,RYR,UNIVERSITY HOSPITALS SUSSEX NHS FOUNDATION TRUST,Maternity,139.0,64.58241758241758,46.462170922602574
2025-26,Q1,June,Y60,RBK,WALSALL HEALTHCARE NHS TRUST,Maternity,30.285714285714285,16.64835164835165,54.97097242380262
2025-26,Q1,June,Y60,RFS,CHESTERFIELD ROYAL HOSPITAL NHS FOUNDATION TRUST,Maternity,34.0,21.395604395604394,62.928248222365866
2025-26,Q1,June,Y60,RJC,SOUTH WARWICKSHIRE UNIVERSITY NHS FOUNDATION TRUST,Maternity,40.0,35.26373626373626,88.15934065934066
2025-26,Q1,June,Y60,RJE,UNIVERSITY HOSPITALS OF NORTH MIDLANDS NHS TRUST,Maternity,64.0,54.91208791208791,85.80013736263736
2025-26,Q1,June,Y60,RK5,SHERWOOD FOREST HOSPITALS NHS FOUNDATION TRUST,Maternity,48.0,30.46153846153846,63.46153846153846
2025-26,Q1,June,Y60,RKB,UNIVERSITY HOSPITALS COVENTRY AND WARWICKSHIRE NHS TRUST,Maternity,75.0,21.560439560439562,28.747252747252748
2025-26,Q1,June,Y60,RL4,THE ROYAL WOLVERHAMPTON NHS TRUST,Maternity,50.0,41.94505494505494,83.89010989010988
2025-26,Q1,June,Y60,RLQ,WYE VALLEY NHS TRUST,Maternity,17.0,8.87912087912088,52.23012281835812
2025-26,Q1,June,Y60,RLT,GEORGE ELIOT HOSPITAL NHS TRUST,Maternity,23.0,23.0,100.0
2025-26,Q1,June,Y60,RNQ,KETTERING GENERAL HOSPITAL NHS FOUNDATION TRUST,Maternity,49.0,26.65934065934066,54.4068176721238
2025-26,Q1,June,Y60,RNS,NORTHAMPTON GENERAL HOSPITAL NHS TRUST,Maternity,70.0,35.76923076923077,51.098901098901095
2025-26,Q1,June,Y60,RRK,UNIVERSITY HOSPITALS BIRMINGHAM NHS FOUNDATION TRUST,Maternity,131.53846153846155,128.53846153846155,97.71929824561404
2025-26,Q1,June,Y60,RTG,UNIVERSITY HOSPITALS OF DERBY AND BURTON NHS FOUNDATION TRUST,Maternity,116.57142857142857,61.2967032967033,52.58295625942685
2025-26,Q1,June,Y60,RWD,UNITED LINCOLNSHIRE TEACHING HOSPITALS NHS TRUST,Maternity,164.2967032967033,102.17582417582418,62.189820078924484
2025-26,Q1,June,Y60,RWE,UNIVERSITY HOSPITALS OF LEICESTER NHS TRUST,Maternity,124.0,98.48351648351648,79.4221907125133
2025-26,Q1,June,Y60,RWP,WORCESTERSHIRE ACUTE HOSPITALS NHS TRUST,Maternity,62.0,44.27472527472528,71.41084721729884
2025-26,Q1,June,Y60,RX1,NOTTINGHAM UNIVERSITY HOSPITALS NHS TRUST,Maternity,118.56043956043956,70.67032967032966,59.60700713689868
2025-26,Q1,June,Y60,RXK,SANDWELL AND WEST BIRMINGHAM HOSPITALS NHS TRUST,Maternity,70.0,46.97802197802198,67.11145996860283
2025-26,Q1,June,Y60,RXW,THE SHREWSBURY AND TELFORD HOSPITAL NHS TRUST,Maternity,37.0,23.846153846153847,64.44906444906445
2025-26,Q1,June,Y61,RAJ,MID AND SOUTH ESSEX NHS FOUNDATION TRUST,Maternity,133.0,84.9010989010989,63.835412707593164
2025-26,Q1,June,Y61,RC9,BEDFORDSHIRE HOSPITALS NHS FOUNDATION TRUST,Maternity,66.93406593406593,66.93406593406593,100.0
2025-26,Q1,June,Y61,RCX,"THE QUEEN ELIZABETH HOSPITAL, KING'S LYNN, NHS FOUNDATION TRUST",Maternity,19.0,13.571428571428571,71.42857142857143
2025-26,Q1,June,Y61,RD8,MILTON KEYNES UNIVERSITY HOSPITAL NHS FOUNDATION TRUST,Maternity,43.0,32.46153846153846,75.49194991055455
2025-26,Q1,June,Y61,RDE,EAST SUFFOLK AND NORTH ESSEX NHS FOUNDATION TRUST,Maternity,64.0,40.72527472527472,63.63324175824175
2025-26,Q1,June,Y61,RGN,NORTH WEST ANGLIA NHS FOUNDATION TRUST,Maternity,109.0,45.69230769230769,41.919548341566696
2025-26,Q1,June,Y61,RGP,JAMES PAGET UNIVERSITY HOSPITALS NHS FOUNDATION TRUST,Maternity,30.0,11.76923076923077,39.23076923076923
2025-26,Q1,June,Y61,RGR,WEST SUFFOLK NHS FOUNDATION TRUST,Maternity,41.0,15.956043956043956,38.91718038059502
2025-26,Q1,June,Y61,RGT,CAMBRIDGE UNIVERSITY HOSPITALS NHS FOUNDATION TRUST,Maternity,59.75824175824176,46.73626373626374,78.20890033100405
2025-26,Q1,June,Y61,RM1,NORFOLK AND NORWICH UNIVERSITY HOSPITALS NHS FOUNDATION TRUST,Maternity,79.63736263736264,34.0989010989011,42.81771767627984
2025-26,Q1,June,Y61,RQW,THE PRINCESS ALEXANDRA HOSPITAL NHS TRUST,Maternity,47.0,25.417582417582416,54.079962590600886
2025-26,Q1,June,Y61,RWG,WEST HERTFORDSHIRE TEACHING HOSPITALS NHS TRUST,Maternity,70.0,38.956043956043956,55.65149136577708
2025-26,Q1,June,Y61,RWH,EAST AND NORTH HERTFORDSHIRE NHS TRUST,Maternity,60.56043956043956,49.18681318681319,81.21937942297224
2025-26,Q1,June,Y62,R0A,MANCHESTER UNIVERSITY NHS FOUNDATION TRUST,Maternity,204.72527472527472,147.8901098901099,72.23832528180355
2025-26,Q1,June,Y62,RBL,WIRRAL UNIVERSITY TEACHING HOSPITAL NHS FOUNDATION TRUST,Maternity,32.0,22.186813186813186,69.33379120879121
2025-26,Q1,June,Y62,RBN,MERSEY AND WEST LANCASHIRE TEACHING HOSPITALS NHS TRUST,Maternity,66.47252747252747,38.46153846153846,57.86080343858488
2025-26,Q1,June,Y62,RBT,MID CHESHIRE HOSPITALS NHS FOUNDATION TRUST,Maternity,27.0,2.230769230769231,8.262108262108264
2025-26,Q1,June,Y62,REP,LIVERPOOL WOMEN'S NHS FOUNDATION TRUST,Maternity,86.83516483516483,59.73626373626374,68.79271070615034
2025-26,Q1,June,Y62,RJN,EAST CHESHIRE NHS TRUST,Maternity,28.0,7.483516483516484,26.726844583987443
2025-26,Q1,June,Y62,RJR,COUNTESS OF CHESTER HOSPITAL NHS FOUNDATION TRUST,Maternity,41.0,16.417582417582416,40.04288394532296
2025-26,Q1,June,Y62,RM3,NORTHERN CARE ALLIANCE NHS FOUNDATION TRUST,Maternity,66.0,44.46153846153846,67.36596736596736
2025-26,Q1,June,Y62,RMC,BOLTON NHS FOUNDATION TRUST,Maternity,53.0,48.879120879120876,92.22475637569977
2025-26,Q1,June,Y62,RMP,TAMESIDE AND GLOSSOP INTEGRATED CARE NHS FOUNDATION TRUST,Maternity,31.87912087912088,17.53846153846154,55.01551189245089
2025-26,Q1,June,Y62,RRF,"WRIGHTINGTON, WIGAN AND LEIGH NHS FOUNDATION TRUST",Maternity,28.307692307692307,9.791208791208792,34.588509316770185
2025-26,Q1,June,Y62,RTX,UNIVERSITY HOSPITALS OF MORECAMBE BAY NHS FOUNDATION TRUST,Maternity,37.89010989010989,20.692307692307693,54.611368909512755
2025-26,Q1,June,Y62,RWJ,STOCKPORT NHS FOUNDATION TRUST,Maternity,47.18681318681319,17.065934065934066,36.16674429436423
2025-26,Q1,June,Y62,RWW,WARRINGTON AND HALTON TEACHING HOSPITALS NHS FOUNDATION TRUST,Maternity,40.505494505494504,19.714285714285715,48.6706456863809
2025-26,Q1,June,Y62,RXL,BLACKPOOL TEACHING HOSPITALS NHS FOUNDATION TRUST,Maternity,33.40659340659341,19.23076923076923,57.565789473684205
2025-26,Q1,June,Y62,RXN,LANCASHIRE TEACHING HOSPITALS NHS FOUNDATION TRUST,Maternity,62.0,34.15384615384615,55.08684863523573
2025-26,Q1,June,Y62,RXR,EAST LANCASHIRE HOSPITALS NHS TRUST,Maternity,72.0,46.714285714285715,64.88095238095238
2025-26,Q1,June,Y63,RAE,BRADFORD TEACHING HOSPITALS NHS FOUNDATION TRUST,Maternity,84.53846153846153,76.58241758241758,90.58884700376966
2025-26,Q1,June,Y63,RCB,YORK AND SCARBOROUGH TEACHING HOSPITALS NHS FOUNDATION TRUST,Maternity,66.81318681318682,18.692307692307693,27.976973684210527
2025-26,Q1,June,Y63,RCD,HARROGATE AND DISTRICT NHS FOUNDATION TRUST,Maternity,26.725274725274726,12.54945054945055,46.95723684210526
2025-26,Q1,June,Y63,RCF,AIREDALE NHS FOUNDATION TRUST,Maternity,28.681318681318682,15.351648351648352,53.524904214559385
2025-26,Q1,June,Y63,RFF,BARNSLEY HOSPITAL NHS FOUNDATION TRUST,Maternity,32.0,20.34065934065934,63.56456043956044
2025-26,Q1,June,Y63,RFR,THE ROTHERHAM NHS FOUNDATION TRUST,Maternity,23.582417582417584,20.285714285714285,86.02050326188257
2025-26,Q1,June,Y63,RHQ,SHEFFIELD TEACHING HOSPITALS NHS FOUNDATION TRUST,Maternity,59.31868131868132,47.032967032967036,79.28862541682105
2025-26,Q1,June,Y63,RJL,NORTHERN LINCOLNSHIRE AND GOOLE NHS FOUNDATION TRUST,Maternity,67.50549450549451,42.07692307692308,62.33110857887026
2025-26,Q1,June,Y63,RNN,NORTH CUMBRIA INTEGRATED CARE NHS FOUNDATION TRUST,Maternity,39.0,19.186813186813186,49.196956889264584
2025-26,Q1,June,Y63,RP5,DONCASTER AND BASSETLAW TEACHING HOSPITALS NHS FOUNDATION TRUST,Maternity,77.0,41.68131868131868,54.13158270301127
2025-26,Q1,June,Y63,RR7,GATESHEAD HEALTH NHS FOUNDATION TRUST,Maternity,16.0,11.582417582417582,72.39010989010988
2025-26,Q1,June,Y63,RR8,LEEDS TEACHING HOSPITALS NHS TRUST,Maternity,144.71428571428572,59.02197802197802,40.785177310350065
2025-26,Q1,June,Y63,RTD,THE NEWCASTLE UPON TYNE HOSPITALS NHS FOUNDATION TRUST,Maternity,117.78021978021978,45.92307692307692,38.99048329912297
2025-26,Q1,June,Y63,RTF,NORTHUMBRIA HEALTHCARE NHS FOUNDATION TRUST,Maternity,36.43956043956044,27.35164835164835,75.06031363088059
2025-26,Q1,June,Y63,RTR,SOUTH TEES HOSPITALS NHS FOUNDATION TRUST,Maternity,41.02197802197802,27.571428571428573,67.2113581569783
2025-26,Q1,June,Y63,RVW,NORTH TEES AND HARTLEPOOL NHS FOUNDATION TRUST,Maternity,42.0,11.362637362637363,27.05389848246991
2025-26,Q1,June,Y63,RWA,HULL UNIVERSITY TEACHING HOSPITALS NHS TRUST,Maternity,76.0,36.61538461538461,48.178137651821864
2025-26,Q1,June,Y63,RWY,CALDERDALE AND HUDDERSFIELD NHS FOUNDATION TRUST,Maternity,52.94505494505494,24.263736263736263,45.82814445828144
2025-26,Q1,June,Y63,RXF,MID YORKSHIRE TEACHING NHS TRUST,Maternity,60.175824175824175,39.30769230769231,65.32140248356465
2025-26,Q1,June,Y63,RXP,COUNTY DURHAM AND DARLINGTON NHS FOUNDATION TRUST,Maternity,61.0,33.505494505494504,54.92704017294181
2025-26,Q1,June,Y60,RNA,THE DUDLEY GROUP NHS FOUNDATION TRUST,Maternity,54.0,30.406593406593405,56.3085063085063
2025-26,Q1,June,Y60,RQ3,BIRMINGHAM WOMEN'S AND CHILDREN'S NHS FOUNDATION TRUST,Maternity,102.0,73.12087912087912,71.68713639301875
2025-26,Q2,September,Y56,R1H,BARTS HEALTH NHS TRUST,Maternity,198.6086956521739,137.17391304347825,69.06742556917688
2025-26,Q2,September,Y56,R1K,LONDON NORTH WEST UNIVERSITY HEALTHCARE NHS TRUST,Maternity,60.33695652173913,42.06521739130435,69.71716807782383
2025-26,Q2,September,Y56,RAL,ROYAL FREE LONDON NHS FOUNDATION TRUST,Maternity,88.6086956521739,40.01086956521739,45.15456329735035
2025-26,Q2,September,Y56,RAS,THE HILLINGDON HOSPITALS NHS FOUNDATION TRUST,Maternity,62.30434782608695,32.880434782608695,52.77390090718772
2025-26,Q2,September,Y56,RAX,KINGSTON AND RICHMOND NHS FOUNDATION TRUST,Maternity,60.0,43.55434782608695,72.59057971014492
2025-26,Q2,September,Y56,RF4,"BARKING, HAVERING AND REDBRIDGE UNIVERSITY HOSPITALS NHS TRUST",Maternity,66.0,56.05434782608695,84.93083003952569
2025-26,Q2,September,Y56,RJ1,GUY'S AND ST THOMAS' NHS FOUNDATION TRUST,Maternity,72.73913043478261,59.41304347826087,81.67961745367603
2025-26,Q2,September,Y56,RJ2,LEWISHAM AND GREENWICH NHS TRUST,Maternity,75.0,63.02173913043478,84.02898550724638
2025-26,Q2,September,Y56,RJ6,CROYDON HEALTH SERVICES NHS TRUST,Maternity,57.369565217391305,34.19565217391305,59.60591133004927
2025-26,Q2,September,Y56,RJ7,ST GEORGE'S UNIVERSITY HOSPITALS NHS FOUNDATION TRUST,Maternity,63.0,29.27173913043478,46.46307798481711
2025-26,Q2,September,Y56,RJZ,KING'S COLLEGE HOSPITAL NHS FOUNDATION TRUST,Maternity,120.0,70.16304347826087,58.46920289855073
2025-26,Q2,September,Y56,RKE,WHITTINGTON HEALTH NHS TRUST,Maternity,44.17391304347826,26.347826086956523,59.645669291338585
2025-26,Q2,September,Y56,RQM,CHELSEA AND WESTMINSTER HOSPITAL NHS FOUNDATION TRUST,Maternity,91.0,67.55434782608695,74.23554706163401
2025-26,Q2,September,Y56,RQX,HOMERTON HEALTHCARE NHS FOUNDATION TRUST,Maternity,41.0,30.73913043478261,74.97348886532343
2025-26,Q2,September,Y56,RRV,UNIVERSITY COLLEGE LONDON HOSPITALS NHS FOUNDATION TRUST,Maternity,32.0,16.26086956521739,50.815217391304344
2025-26,Q2,September,Y56,RVR,EPSOM AND ST HELIER UNIVERSITY HOSPITALS NHS TRUST,Maternity,95.0,30.32608695652174,31.92219679633867
2025-26,Q2,September,Y56,RYJ,IMPERIAL COLLEGE HEALTHCARE NHS TRUST,Maternity,62.92391304347826,58.05434782608695,92.26118500604595
2025-26,Q2,September,Y58,R0D,UNIVERSITY HOSPITALS DORSET NHS FOUNDATION TRUST,Maternity,60.0,33.108695652173914,55.18115942028986
2025-26,Q2,September,Y58,RA7,UNIVERSITY HOSPITALS BRISTOL AND WESTON NHS FOUNDATION TRUST,Maternity,72.05434782608695,45.07608695652174,62.55845527228844
2025-26,Q2,September,Y58,RBD,DORSET COUNTY HOSPITAL NHS FOUNDATION TRUST,Maternity,32.0,13.641304347826088,42.62907608695652
2025-26,Q2,September,Y58,RD1,ROYAL UNITED HOSPITALS BATH NHS FOUNDATION TRUST,Maternity,57.358695652173914,30.891304347826086,53.85635777904112
2025-26,Q2,September,Y58,REF,ROYAL CORNWALL HOSPITALS NHS TRUST,Maternity,70.67391304347827,30.347826086956523,42.94063365118425
2025-26,Q2,September,Y58,RH5,SOMERSET NHS FOUNDATION TRUST,Maternity,37.0,28.16304347826087,76.11633372502938
2025-26,Q2,September,Y58,RH8,ROYAL DEVON UNIVERSITY HEALTHCARE NHS FOUNDATION TRUST,Maternity,60.33695652173913,16.32608695652174,27.05818771392542
2025-26,Q2,September,Y58,RK9,UNIVERSITY HOSPITALS PLYMOUTH NHS TRUST,Maternity,58.0,48.70652173913044,83.97676161919041
2025-26,Q2,September,Y58,RN3,GREAT WESTERN HOSPITALS NHS FOUNDATION TRUST,Maternity,30.0,25.119565217391305,83.73188405797102
2025-26,Q2,September,Y58,RNZ,SALISBURY NHS FOUNDATION TRUST,Maternity,24.0,15.934782608695652,66.39492753623189
2025-26,Q2,September,Y58,RTE,GLOUCESTERSHIRE HOSPITALS NHS FOUNDATION TRUST,Maternity,46.0,19.27173913043478,41.895085066162565
2025-26,Q2,September,Y58,RVJ,NORTH BRISTOL NHS TRUST,Maternity,61.0,52.59782608695652,86.22594440484676
2025-26,Q2,September,Y59,R1F,ISLE OF WIGHT NHS TRUST,Maternity,16.0,6.934782608695652,43.34239130434783
2025-26,Q2,September,Y59,RA2,ROYAL SURREY NHS FOUNDATION TRUST,Maternity,63.0,15.478260869565217,24.568668046928916
2025-26,Q2,September,Y59,RDU,FRIMLEY HEALTH NHS FOUNDATION TRUST,Maternity,132.1413043478261,67.09782608695652,50.77732993337172
2025-26,Q2,September,Y59,RHM,UNIVERSITY HOSPITAL SOUTHAMPTON NHS FOUNDATION TRUST,Maternity,56.32608695652174,36.96739130434783,65.63103049015824
2025-26,Q2,September,Y59,RHU,PORTSMOUTH HOSPITALS UNIVERSITY NHS TRUST,Maternity,44.0,38.141304347826086,86.68478260869566
2025-26,Q2,September,Y59,RHW,ROYAL BERKSHIRE NHS FOUNDATION TRUST,Maternity,44.47826086956522,42.09782608695652,94.64809384164224
2025-26,Q2,September,Y59,RN7,DARTFORD AND GRAVESHAM NHS TRUST,Maternity,35.608695652173914,35.608695652173914,100.0
2025-26,Q2,September,Y59,RPA,MEDWAY NHS FOUNDATION TRUST,Maternity,45.358695652173914,29.967391304347824,66.06757728253055
2025-26,Q2,September,Y59,RTH,OXFORD UNIVERSITY HOSPITALS NHS FOUNDATION TRUST,Maternity,101.0,82.26086956521739,81.44640551011622
2025-26,Q2,September,Y59,RTK,ASHFORD AND ST PETER'S HOSPITALS NHS FOUNDATION TRUST,Maternity,54.0,41.78260869565217,77.37520128824477
2025-26,Q2,September,Y59,RTP,SURREY AND SUSSEX HEALTHCARE NHS TRUST,Maternity,28.032608695652176,17.92391304347826,63.93951143854208
2025-26,Q2,September,Y59,RVV,EAST KENT HOSPITALS UNIVERSITY NHS FOUNDATION TRUST,Maternity,82.48913043478261,51.07608695652174,61.91856634602715
2025-26,Q2,September,Y59,RWF,MAIDSTONE AND TUNBRIDGE WELLS NHS TRUST,Maternity,43.0,20.652173913043477,48.0283114256825
2025-26,Q2,September,Y59,RXC,EAST SUSSEX HEALTHCARE NHS TRUST,Maternity,24.0,20.304347826086957,84.60144927536231
2025-26,Q2,September,Y59,RXQ,BUCKINGHAMSHIRE HEALTHCARE NHS TRUST,Maternity,57.0,35.0,61.40350877192983
2025-26,Q2,September,Y59,RYR,UNIVERSITY HOSPITALS SUSSEX NHS FOUNDATION TRUST,Maternity,139.0,63.05434782608695,45.36284016265248
2025-26,Q2,September,Y60,RBK,WALSALL HEALTHCARE NHS TRUST,Maternity,31.869565217391305,18.02173913043478,56.54843110504775
2025-26,Q2,September,Y60,RFS,CHESTERFIELD ROYAL HOSPITAL NHS FOUNDATION TRUST,Maternity,34.0,20.92391304347826,61.54092071611254
2025-26,Q2,September,Y60,RJC,SOUTH WARWICKSHIRE UNIVERSITY NHS FOUNDATION TRUST,Maternity,40.0,34.45652173913044,86.1413043478261
2025-26,Q2,September,Y60,RJE,UNIVERSITY HOSPITALS OF NORTH MIDLANDS NHS TRUST,Maternity,64.0,58.19565217391305,90.93070652173914
2025-26,Q2,September,Y60,RK5,SHERWOOD FOREST HOSPITALS NHS FOUNDATION TRUST,Maternity,48.0,34.119565217391305,71.08242753623189
2025-26,Q2,September,Y60,RKB,UNIVERSITY HOSPITALS COVENTRY AND WARWICKSHIRE NHS TRUST,Maternity,75.0,19.42391304347826,25.89855072463768
2025-26,Q2,September,Y60,RL4,THE ROYAL WOLVERHAMPTON NHS TRUST,Maternity,50.0,46.40217391304348,92.80434782608695
2025-26,Q2,September,Y60,RLQ,WYE VALLEY NHS TRUST,Maternity,17.0,9.543478260869565,56.13810741687979
2025-26,Q2,September,Y60,RLT,GEORGE ELIOT HOSPITAL NHS TRUST,Maternity,23.0,23.0,100.0
2025-26,Q2,September,Y60,RNQ,KETTERING GENERAL HOSPITAL NHS FOUNDATION TRUST,Maternity,49.0,28.858695652173914,58.89529724933452
2025-26,Q2,September,Y60,RNS,NORTHAMPTON GENERAL HOSPITAL NHS TRUST,Maternity,70.0,38.08695652173913,54.409937888198755
2025-26,Q2,September,Y60,RRK,UNIVERSITY HOSPITALS BIRMINGHAM NHS FOUNDATION TRUST,Maternity,114.45652173913044,112.70652173913044,98.4710351377018
2025-26,Q2,September,Y60,RTG,UNIVERSITY HOSPITALS OF DERBY AND BURTON NHS FOUNDATION TRUST,Maternity,116.83695652173913,65.81521739130434,56.330821471764814
2025-26,Q2,September,Y60,RWD,UNITED LINCOLNSHIRE TEACHING HOSPITALS NHS TRUST,Maternity,162.0108695652174,109.1304347826087,67.359946326736
2025-26,Q2,September,Y60,RWE,UNIVERSITY HOSPITALS OF LEICESTER NHS TRUST,Maternity,122.65217391304348,106.44565217391305,86.78660049627791
2025-26,Q2,September,Y60,RWP,WORCESTERSHIRE ACUTE HOSPITALS NHS TRUST,Maternity,62.0,45.66304347826087,73.6500701262272
2025-26,Q2,September,Y60,RX1,NOTTINGHAM UNIVERSITY HOSPITALS NHS TRUST,Maternity,121.21739130434783,69.3695652173913,57.22740315638449
2025-26,Q2,September,Y60,RXK,SANDWELL AND WEST BIRMINGHAM HOSPITALS NHS TRUST,Maternity,70.0,43.95652173913044,62.79503105590063
2025-26,Q2,September,Y60,RXW,THE SHREWSBURY AND TELFORD HOSPITAL NHS TRUST,Maternity,37.0,22.597826086956523,61.075205640423036
2025-26,Q2,September,Y61,RAJ,MID AND SOUTH ESSEX NHS FOUNDATION TRUST,Maternity,133.0,87.40217391304348,65.71592023537104
2025-26,Q2,September,Y61,RC9,BEDFORDSHIRE HOSPITALS NHS FOUNDATION TRUST,Maternity,64.69565217391305,64.69565217391305,100.0
2025-26,Q2,September,Y61,RCX,"THE QUEEN ELIZABETH HOSPITAL, KING'S LYNN, NHS FOUNDATION TRUST",Maternity,15.532608695652174,13.108695652173912,84.39468159552133
2025-26,Q2,September,Y61,RD8,MILTON KEYNES UNIVERSITY HOSPITAL NHS FOUNDATION TRUST,Maternity,43.0,35.29347826086956,82.07785642062689
2025-26,Q2,September,Y61,RDE,EAST SUFFOLK AND NORTH ESSEX NHS FOUNDATION TRUST,Maternity,63.71739130434783,41.70652173913044,65.45547594677585
2025-26,Q2,September,Y61,RGN,NORTH WEST ANGLIA NHS FOUNDATION TRUST,Maternity,109.0,47.82608695652174,43.87714399680894
2025-26,Q2,September,Y61,RGP,JAMES PAGET UNIVERSITY HOSPITALS NHS FOUNDATION TRUST,Maternity,29.67391304347826,14.478260869565217,48.79120879120879
2025-26,Q2,September,Y61,RGR,WEST SUFFOLK NHS FOUNDATION TRUST,Maternity,41.0,15.880434782608695,38.732767762460234
2025-26,Q2,September,Y61,RGT,CAMBRIDGE UNIVERSITY HOSPITALS NHS FOUNDATION TRUST,Maternity,58.96739130434783,48.108695652173914,81.5852534562212
2025-26,Q2,September,Y61,RM1,NORFOLK AND NORWICH UNIVERSITY HOSPITALS NHS FOUNDATION TRUST,Maternity,79.76086956521739,36.95652173913044,46.334150994821485
2025-26,Q2,September,Y61,RQW,THE PRINCESS ALEXANDRA HOSPITAL NHS TRUST,Maternity,47.0,28.358695652173914,60.337650323774284
2025-26,Q2,September,Y61,RWG,WEST HERTFORDSHIRE TEACHING HOSPITALS NHS TRUST,Maternity,70.0,39.09782608695652,55.85403726708075
2025-26,Q2,September,Y61,RWH,EAST AND NORTH HERTFORDSHIRE TEACHING NHS TRUST,Maternity,61.0,49.141304347826086,80.55951532430507
2025-26,Q2,September,Y62,R0A,MANCHESTER UNIVERSITY NHS FOUNDATION TRUST,Maternity,200.06521739130434,141.94565217391303,70.94969031837444
2025-26,Q2,September,Y62,RBL,WIRRAL UNIVERSITY TEACHING HOSPITAL NHS FOUNDATION TRUST,Maternity,32.0,22.72826086956522,71.02581521739131
2025-26,Q2,September,Y62,RBN,MERSEY AND WEST LANCASHIRE TEACHING HOSPITALS NHS TRUST,Maternity,66.15217391304348,40.81521739130435,61.69898126848504
2025-26,Q2,September,Y62,RBT,MID CHESHIRE HOSPITALS NHS FOUNDATION TRUST,Maternity,27.0,1.2391304347826086,4.5893719806763285
2025-26,Q2,September,Y62,REP,LIVERPOOL WOMEN'S NHS FOUNDATION TRUST,Maternity,86.3804347826087,57.57608695652174,66.65408330187492
2025-26,Q2,September,Y62,RJN,EAST CHESHIRE NHS TRUST,Maternity,28.0,0.7934782608695652,2.8338509316770186
2025-26,Q2,September,Y62,RJR,COUNTESS OF CHESTER HOSPITAL NHS FOUNDATION TRUST,Maternity,41.0,16.869565217391305,41.145281018027575
2025-26,Q2,September,Y62,RM3,NORTHERN CARE ALLIANCE NHS FOUNDATION TRUST,Maternity,61.17391304347826,45.41304347826087,74.23596304193319
2025-26,Q2,September,Y62,RMC,BOLTON NHS FOUNDATION TRUST,Maternity,53.0,52.92391304347826,99.85643970467596
2025-26,Q2,September,Y62,RMP,TAMESIDE AND GLOSSOP INTEGRATED CARE NHS FOUNDATION TRUST,Maternity,32.03260869565217,17.5,54.63182897862233
2025-26,Q2,September,Y62,RRF,"WRIGHTINGTON, WIGAN AND LEIGH NHS FOUNDATION TRUST",Maternity,28.304347826086957,10.119565217391305,35.752688172043015
2025-26,Q2,September,Y62,RTX,UNIVERSITY HOSPITALS OF MORECAMBE BAY NHS FOUNDATION TRUST,Maternity,37.47826086956522,19.83695652173913,52.9292343387471
2025-26,Q2,September,Y62,RWJ,STOCKPORT NHS FOUNDATION TRUST,Maternity,46.67391304347826,18.108695652173914,38.79832324173265
2025-26,Q2,September,Y62,RWW,WARRINGTON AND HALTON TEACHING HOSPITALS NHS FOUNDATION TRUST,Maternity,37.67391304347826,0.0,0.0
2025-26,Q2,September,Y62,RXL,BLACKPOOL TEACHING HOSPITALS NHS FOUNDATION TRUST,Maternity,37.17391304347826,27.02173913043478,72.69005847953217
2025-26,Q2,September,Y62,RXN,LANCASHIRE TEACHING HOSPITALS NHS FOUNDATION TRUST,Maternity,62.0,33.71739130434783,54.38288920056101
2025-26,Q2,September,Y62,RXR,EAST LANCASHIRE HOSPITALS NHS TRUST,Maternity,72.0,50.06521739130435,69.53502415458938
2025-26,Q2,September,Y63,RAE,BRADFORD TEACHING HOSPITALS NHS FOUNDATION TRUST,Maternity,83.6195652173913,72.53260869565217,86.74119329260367
2025-26,Q2,September,Y63,RCB,YORK AND SCARBOROUGH TEACHING HOSPITALS NHS FOUNDATION TRUST,Maternity,67.91304347826087,16.282608695652176,23.975672215108837
2025-26,Q2,September,Y63,RCD,HARROGATE AND DISTRICT NHS FOUNDATION TRUST,Maternity,26.41304347826087,13.945652173913043,52.798353909465014
2025-26,Q2,September,Y63,RCF,AIREDALE NHS FOUNDATION TRUST,Maternity,29.0,15.478260869565217,53.373313343328334
2025-26,Q2,September,Y63,RFF,BARNSLEY HOSPITAL NHS FOUNDATION TRUST,Maternity,32.0,21.467391304347824,67.08559782608695
2025-26,Q2,September,Y63,RFR,THE ROTHERHAM NHS FOUNDATION TRUST,Maternity,23.880434782608695,20.815217391304348,87.16431497496586
2025-26,Q2,September,Y63,RHQ,SHEFFIELD TEACHING HOSPITALS NHS FOUNDATION TRUST,Maternity,68.06521739130434,53.94565217391305,79.25582880868734
2025-26,Q2,September,Y63,RJL,NORTHERN LINCOLNSHIRE AND GOOLE NHS FOUNDATION TRUST,Maternity,65.0,39.71739130434783,61.10367892976589
2025-26,Q2,September,Y63,RNN,NORTH CUMBRIA INTEGRATED CARE NHS FOUNDATION TRUST,Maternity,39.0,19.42391304347826,49.804905239687855
2025-26,Q2,September,Y63,RP5,DONCASTER AND BASSETLAW TEACHING HOSPITALS NHS FOUNDATION TRUST,Maternity,77.0,45.56521739130435,59.17560700169396
2025-26,Q2,September,Y63,RR7,GATESHEAD HEALTH NHS FOUNDATION TRUST,Maternity,16.0,11.934782608695652,74.59239130434783
2025-26,Q2,September,Y63,RR8,LEEDS TEACHING HOSPITALS NHS TRUST,Maternity,144.57608695652175,63.23913043478261,43.741072099842114
2025-26,Q2,September,Y63,RTD,THE NEWCASTLE UPON TYNE HOSPITALS NHS FOUNDATION TRUST,Maternity,113.09782608695652,46.08695652173913,40.74963959634791
2025-26,Q2,September,Y63,RTF,NORTHUMBRIA HEALTHCARE NHS FOUNDATION TRUST,Maternity,36.90217391304348,29.782608695652176,80.70692194403536
2025-26,Q2,September,Y63,RTR,SOUTH TEES HOSPITALS NHS FOUNDATION TRUST,Maternity,40.71739130434783,28.48913043478261,69.9679658302189
2025-26,Q2,September,Y63,RVW,NORTH TEES AND HARTLEPOOL NHS FOUNDATION TRUST,Maternity,42.0,12.673913043478262,30.175983436853006
2025-26,Q2,September,Y63,RWA,HULL UNIVERSITY TEACHING HOSPITALS NHS TRUST,Maternity,76.0,35.95652173913044,47.311212814645316
2025-26,Q2,September,Y63,RWY,CALDERDALE AND HUDDERSFIELD NHS FOUNDATION TRUST,Maternity,54.80434782608695,22.48913043478261,41.03530345101151
2025-26,Q2,September,Y63,RXF,MID YORKSHIRE TEACHING NHS TRUST,Maternity,60.22826086956522,39.93478260869565,66.30572098899114
2025-26,Q2,September,Y63,RXP,COUNTY DURHAM AND DARLINGTON NHS FOUNDATION TRUST,Maternity,61.0,33.69565217391305,55.238774055595165
2025-26,Q2,September,Y59,RN5,HAMPSHIRE HOSPITALS NHS FOUNDATION TRUST,Maternity,91.0,30.130434782608695,33.11036789297659
2025-26,Q2,September,Y60,RNA,THE DUDLEY GROUP NHS FOUNDATION TRUST,Maternity,49.0,30.184782608695652,61.60159716060337
2025-26,Q2,September,Y60,RQ3,BIRMINGHAM WOMEN'S AND CHILDREN'S NHS FOUNDATION TRUST,Maternity,102.0,74.16304347826087,72.70886615515772
2025-26,Q3,December,Y62,R0A,MANCHESTER UNIVERSITY NHS FOUNDATION TRUST,Maternity,199.19565217391303,146.95652173913044,73.77496453126706
2025-26,Q3,December,Y58,R0D,UNIVERSITY HOSPITALS DORSET NHS FOUNDATION TRUST,Maternity,60.0,34.608695652173914,57.68115942028985
2025-26,Q3,December,Y59,R1F,ISLE OF WIGHT NHS TRUST,Maternity,16.0,6.967391304347826,43.546195652173914
2025-26,Q3,December,Y56,R1H,BARTS HEALTH NHS TRUST,Maternity,191.09782608695653,130.3913043478261,68.23275126557078
2025-26,Q3,December,Y56,R1K,LONDON NORTH WEST UNIVERSITY HEALTHCARE NHS TRUST,Maternity,68.0,44.94565217391305,66.09654731457802
2025-26,Q3,December,Y59,RA2,ROYAL SURREY NHS FOUNDATION TRUST,Maternity,63.0,16.565217391304348,26.293995859213247
2025-26,Q3,December,Y58,RA7,UNIVERSITY HOSPITALS BRISTOL AND WESTON NHS FOUNDATION TRUST,Maternity,72.79347826086956,41.54347826086956,57.0703299985068
2025-26,Q3,December,Y63,RAE,BRADFORD TEACHING HOSPITALS NHS FOUNDATION TRUST,Maternity,83.6195652173913,68.27173913043478,81.64565189132979
2025-26,Q3,December,Y61,RAJ,MID AND SOUTH ESSEX NHS FOUNDATION TRUST,Maternity,133.0,79.02173913043478,59.41484145145473
2025-26,Q3,December,Y56,RAL,ROYAL FREE LONDON NHS FOUNDATION TRUST,Maternity,88.6086956521739,40.01086956521739,45.15456329735035
2025-26,Q3,December,Y56,RAS,THE HILLINGDON HOSPITALS NHS FOUNDATION TRUST,Maternity,60.94565217391305,30.98913043478261,50.847155341537366
2025-26,Q3,December,Y56,RAX,KINGSTON AND RICHMOND NHS FOUNDATION TRUST,Maternity,60.0,48.73913043478261,81.23188405797102
2025-26,Q3,December,Y58,RBD,DORSET COUNTY HOSPITAL NHS FOUNDATION TRUST,Maternity,32.0,13.152173913043478,41.10054347826087
2025-26,Q3,December,Y60,RBK,WALSALL HEALTHCARE NHS TRUST,Maternity,31.5,18.16304347826087,57.66045548654245
2025-26,Q3,December,Y62,RBL,WIRRAL UNIVERSITY TEACHING HOSPITAL NHS FOUNDATION TRUST,Maternity,32.0,18.27173913043478,57.09918478260869
2025-26,Q3,December,Y62,RBN,MERSEY AND WEST LANCASHIRE TEACHING HOSPITALS NHS TRUST,Maternity,66.30434782608695,36.26086956521739,54.68852459016394
2025-26,Q3,December,Y62,RBT,MID CHESHIRE HOSPITALS NHS FOUNDATION TRUST,Maternity,26.956521739130434,1.3695652173913044,5.080645161290323
2025-26,Q3,December,Y61,RC9,BEDFORDSHIRE HOSPITALS NHS FOUNDATION TRUST,Maternity,60.26086956521739,60.26086956521739,100.0
2025-26,Q3,December,Y63,RCB,YORK AND SCARBOROUGH TEACHING HOSPITALS NHS FOUNDATION TRUST,Maternity,68.0,15.717391304347826,23.113810741687978
2025-26,Q3,December,Y63,RCD,HARROGATE AND DISTRICT NHS FOUNDATION TRUST,Maternity,26.41304347826087,13.880434782608695,52.5514403292181
2025-26,Q3,December,Y63,RCF,AIREDALE NHS FOUNDATION TRUST,Maternity,29.0,13.641304347826088,47.03898050974513
2025-26,Q3,December,Y61,RCX,"THE QUEEN ELIZABETH HOSPITAL, KING'S LYNN, NHS FOUNDATION TRUST",Maternity,19.0,14.08695652173913,74.14187643020595
2025-26,Q3,December,Y58,RD1,ROYAL UNITED HOSPITALS BATH NHS FOUNDATION TRUST,Maternity,56.72826086956522,32.31521739130435,56.96493581145814
2025-26,Q3,December,Y61,RD8,MILTON KEYNES UNIVERSITY HOSPITAL NHS FOUNDATION TRUST,Maternity,43.0,32.15217391304348,74.77249747219413
2025-26,Q3,December,Y61,RDE,EAST SUFFOLK AND NORTH ESSEX NHS FOUNDATION TRUST,Maternity,63.71739130434783,41.70652173913044,65.45547594677585
2025-26,Q3,December,Y59,RDU,FRIMLEY HEALTH NHS FOUNDATION TRUST,Maternity,124.28260869565217,55.45652173913044,44.62130488018192
2025-26,Q3,December,Y58,REF,ROYAL CORNWALL HOSPITALS NHS TRUST,Maternity,70.68478260869566,27.98913043478261,39.59710902660311
2025-26,Q3,December,Y62,REP,LIVERPOOL WOMEN'S NHS FOUNDATION TRUST,Maternity,87.75,60.41304347826087,68.84677319459928
2025-26,Q3,December,Y56,RF4,"BARKING, HAVERING AND REDBRIDGE UNIVERSITY HOSPITALS NHS TRUST",Maternity,63.06521739130435,63.06521739130435,100.0
2025-26,Q3,December,Y63,RFF,BARNSLEY HOSPITAL NHS FOUNDATION TRUST,Maternity,32.0,19.108695652173914,59.714673913043484
2025-26,Q3,December,Y63,RFR,THE ROTHERHAM NHS FOUNDATION TRUST,Maternity,23.304347826086957,20.08695652173913,86.19402985074626
2025-26,Q3,December,Y60,RFS,CHESTERFIELD ROYAL HOSPITAL NHS FOUNDATION TRUST,Maternity,34.0,22.282608695652176,65.53708439897699
2025-26,Q3,December,Y61,RGN,NORTH WEST ANGLIA NHS FOUNDATION TRUST,Maternity,109.0,43.880434782608695,40.2572796170722
2025-26,Q3,December,Y61,RGP,JAMES PAGET UNIVERSITY HOSPITALS NHS FOUNDATION TRUST,Maternity,29.67391304347826,13.673913043478262,46.08058608058608
2025-26,Q3,December,Y61,RGR,WEST SUFFOLK NHS FOUNDATION TRUST,Maternity,40.33695652173913,17.717391304347824,43.923470762597674
2025-26,Q3,December,Y61,RGT,CAMBRIDGE UNIVERSITY HOSPITALS NHS FOUNDATION TRUST,Maternity,60.51086956521739,48.72826086956522,80.52811208909645
2025-26,Q3,December,Y58,RH5,SOMERSET NHS FOUNDATION TRUST,Maternity,37.0,29.945652173913043,80.93419506462985
2025-26,Q3,December,Y58,RH8,ROYAL DEVON UNIVERSITY HEALTHCARE NHS FOUNDATION TRUST,Maternity,60.33695652173913,17.83695652173913,29.56224103765087
2025-26,Q3,December,Y59,RHM,UNIVERSITY HOSPITAL SOUTHAMPTON NHS FOUNDATION TRUST,Maternity,55.43478260869565,38.5,69.45098039215686
2025-26,Q3,December,Y63,RHQ,SHEFFIELD TEACHING HOSPITALS NHS FOUNDATION TRUST,Maternity,117.6086956521739,79.19565217391305,67.33826247689466
2025-26,Q3,December,Y59,RHU,PORTSMOUTH HOSPITALS UNIVERSITY NHS TRUST,Maternity,44.0,40.20652173913044,91.37845849802372
2025-26,Q3,December,Y59,RHW,ROYAL BERKSHIRE NHS FOUNDATION TRUST,Maternity,51.0,42.51086956521739,83.35464620630862
2025-26,Q3,December,Y56,RJ1,GUY'S AND ST THOMAS' NHS FOUNDATION TRUST,Maternity,76.0,63.96739130434783,84.16762013729976
2025-26,Q3,December,Y56,RJ2,LEWISHAM AND GREENWICH NHS TRUST,Maternity,75.0,65.02173913043478,86.69565217391305
2025-26,Q3,December,Y56,RJ6,CROYDON HEALTH SERVICES NHS TRUST,Maternity,58.0,34.47826086956522,59.445277361319334
2025-26,Q3,December,Y56,RJ7,ST GEORGE'S UNIVERSITY HOSPITALS NHS FOUNDATION TRUST,Maternity,63.0,31.32608695652174,49.7239475500345
2025-26,Q3,December,Y60,RJC,SOUTH WARWICKSHIRE UNIVERSITY NHS FOUNDATION TRUST,Maternity,40.0,32.391304347826086,80.9782608695652
2025-26,Q3,December,Y60,RJE,UNIVERSITY HOSPITALS OF NORTH MIDLANDS NHS TRUST,Maternity,64.0,55.22826086956522,86.29415760869566
2025-26,Q3,December,Y63,RJL,NORTHERN LINCOLNSHIRE AND GOOLE NHS FOUNDATION TRUST,Maternity,0.021739130434782608,0.021739130434782608,100.0
2025-26,Q3,December,Y62,RJN,EAST CHESHIRE NHS TRUST,Maternity,25.0,3.141304347826087,12.565217391304348
2025-26,Q3,December,Y62,RJR,COUNTESS OF CHESTER HOSPITAL NHS FOUNDATION TRUST,Maternity,41.0,19.206521739130434,46.84517497348886
2025-26,Q3,December,Y56,RJZ,KING'S COLLEGE HOSPITAL NHS FOUNDATION TRUST,Maternity,120.0,64.82608695652173,54.021739130434774
2025-26,Q3,December,Y60,RK5,SHERWOOD FOREST HOSPITALS NHS FOUNDATION TRUST,Maternity,48.0,29.73913043478261,61.95652173913043
2025-26,Q3,December,Y58,RK9,UNIVERSITY HOSPITALS PLYMOUTH NHS TRUST,Maternity,58.0,45.108695652173914,77.7736131934033
2025-26,Q3,December,Y60,RKB,UNIVERSITY HOSPITALS COVENTRY AND WARWICKSHIRE NHS TRUST,Maternity,75.0,20.054347826086957,26.73913043478261
2025-26,Q3,December,Y56,RKE,WHITTINGTON HEALTH NHS TRUST,Maternity,39.30434782608695,24.347826086956523,61.946902654867266
2025-26,Q3,December,Y60,RL4,THE ROYAL WOLVERHAMPTON NHS TRUST,Maternity,50.0,36.641304347826086,73.28260869565217
2025-26,Q3,December,Y60,RLQ,WYE VALLEY NHS TRUST,Maternity,17.0,8.73913043478261,51.40664961636829
2025-26,Q3,December,Y60,RLT,GEORGE ELIOT HOSPITAL NHS TRUST,Maternity,23.0,23.0,100.0
2025-26,Q3,December,Y61,RM1,NORFOLK AND NORWICH UNIVERSITY HOSPITALS NHS FOUNDATION TRUST,Maternity,79.81521739130434,39.31521739130435,49.25779654092334
2025-26,Q3,December,Y62,RM3,NORTHERN CARE ALLIANCE NHS FOUNDATION TRUST,Maternity,61.22826086956522,44.358695652173914,72.4480738505237
2025-26,Q3,December,Y62,RMC,BOLTON NHS FOUNDATION TRUST,Maternity,53.0,46.32608695652174,87.40771123872027
2025-26,Q3,December,Y62,RMP,TAMESIDE AND GLOSSOP INTEGRATED CARE NHS FOUNDATION TRUST,Maternity,32.0,17.630434782608695,55.09510869565217
2025-26,Q3,December,Y58,RN3,GREAT WESTERN HOSPITALS NHS FOUNDATION TRUST,Maternity,30.0,26.608695652173914,88.69565217391305
2025-26,Q3,December,Y59,RN5,HAMPSHIRE HOSPITALS NHS FOUNDATION TRUST,Maternity,91.02173913043478,29.695652173913043,32.62479101982326
2025-26,Q3,December,Y59,RN7,DARTFORD AND GRAVESHAM NHS TRUST,Maternity,36.0,35.76086956521739,99.33574879227052
2025-26,Q3,December,Y61,RNA,THE DUDLEY GROUP NHS FOUNDATION TRUST,Maternity,54.0,29.065217391304348,53.824476650563604
2025-26,Q3,December,Y63,RNN,NORTH CUMBRIA INTEGRATED CARE NHS FOUNDATION TRUST,Maternity,39.0,18.83695652173913,48.29988851727982
2025-26,Q3,December,Y60,RNQ,KETTERING GENERAL HOSPITAL NHS FOUNDATION TRUST,Maternity,49.0,27.880434782608695,56.898846495119784
2025-26,Q3,December,Y60,RNS,NORTHAMPTON GENERAL HOSPITAL NHS TRUST,Maternity,70.0,37.58695652173913,53.69565217391305
2025-26,Q3,December,Y58,RNZ,SALISBURY NHS FOUNDATION TRUST,Maternity,24.0,15.815217391304348,65.89673913043478
2025-26,Q3,December,Y63,RP5,DONCASTER AND BASSETLAW TEACHING HOSPITALS NHS FOUNDATION TRUST,Maternity,77.0,46.18478260869565,59.980237154150196
2025-26,Q3,December,Y59,RPA,MEDWAY NHS FOUNDATION TRUST,Maternity,45.358695652173914,31.043478260869566,68.43997124370956
2025-26,Q3,December,Y61,RQ3,BIRMINGHAM WOMEN'S AND CHILDREN'S NHS FOUNDATION TRUST,Maternity,102.0,78.8913043478261,77.34441602728049
2025-26,Q3,December,Y56,RQM,CHELSEA AND WESTMINSTER HOSPITAL NHS FOUNDATION TRUST,Maternity,91.0,70.44565217391305,77.41280458671763
2025-26,Q3,December,Y61,RQW,THE PRINCESS ALEXANDRA HOSPITAL NHS TRUST,Maternity,47.0,27.945652173913043,59.45883441258094
2025-26,Q3,December,Y56,RQX,HOMERTON HEALTHCARE NHS FOUNDATION TRUST,Maternity,41.0,31.543478260869566,76.9353128313892
2025-26,Q3,December,Y63,RR7,GATESHEAD HEALTH NHS FOUNDATION TRUST,Maternity,16.0,12.41304347826087,77.58152173913044
2025-26,Q3,December,Y63,RR8,LEEDS TEACHING HOSPITALS NHS TRUST,Maternity,145.0108695652174,55.73913043478261,38.43789820853009
2025-26,Q3,December,Y62,RRF,"WRIGHTINGTON,  WIGAN AND LEIGH NHS FOUNDATION TRUST",Maternity,28.304347826086957,11.16304347826087,39.43932411674347
2025-26,Q3,December,Y60,RRK,UNIVERSITY HOSPITALS BIRMINGHAM NHS FOUNDATION TRUST,Maternity,117.0,112.3695652173913,96.04236343366777
2025-26,Q3,December,Y56,RRV,UNIVERSITY COLLEGE LONDON HOSPITALS NHS FOUNDATION TRUST,Maternity,32.0,14.826086956521738,46.33152173913043
2025-26,Q3,December,Y63,RTD,THE NEWCASTLE UPON TYNE HOSPITALS NHS FOUNDATION TRUST,Maternity,107.8695652173913,44.141304347826086,40.92099959693672
2025-26,Q3,December,Y58,RTE,GLOUCESTERSHIRE HOSPITALS NHS FOUNDATION TRUST,Maternity,46.0,19.83695652173913,43.123818525519845
2025-26,Q3,December,Y63,RTF,NORTHUMBRIA HEALTHCARE NHS FOUNDATION TRUST,Maternity,37.380434782608695,30.0,80.25588833963361
2025-26,Q3,December,Y60,RTG,UNIVERSITY HOSPITALS OF DERBY AND BURTON NHS FOUNDATION TRUST,Maternity,119.71739130434783,62.83695652173913,52.487742872707464
2025-26,Q3,December,Y59,RTH,OXFORD UNIVERSITY HOSPITALS NHS FOUNDATION TRUST,Maternity,77.0,49.83695652173913,64.72332015810277
2025-26,Q3,December,Y59,RTK,ASHFORD AND ST PETER'S HOSPITALS NHS FOUNDATION TRUST,Maternity,54.0,39.391304347826086,72.94685990338165
2025-26,Q3,December,Y59,RTP,SURREY AND SUSSEX HEALTHCARE NHS TRUST,Maternity,35.08695652173913,17.48913043478261,49.845105328376704
2025-26,Q3,December,Y63,RTR,SOUTH TEES HOSPITALS NHS FOUNDATION TRUST,Maternity,40.96739130434783,27.92391304347826,68.1613159989387
2025-26,Q3,December,Y62,RTX,UNIVERSITY HOSPITALS OF MORECAMBE BAY NHS FOUNDATION TRUST,Maternity,37.47826086956522,24.706521739130434,65.92227378190255
2025-26,Q3,December,Y58,RVJ,NORTH BRISTOL NHS TRUST,Maternity,61.0,55.51086956521739,91.00142551674982
2025-26,Q3,December,Y56,RVR,EPSOM AND ST HELIER UNIVERSITY HOSPITALS NHS TRUST,Maternity,95.0,28.47826086956522,29.977116704805496
2025-26,Q3,December,Y59,RVV,EAST KENT HOSPITALS UNIVERSITY NHS FOUNDATION TRUST,Maternity,82.33695652173913,49.72826086956522,60.3960396039604
2025-26,Q3,December,Y63,RVW,NORTH TEES AND HARTLEPOOL NHS FOUNDATION TRUST,Maternity,43.04347826086956,14.01086956521739,32.55050505050505
2025-26,Q3,December,Y63,RWA,HULL UNIVERSITY TEACHING HOSPITALS NHS TRUST,Maternity,76.0,39.02173913043478,51.34439359267734
2025-26,Q3,December,Y60,RWD,UNITED LINCOLNSHIRE TEACHING HOSPITALS NHS TRUST,Maternity,161.65217391304347,101.47826086956522,62.77568585260893
2025-26,Q3,December,Y60,RWE,UNIVERSITY HOSPITALS OF LEICESTER NHS TRUST,Maternity,124.0,105.93478260869566,85.4312762973352
2025-26,Q3,December,Y59,RWF,MAIDSTONE AND TUNBRIDGE WELLS NHS TRUST,Maternity,43.0,25.282608695652176,58.79676440849343
2025-26,Q3,December,Y61,RWG,WEST HERTFORDSHIRE TEACHING HOSPITALS NHS TRUST,Maternity,70.0,41.09782608695652,58.7111801242236
2025-26,Q3,December,Y61,RWH,EAST AND NORTH HERTFORDSHIRE NHS TRUST,Maternity,61.0,46.30434782608695,75.90876692801139
2025-26,Q3,December,Y62,RWJ,STOCKPORT NHS FOUNDATION TRUST,Maternity,47.29347826086956,17.17391304347826,36.31349115145944
2025-26,Q3,December,Y60,RWP,WORCESTERSHIRE ACUTE HOSPITALS NHS TRUST,Maternity,62.0,36.59782608695652,59.02875175315568
2025-26,Q3,December,Y62,RWW,WARRINGTON AND HALTON TEACHING HOSPITALS NHS FOUNDATION TRUST,Maternity,37.141304347826086,19.97826086956522,53.78987415861868
2025-26,Q3,December,Y63,RWY,CALDERDALE AND HUDDERSFIELD NHS FOUNDATION TRUST,Maternity,54.84782608695652,21.5,39.19936583432422
2025-26,Q3,December,Y60,RX1,NOTTINGHAM UNIVERSITY HOSPITALS NHS TRUST,Maternity,119.0,76.01086956521739,63.874680306905375
2025-26,Q3,December,Y59,RXC,EAST SUSSEX HEALTHCARE NHS TRUST,Maternity,24.0,21.26086956521739,88.58695652173913
2025-26,Q3,December,Y63,RXF,MID YORKSHIRE TEACHING NHS TRUST,Maternity,60.27173913043478,43.42391304347826,72.04688908926961
2025-26,Q3,December,Y60,RXK,SANDWELL AND WEST BIRMINGHAM HOSPITALS NHS TRUST,Maternity,70.0,43.391304347826086,61.98757763975156
2025-26,Q3,December,Y62,RXL,BLACKPOOL TEACHING HOSPITALS NHS FOUNDATION TRUST,Maternity,37.82608695652174,21.902173913043477,57.90229885057471
2025-26,Q3,December,Y62,RXN,LANCASHIRE TEACHING HOSPITALS NHS FOUNDATION TRUST,Maternity,62.0,32.28260869565217,52.0687237026648
2025-26,Q3,December,Y63,RXP,COUNTY DURHAM AND DARLINGTON NHS FOUNDATION TRUST,Maternity,61.0,33.858695652173914,55.50605844618674
2025-26,Q3,December,Y59,RXQ,BUCKINGHAMSHIRE HEALTHCARE NHS TRUST,Maternity,57.0,28.793478260869566,50.51487414187643
2025-26,Q3,December,Y62,RXR,EAST LANCASHIRE HOSPITALS NHS TRUST,Maternity,72.0,46.98913043478261,65.26268115942028
2025-26,Q3,December,Y60,RXW,THE SHREWSBURY AND TELFORD HOSPITAL NHS TRUST,Maternity,37.0,25.26086956521739,68.27262044653348
2025-26,Q3,December,Y56,RYJ,IMPERIAL COLLEGE HEALTHCARE NHS TRUST,Maternity,54.141304347826086,51.34782608695652,94.84039349528207
2025-26,Q3,December,Y59,RYR,UNIVERSITY HOSPITALS SUSSEX NHS FOUNDATION TRUST,Maternity,139.0,64.1086956521739,46.12136377854238
2025-26,Q4,March,Y62,R0A,MANCHESTER UNIVERSITY NHS FOUNDATION TRUST,Maternity,198.8111111111111,140.01111111111112,70.4241882300341
2025-26,Q4,March,Y58,R0D,UNIVERSITY HOSPITALS DORSET NHS FOUNDATION TRUST,Maternity,60.0,32.644444444444446,54.407407407407405
2025-26,Q4,March,Y59,R1F,ISLE OF WIGHT NHS TRUST,Maternity,16.0,5.533333333333333,34.583333333333336
2025-26,Q4,March,Y56,R1H,BARTS HEALTH NHS TRUST,Maternity,202.53333333333333,142.12222222222223,70.17226245336845
2025-26,Q4,March,Y56,R1K,LONDON NORTH WEST UNIVERSITY HEALTHCARE NHS TRUST,Maternity,68.0,45.77777777777778,67.3202614379085
2025-26,Q4,March,Y59,RA2,ROYAL SURREY COUNTY HOSPITAL NHS FOUNDATION TRUST,Maternity,63.0,17.766666666666666,28.2010582010582
2025-26,Q4,March,Y58,RA7,UNIVERSITY HOSPITALS BRISTOL AND WESTON NHS FOUNDATION TRUST,Maternity,72.06666666666666,44.6,61.88714153561518
2025-26,Q4,March,Y63,RAE,BRADFORD TEACHING HOSPITALS NHS FOUNDATION TRUST,Maternity,85.47777777777777,78.77777777777777,92.16170544650981
2025-26,Q4,March,Y61,RAJ,MID AND SOUTH ESSEX NHS FOUNDATION TRUST,Maternity,133.0,76.78888888888889,57.73600668337511
2025-26,Q4,March,Y56,RAL,ROYAL FREE LONDON NHS FOUNDATION TRUST,Maternity,119.0,60.06666666666667,50.476190476190474
2025-26,Q4,March,Y56,RAS,THE HILLINGDON HOSPITALS NHS FOUNDATION TRUST,Maternity,62.55555555555556,34.922222222222224,55.8259325044405
2025-26,Q4,March,Y56,RAX,KINGSTON HOSPITAL NHS FOUNDATION TRUST,Maternity,60.0,46.53333333333333,77.55555555555556
2025-26,Q4,March,Y58,RBD,DORSET COUNTY HOSPITAL NHS FOUNDATION TRUST,Maternity,32.0,13.488888888888889,42.15277777777778
2025-26,Q4,March,Y60,RBK,WALSALL HEALTHCARE NHS TRUST,Maternity,25.77777777777778,17.377777777777776,67.41379310344827
2025-26,Q4,March,Y62,RBL,WIRRAL UNIVERSITY TEACHING HOSPITAL NHS FOUNDATION TRUST,Maternity,32.0,20.07777777777778,62.74305555555556
2025-26,Q4,March,Y62,RBN,ST HELENS AND KNOWSLEY HOSPITAL SERVICES NHS TRUST,Maternity,66.63333333333334,39.25555555555555,58.912789728197424
2025-26,Q4,March,Y62,RBT,MID CHESHIRE HOSPITALS NHS FOUNDATION TRUST,Maternity,27.0,1.0888888888888888,4.032921810699588
2025-26,Q4,March,Y61,RC9,BEDFORDSHIRE HOSPITALS NHS FOUNDATION TRUST,Maternity,61.7,61.7,100.0
2025-26,Q4,March,Y63,RCB,YORK TEACHING HOSPITAL NHS FOUNDATION TRUST,Maternity,67.73333333333333,17.566666666666666,25.935039370078737
2025-26,Q4,March,Y63,RCD,HARROGATE AND DISTRICT NHS FOUNDATION TRUST,Maternity,26.766666666666666,12.544444444444444,46.86591946865919
2025-26,Q4,March,Y63,RCF,AIREDALE NHS FOUNDATION TRUST,Maternity,29.0,13.6,46.89655172413793
2025-26,Q4,March,Y61,RCX,"THE QUEEN ELIZABETH HOSPITAL, KING'S LYNN, NHS FOUNDATION TRUST",Maternity,19.0,12.78888888888889,67.30994152046785
2025-26,Q4,March,Y58,RD1,ROYAL UNITED HOSPITALS BATH NHS FOUNDATION TRUST,Maternity,58.0,33.3,57.41379310344827
2025-26,Q4,March,Y61,RD8,MILTON KEYNES UNIVERSITY HOSPITAL NHS FOUNDATION TRUST,Maternity,43.0,34.644444444444446,80.56847545219638
2025-26,Q4,March,Y61,RDE,EAST SUFFOLK AND NORTH ESSEX NHS FOUNDATION TRUST,Maternity,65.13333333333334,42.63333333333333,65.45547594677583
2025-26,Q4,March,Y59,RDU,FRIMLEY HEALTH NHS FOUNDATION TRUST,Maternity,130.76666666666668,60.28888888888889,46.10417197722831
2025-26,Q4,March,Y58,REF,ROYAL CORNWALL HOSPITALS NHS TRUST,Maternity,72.25555555555556,29.288888888888888,40.535137628786714
2025-26,Q4,March,Y62,REP,LIVERPOOL WOMEN'S NHS FOUNDATION TRUST,Maternity,88.6,63.922222222222224,72.14697767745173
2025-26,Q4,March,Y56,RF4,"BARKING, HAVERING AND REDBRIDGE UNIVERSITY HOSPITALS NHS TRUST",Maternity,67.38888888888889,67.13333333333334,99.62077493816984
2025-26,Q4,March,Y63,RFF,BARNSLEY HOSPITAL NHS FOUNDATION TRUST,Maternity,32.0,19.8,61.875
2025-26,Q4,March,Y63,RFR,THE ROTHERHAM NHS FOUNDATION TRUST,Maternity,23.344444444444445,20.3,86.95859114707282
2025-26,Q4,March,Y60,RFS,CHESTERFIELD ROYAL HOSPITAL NHS FOUNDATION TRUST,Maternity,34.0,22.133333333333333,65.09803921568627
2025-26,Q4,March,Y61,RGN,NORTH WEST ANGLIA NHS FOUNDATION TRUST,Maternity,109.0,0.0,0.0
2025-26,Q4,March,Y61,RGR,WEST SUFFOLK NHS FOUNDATION TRUST,Maternity,41.0,15.88888888888889,38.75338753387534
2025-26,Q4,March,Y61,RGT,CAMBRIDGE UNIVERSITY HOSPITALS NHS FOUNDATION TRUST,Maternity,59.522222222222226,48.922222222222224,82.19152510733619
2025-26,Q4,March,Y58,RH5,SOMERSET NHS FOUNDATION TRUST,Maternity,53.0,30.3,57.16981132075472
2025-26,Q4,March,Y58,RH8,ROYAL DEVON AND EXETER NHS FOUNDATION TRUST,Maternity,60.32222222222222,20.744444444444444,34.389390311291216
2025-26,Q4,March,Y59,RHM,UNIVERSITY HOSPITAL SOUTHAMPTON NHS FOUNDATION TRUST,Maternity,55.355555555555554,37.7,68.10517864311521
2025-26,Q4,March,Y63,RHQ,SHEFFIELD TEACHING HOSPITALS NHS FOUNDATION TRUST,Maternity,121.74444444444444,70.74444444444444,58.108971433786614
2025-26,Q4,March,Y59,RHU,PORTSMOUTH HOSPITALS UNIVERSITY NATIONAL HEALTH SERVICE TRUST,Maternity,44.0,41.611111111111114,94.57070707070709
2025-26,Q4,March,Y59,RHW,ROYAL BERKSHIRE NHS FOUNDATION TRUST,Maternity,53.12222222222222,49.477777777777774,93.13951056264379
2025-26,Q4,March,Y56,RJ1,GUY'S AND ST THOMAS' NHS FOUNDATION TRUST,Maternity,76.0,62.977777777777774,82.86549707602339
2025-26,Q4,March,Y56,RJ2,LEWISHAM AND GREENWICH NHS TRUST,Maternity,74.16666666666667,62.13333333333333,83.7752808988764
2025-26,Q4,March,Y56,RJ6,CROYDON HEALTH SERVICES NHS TRUST,Maternity,58.0,33.06666666666667,57.011494252873575
2025-26,Q4,March,Y56,RJ7,ST GEORGE'S UNIVERSITY HOSPITALS NHS FOUNDATION TRUST,Maternity,63.0,29.377777777777776,46.63139329805996
2025-26,Q4,March,Y60,RJC,SOUTH WARWICKSHIRE NHS FOUNDATION TRUST,Maternity,40.0,35.166666666666664,87.91666666666667
2025-26,Q4,March,Y60,RJE,UNIVERSITY HOSPITALS OF NORTH MIDLANDS NHS TRUST,Maternity,64.0,0.0,0.0
2025-26,Q4,March,Y63,RJL,NORTHERN LINCOLNSHIRE AND GOOLE NHS FOUNDATION TRUST,Maternity,71.78888888888889,42.55555555555556,59.27874941959449
2025-26,Q4,March,Y62,RJN,EAST CHESHIRE NHS TRUST,Maternity,25.0,1.6888888888888889,6.755555555555555
2025-26,Q4,March,Y62,RJR,COUNTESS OF CHESTER HOSPITAL NHS FOUNDATION TRUST,Maternity,41.0,19.333333333333332,47.15447154471544
2025-26,Q4,March,Y56,RJZ,KING'S COLLEGE HOSPITAL NHS FOUNDATION TRUST,Maternity,120.0,66.78888888888889,55.65740740740741
2025-26,Q4,March,Y60,RK5,SHERWOOD FOREST HOSPITALS NHS FOUNDATION TRUST,Maternity,55.0,29.366666666666667,53.39393939393939
2025-26,Q4,March,Y58,RK9,UNIVERSITY HOSPITALS PLYMOUTH NHS TRUST,Maternity,58.0,47.93333333333333,82.64367816091954
2025-26,Q4,March,Y60,RKB,UNIVERSITY HOSPITALS COVENTRY AND WARWICKSHIRE NHS TRUST,Maternity,75.0,23.744444444444444,31.659259259259258
2025-26,Q4,March,Y56,RKE,WHITTINGTON HEALTH NHS TRUST,Maternity,32.0,26.844444444444445,83.88888888888889
2025-26,Q4,March,Y60,RL4,THE ROYAL WOLVERHAMPTON NHS TRUST,Maternity,51.111111111111114,33.18888888888889,64.93478260869566
2025-26,Q4,March,Y60,RLQ,WYE VALLEY NHS TRUST,Maternity,17.0,8.744444444444444,51.43790849673202
2025-26,Q4,March,Y60,RLT,GEORGE ELIOT HOSPITAL NHS TRUST,Maternity,23.0,23.0,100.0
2025-26,Q4,March,Y61,RM1,NORFOLK AND NORWICH UNIVERSITY HOSPITALS NHS FOUNDATION TRUST,Maternity,79.67777777777778,38.766666666666666,48.6543020499233
2025-26,Q4,March,Y62,RM3,NORTHERN CARE ALLIANCE NHS FOUNDATION TRUST,Maternity,65.82222222222222,48.833333333333336,74.18973666441595
2025-26,Q4,March,Y62,RMC,BOLTON NHS FOUNDATION TRUST,Maternity,53.0,45.833333333333336,86.47798742138365
2025-26,Q4,March,Y62,RMP,TAMESIDE AND GLOSSOP INTEGRATED CARE NHS FOUNDATION TRUST,Maternity,26.57777777777778,16.844444444444445,63.37792642140469
2025-26,Q4,March,Y58,RN3,GREAT WESTERN HOSPITALS NHS FOUNDATION TRUST,Maternity,30.0,24.855555555555554,82.85185185185185
2025-26,Q4,March,Y59,RN5,HAMPSHIRE HOSPITALS NHS FOUNDATION TRUST,Maternity,91.08888888888889,31.355555555555554,34.42303000731886
2025-26,Q4,March,Y59,RN7,DARTFORD AND GRAVESHAM NHS TRUST,Maternity,36.0,34.13333333333333,94.81481481481482
2025-26,Q4,March,Y63,RNN,NORTH CUMBRIA INTEGRATED CARE NHS FOUNDATION TRUST,Maternity,39.0,19.633333333333333,50.34188034188034
2025-26,Q4,March,Y60,RNQ,KETTERING GENERAL HOSPITAL NHS FOUNDATION TRUST,Maternity,49.0,28.07777777777778,57.30158730158731
2025-26,Q4,March,Y60,RNS,NORTHAMPTON GENERAL HOSPITAL NHS TRUST,Maternity,70.0,39.477777777777774,56.39682539682539
2025-26,Q4,March,Y58,RNZ,SALISBURY NHS FOUNDATION TRUST,Maternity,24.0,17.133333333333333,71.38888888888889
2025-26,Q4,March,Y63,RP5,DONCASTER AND BASSETLAW TEACHING HOSPITALS NHS FOUNDATION TRUST,Maternity,77.0,46.422222222222224,60.28860028860029
2025-26,Q4,March,Y59,RPA,MEDWAY NHS FOUNDATION TRUST,Maternity,46.36666666666667,30.4,65.56434219985621
2025-26,Q4,March,Y56,RQM,CHELSEA AND WESTMINSTER HOSPITAL NHS FOUNDATION TRUST,Maternity,91.0,65.64444444444445,72.13675213675214
2025-26,Q4,March,Y61,RQW,THE PRINCESS ALEXANDRA HOSPITAL NHS TRUST,Maternity,47.0,28.211111111111112,60.023640661938536
2025-26,Q4,March,Y56,RQX,HOMERTON UNIVERSITY HOSPITAL NHS FOUNDATION TRUST,Maternity,41.91111111111111,32.1,76.59066808059384
2025-26,Q4,March,Y63,RR7,GATESHEAD HEALTH NHS FOUNDATION TRUST,Maternity,16.0,12.377777777777778,77.36111111111111
2025-26,Q4,March,Y63,RR8,LEEDS TEACHING HOSPITALS NHS TRUST,Maternity,143.0888888888889,53.82222222222222,37.61453641869855
2025-26,Q4,March,Y60,RRK,UNIVERSITY HOSPITALS BIRMINGHAM NHS FOUNDATION TRUST,Maternity,117.0,108.24444444444444,92.51661918328584
2025-26,Q4,March,Y56,RRV,UNIVERSITY COLLEGE LONDON HOSPITALS NHS FOUNDATION TRUST,Maternity,32.0,11.044444444444444,34.513888888888886
2025-26,Q4,March,Y63,RTD,THE NEWCASTLE UPON TYNE HOSPITALS NHS FOUNDATION TRUST,Maternity,107.83333333333333,50.36666666666667,46.70788253477589
2025-26,Q4,March,Y58,RTE,GLOUCESTERSHIRE HOSPITALS NHS FOUNDATION TRUST,Maternity,46.0,23.544444444444444,51.18357487922706
2025-26,Q4,March,Y63,RTF,NORTHUMBRIA HEALTHCARE NHS FOUNDATION TRUST,Maternity,37.13333333333333,28.766666666666666,77.4685816876122
2025-26,Q4,March,Y60,RTG,UNIVERSITY HOSPITALS OF DERBY AND BURTON NHS FOUNDATION TRUST,Maternity,119.53333333333333,60.72222222222222,50.79940509388362
2025-26,Q4,March,Y59,RTH,OXFORD UNIVERSITY HOSPITALS NHS FOUNDATION TRUST,Maternity,77.0,47.111111111111114,61.18326118326118
2025-26,Q4,March,Y59,RTK,ASHFORD AND ST PETER'S HOSPITALS NHS FOUNDATION TRUST,Maternity,54.0,39.93333333333333,73.95061728395062
2025-26,Q4,March,Y59,RTP,SURREY AND SUSSEX HEALTHCARE NHS TRUST,Maternity,35.0,20.633333333333333,58.952380952380956
2025-26,Q4,March,Y63,RTR,SOUTH TEES HOSPITALS NHS FOUNDATION TRUST,Maternity,40.75555555555555,29.0,71.15594329334787
2025-26,Q4,March,Y58,RVJ,NORTH BRISTOL NHS TRUST,Maternity,61.0,54.44444444444444,89.25318761384335
2025-26,Q4,March,Y56,RVR,EPSOM AND ST HELIER UNIVERSITY HOSPITALS NHS TRUST,Maternity,95.0,30.866666666666667,32.49122807017544
2025-26,Q4,March,Y59,RVV,EAST KENT HOSPITALS UNIVERSITY NHS FOUNDATION TRUST,Maternity,81.65555555555555,48.06666666666667,58.86515172132264
2025-26,Q4,March,Y63,RVW,NORTH TEES AND HARTLEPOOL NHS FOUNDATION TRUST,Maternity,43.4,12.977777777777778,29.902713773681516
2025-26,Q4,March,Y63,RWA,HULL AND EAST YORKSHIRE HOSPITALS NHS TRUST,Maternity,76.0,39.75555555555555,52.30994152046783
2025-26,Q4,March,Y60,RWD,UNITED LINCOLNSHIRE HOSPITALS NHS TRUST,Maternity,165.24444444444444,98.13333333333334,59.38676707907477
2025-26,Q4,March,Y60,RWE,UNIVERSITY HOSPITALS OF LEICESTER NHS TRUST,Maternity,124.0,109.88888888888889,88.62007168458781
2025-26,Q4,March,Y59,RWF,MAIDSTONE AND TUNBRIDGE WELLS NHS TRUST,Maternity,43.0,25.533333333333335,59.379844961240316
2025-26,Q4,March,Y61,RWG,WEST HERTFORDSHIRE HOSPITALS NHS TRUST,Maternity,70.0,47.46666666666667,67.80952380952381
2025-26,Q4,March,Y62,RWJ,STOCKPORT NHS FOUNDATION TRUST,Maternity,47.166666666666664,19.622222222222224,41.601884570082454
2025-26,Q4,March,Y60,RWP,WORCESTERSHIRE ACUTE HOSPITALS NHS TRUST,Maternity,62.0,36.766666666666666,59.30107526881721
2025-26,Q4,March,Y62,RWW,WARRINGTON AND HALTON HOSPITALS NHS FOUNDATION TRUST,Maternity,38.0,17.733333333333334,46.666666666666664
2025-26,Q4,March,Y63,RWY,CALDERDALE AND HUDDERSFIELD NHS FOUNDATION TRUST,Maternity,55.77777777777778,21.5,38.54581673306773
2025-26,Q4,March,Y60,RX1,NOTTINGHAM UNIVERSITY HOSPITALS NHS TRUST,Maternity,121.0,83.82222222222222,69.27456382001836
2025-26,Q4,March,Y59,RXC,EAST SUSSEX HEALTHCARE NHS TRUST,Maternity,24.0,19.977777777777778,83.24074074074073
2025-26,Q4,March,Y63,RXF,MID YORKSHIRE HOSPITALS NHS TRUST,Maternity,60.28888888888889,43.077777777777776,71.45226686325101
2025-26,Q4,March,Y60,RXK,SANDWELL AND WEST BIRMINGHAM HOSPITALS NHS TRUST,Maternity,76.0,47.6,62.631578947368425
2025-26,Q4,March,Y62,RXL,BLACKPOOL TEACHING HOSPITALS NHS FOUNDATION TRUST,Maternity,38.0,21.866666666666667,57.54385964912281
2025-26,Q4,March,Y62,RXN,LANCASHIRE TEACHING HOSPITALS NHS FOUNDATION TRUST,Maternity,62.0,32.82222222222222,52.93906810035842
2025-26,Q4,March,Y63,RXP,COUNTY DURHAM AND DARLINGTON NHS FOUNDATION TRUST,Maternity,61.0,33.733333333333334,55.30054644808743
2025-26,Q4,March,Y59,RXQ,BUCKINGHAMSHIRE HEALTHCARE NHS TRUST,Maternity,57.0,34.68888888888889,60.857699805068236
2025-26,Q4,March,Y62,RXR,EAST LANCASHIRE HOSPITALS NHS TRUST,Maternity,72.0,50.91111111111111,70.70987654320989
2025-26,Q4,March,Y60,RXW,SHREWSBURY AND TELFORD HOSPITAL NHS TRUST,Maternity,37.0,0.0,0.0
2025-26,Q4,March,Y56,RYJ,IMPERIAL COLLEGE HEALTHCARE NHS TRUST,Maternity,56.666666666666664,52.266666666666666,92.23529411764706
2025-26,Q4,March,Y59,RYR,UNIVERSITY HOSPITALS SUSSEX NHS FOUNDATION TRUST,Maternity,139.0,64.34444444444445,46.290967226219024
2025-26,Q1,June,Y56,RAL,ROYAL FREE LONDON NHS FOUNDATION TRUST,Mental Illness,0.02197802197802198,0.02197802197802198,100.0
2025-26,Q1,June,Y56,RAT,NORTH EAST LONDON NHS FOUNDATION TRUST,Mental Illness,240.97802197802199,218.12087912087912,90.51484335811027
2025-26,Q1,June,Y56,RKL,WEST LONDON NHS TRUST,Mental Illness,681.8461538461538,614.1428571428571,90.07059051057246
2025-26,Q1,June,Y56,RP4,GREAT ORMOND STREET HOSPITAL FOR CHILDREN NHS FOUNDATION TRUST,Mental Illness,8.010989010989011,6.846153846153846,85.45953360768175
2025-26,Q1,June,Y56,RPG,OXLEAS NHS FOUNDATION TRUST,Mental Illness,365.34065934065933,328.27472527472526,89.85441857667088
2025-26,Q1,June,Y56,RQY,SOUTH WEST LONDON AND ST GEORGE'S MENTAL HEALTH NHS TRUST,Mental Illness,337.6703296703297,302.9340659340659,89.71296537360061
2025-26,Q1,June,Y56,RRV,UNIVERSITY COLLEGE LONDON HOSPITALS NHS FOUNDATION TRUST,Mental Illness,12.0,7.3076923076923075,60.89743589743589
2025-26,Q1,June,Y56,RV3,CENTRAL AND NORTH WEST LONDON NHS FOUNDATION TRUST,Mental Illness,587.5274725274726,534.1318681318681,90.91181146544469
2025-26,Q1,June,Y56,RWK,EAST LONDON NHS FOUNDATION TRUST,Mental Illness,817.7252747252747,771.1098901098901,94.29938317229517
2025-26,Q1,June,Y58,RDY,DORSET HEALTHCARE UNIVERSITY NHS FOUNDATION TRUST,Mental Illness,197.75824175824175,166.92307692307693,84.40764614358747
2025-26,Q1,June,Y58,RH5,SOMERSET NHS FOUNDATION TRUST,Mental Illness,122.04395604395604,110.89010989010988,90.86079596614442
2025-26,Q1,June,Y58,RJ8,CORNWALL PARTNERSHIP NHS FOUNDATION TRUST,Mental Illness,115.73626373626374,99.3076923076923,85.80516521078617
2025-26,Q1,June,Y58,RTQ,GLOUCESTERSHIRE HEALTH AND CARE NHS FOUNDATION TRUST,Mental Illness,157.37362637362637,147.3846153846154,93.65267788562251
2025-26,Q1,June,Y58,RVJ,NORTH BRISTOL NHS TRUST,Mental Illness,11.868131868131869,4.747252747252747,40.0
2025-26,Q1,June,Y58,RVN,AVON AND WILTSHIRE MENTAL HEALTH PARTNERSHIP NHS TRUST,Mental Illness,477.6263736263736,416.13186813186815,87.12497699245353
2025-26,Q1,June,Y58,RWV,DEVON PARTNERSHIP NHS TRUST,Mental Illness,264.7802197802198,248.0,93.66258559867192
2025-26,Q1,June,Y59,RNU,OXFORD HEALTH NHS FOUNDATION TRUST,Mental Illness,407.0,326.967032967033,80.33588033588033
2025-26,Q1,June,Y59,RW1,HAMPSHIRE AND ISLE OF WIGHT HEALTHCARE NHS FOUNDATION TRUST,Mental Illness,489.5824175824176,452.032967032967,92.33031064823128
2025-26,Q1,June,Y59,RWX,BERKSHIRE HEALTHCARE NHS FOUNDATION TRUST,Mental Illness,124.3956043956044,112.27472527472527,90.25618374558304
2025-26,Q1,June,Y59,RX2,SUSSEX PARTNERSHIP NHS FOUNDATION TRUST,Mental Illness,551.2747252747253,513.7582417582418,93.19459394809233
2025-26,Q1,June,Y59,RXX,SURREY AND BORDERS PARTNERSHIP NHS FOUNDATION TRUST,Mental Illness,170.28571428571428,162.05494505494505,95.16649457924626
2025-26,Q1,June,Y59,RXY,KENT AND MEDWAY NHS AND SOCIAL CARE PARTNERSHIP TRUST,Mental Illness,450.34065934065933,409.04395604395603,90.8298967814353
2025-26,Q1,June,Y60,R1A,HEREFORDSHIRE AND WORCESTERSHIRE HEALTH AND CARE NHS TRUST,Mental Illness,142.94505494505495,133.95604395604394,93.71156211562113
2025-26,Q1,June,Y60,RHA,NOTTINGHAMSHIRE HEALTHCARE NHS FOUNDATION TRUST,Mental Illness,800.4505494505495,631.6153846153846,78.9074834227976
2025-26,Q1,June,Y60,RLY,NORTH STAFFORDSHIRE COMBINED HEALTHCARE NHS TRUST,Mental Illness,151.03296703296704,135.2087912087912,89.52270081490104
2025-26,Q1,June,Y60,RP1,NORTHAMPTONSHIRE HEALTHCARE NHS FOUNDATION TRUST,Mental Illness,138.5934065934066,167.47252747252747,120.837297811608
2025-26,Q1,June,Y60,RP7,LINCOLNSHIRE PARTNERSHIP NHS FOUNDATION TRUST,Mental Illness,190.6813186813187,157.78021978021977,82.74550484094053
2025-26,Q1,June,Y60,RRE,MIDLANDS PARTNERSHIP UNIVERSITY NHS FOUNDATION TRUST,Mental Illness,296.9340659340659,261.7032967032967,88.13515413937309
2025-26,Q1,June,Y60,RXM,DERBYSHIRE HEALTHCARE NHS FOUNDATION TRUST,Mental Illness,229.5054945054945,226.0,98.47258798180512
2025-26,Q1,June,Y60,RXT,BIRMINGHAM AND SOLIHULL MENTAL HEALTH NHS FOUNDATION TRUST,Mental Illness,644.8901098901099,597.8351648351648,92.70341654596575
2025-26,Q1,June,Y60,RY8,DERBYSHIRE COMMUNITY HEALTH SERVICES NHS FOUNDATION TRUST,Mental Illness,18.076923076923077,16.53846153846154,91.48936170212767
2025-26,Q1,June,Y60,RYG,COVENTRY AND WARWICKSHIRE PARTNERSHIP NHS TRUST,Mental Illness,246.42857142857142,204.65934065934067,83.05016722408027
2025-26,Q1,June,Y60,TAJ,BLACK COUNTRY HEALTHCARE NHS FOUNDATION TRUST,Mental Illness,273.74725274725273,250.15384615384616,91.38131749026536
2025-26,Q1,June,Y61,R1L,ESSEX PARTNERSHIP UNIVERSITY NHS FOUNDATION TRUST,Mental Illness,590.0,506.42857142857144,85.83535108958839
2025-26,Q1,June,Y61,RMY,NORFOLK AND SUFFOLK NHS FOUNDATION TRUST,Mental Illness,420.0879120879121,377.16483516483515,89.78235848069477
2025-26,Q1,June,Y61,RT1,CAMBRIDGESHIRE AND PETERBOROUGH NHS FOUNDATION TRUST,Mental Illness,195.46153846153845,184.42857142857142,94.35542812166189
2025-26,Q1,June,Y61,RWR,HERTFORDSHIRE PARTNERSHIP UNIVERSITY NHS FOUNDATION TRUST,Mental Illness,341.0,297.010989010989,87.09999677741614
2025-26,Q1,June,Y62,R0A,MANCHESTER UNIVERSITY NHS FOUNDATION TRUST,Mental Illness,12.0,6.4945054945054945,54.12087912087912
2025-26,Q1,June,Y62,RBS,ALDER HEY CHILDREN'S NHS FOUNDATION TRUST,Mental Illness,10.0,4.78021978021978,47.802197802197796
2025-26,Q1,June,Y62,RT2,PENNINE CARE NHS FOUNDATION TRUST,Mental Illness,490.0,463.0659340659341,94.50325185019062
2025-26,Q1,June,Y62,RW4,MERSEY CARE NHS FOUNDATION TRUST,Mental Illness,1017.2527472527472,782.0439560439561,76.8780382413309
2025-26,Q1,June,Y62,RW5,LANCASHIRE & SOUTH CUMBRIA NHS FOUNDATION TRUST,Mental Illness,600.2307692307693,561.978021978022,93.6269932809725
2025-26,Q1,June,Y62,RXA,CHESHIRE AND WIRRAL PARTNERSHIP NHS FOUNDATION TRUST,Mental Illness,255.69230769230768,241.37362637362637,94.40003438198384
2025-26,Q1,June,Y62,RXV,GREATER MANCHESTER MENTAL HEALTH NHS FOUNDATION TRUST,Mental Illness,777.3846153846154,690.7692307692307,88.85810409657628
2025-26,Q1,June,Y63,RCU,SHEFFIELD CHILDREN'S NHS FOUNDATION TRUST,Mental Illness,26.0,12.285714285714286,47.252747252747255
2025-26,Q1,June,Y63,RGD,LEEDS AND YORK PARTNERSHIP NHS FOUNDATION TRUST,Mental Illness,380.02197802197804,338.24175824175825,89.00584118905789
2025-26,Q1,June,Y63,RR7,GATESHEAD HEALTH NHS FOUNDATION TRUST,Mental Illness,26.0,19.197802197802197,73.83770076077768
2025-26,Q1,June,Y63,RTF,NORTHUMBRIA HEALTHCARE NHS FOUNDATION TRUST,Mental Illness,28.0,22.13186813186813,79.04238618524333
2025-26,Q1,June,Y63,RV9,HUMBER TEACHING NHS FOUNDATION TRUST,Mental Illness,201.0,146.2967032967033,72.78442950084741
2025-26,Q1,June,Y63,RX3,"TEES, ESK AND WEAR VALLEYS NHS FOUNDATION TRUST",Mental Illness,608.0,551.3956043956044,90.69006651243494
2025-26,Q1,June,Y63,RX4,"CUMBRIA, NORTHUMBERLAND, TYNE AND WEAR NHS FOUNDATION TRUST",Mental Illness,640.0,586.4725274725274,91.63633241758241
2025-26,Q1,June,Y63,RXE,ROTHERHAM DONCASTER AND SOUTH HUMBER NHS FOUNDATION TRUST,Mental Illness,164.63736263736263,153.92307692307693,93.49219062875451
2025-26,Q1,June,Y63,RXG,SOUTH WEST YORKSHIRE PARTNERSHIP NHS FOUNDATION TRUST,Mental Illness,513.0,443.45054945054943,86.44260223207591
2025-26,Q1,June,Y63,TAD,BRADFORD DISTRICT CARE NHS FOUNDATION TRUST,Mental Illness,186.0,165.0,88.70967741935483
2025-26,Q1,June,Y63,TAH,SHEFFIELD HEALTH & SOCIAL CARE NHS FOUNDATION TRUST,Mental Illness,137.0,129.2967032967033,94.3771556910243
2025-26,Q1,June,Y60,RQ3,BIRMINGHAM WOMEN'S AND CHILDREN'S NHS FOUNDATION TRUST,Mental Illness,30.615384615384617,17.64835164835165,57.645369705671214
2025-26,Q2,September,Y56,G6V2S,NORTH LONDON NHS FOUNDATION TRUST,Mental Illness,663.0,626.6521739130435,94.5176732900518
2025-26,Q2,September,Y56,RAT,NORTH EAST LONDON NHS FOUNDATION TRUST,Mental Illness,241.0,216.75,89.93775933609959
2025-26,Q2,September,Y56,RKL,WEST LONDON NHS TRUST,Mental Illness,689.8369565217391,612.3369565217391,88.76546127786969
2025-26,Q2,September,Y56,RP4,GREAT ORMOND STREET HOSPITAL FOR CHILDREN NHS FOUNDATION TRUST,Mental Illness,8.0,5.891304347826087,73.6413043478261
2025-26,Q2,September,Y56,RPG,OXLEAS NHS FOUNDATION TRUST,Mental Illness,366.0,332.04347826086956,90.72226181990972
2025-26,Q2,September,Y56,RQY,SOUTH WEST LONDON AND ST GEORGE'S MENTAL HEALTH NHS TRUST,Mental Illness,339.0217391304348,305.8478260869565,90.21481243988457
2025-26,Q2,September,Y56,RRV,UNIVERSITY COLLEGE LONDON HOSPITALS NHS FOUNDATION TRUST,Mental Illness,12.0,5.869565217391305,48.91304347826087
2025-26,Q2,September,Y56,RV3,CENTRAL AND NORTH WEST LONDON NHS FOUNDATION TRUST,Mental Illness,608.2065217391304,533.9130434782609,87.78482709319991
2025-26,Q2,September,Y56,RWK,EAST LONDON NHS FOUNDATION TRUST,Mental Illness,830.0,765.9239130434783,92.27998952331063
2025-26,Q2,September,Y58,RDY,DORSET HEALTHCARE UNIVERSITY NHS FOUNDATION TRUST,Mental Illness,200.47826086956522,162.97826086956522,81.29472999349382
2025-26,Q2,September,Y58,RH5,SOMERSET NHS FOUNDATION TRUST,Mental Illness,98.15217391304348,90.75,92.45847176079734
2025-26,Q2,September,Y58,RJ8,CORNWALL PARTNERSHIP NHS FOUNDATION TRUST,Mental Illness,116.59782608695652,103.8695652173913,89.08362077001958
2025-26,Q2,September,Y58,RTQ,GLOUCESTERSHIRE HEALTH AND CARE NHS FOUNDATION TRUST,Mental Illness,158.8913043478261,152.17391304347825,95.7723354768094
2025-26,Q2,September,Y58,RVJ,NORTH BRISTOL NHS TRUST,Mental Illness,12.0,4.619565217391305,38.49637681159421
2025-26,Q2,September,Y58,RVN,AVON AND WILTSHIRE MENTAL HEALTH PARTNERSHIP NHS TRUST,Mental Illness,486.8804347826087,436.25,89.60105373607483
2025-26,Q2,September,Y58,RWV,DEVON PARTNERSHIP NHS TRUST,Mental Illness,261.5869565217391,254.43478260869566,97.26585223967423
2025-26,Q2,September,Y59,RNU,OXFORD HEALTH NHS FOUNDATION TRUST,Mental Illness,408.0,328.9021739130435,80.6132779198636
2025-26,Q2,September,Y59,RW1,HAMPSHIRE AND ISLE OF WIGHT HEALTHCARE NHS FOUNDATION TRUST,Mental Illness,486.2391304347826,461.14130434782606,94.83837796754146
2025-26,Q2,September,Y59,RWX,BERKSHIRE HEALTHCARE NHS FOUNDATION TRUST,Mental Illness,119.33695652173913,109.52173913043478,91.77520721377175
2025-26,Q2,September,Y59,RX2,SUSSEX PARTNERSHIP NHS FOUNDATION TRUST,Mental Illness,554.695652173913,523.1304347826087,94.30945289230289
2025-26,Q2,September,Y59,RXX,SURREY AND BORDERS PARTNERSHIP NHS FOUNDATION TRUST,Mental Illness,170.09782608695653,162.9673913043478,95.80803885232282
2025-26,Q2,September,Y59,RXY,KENT AND MEDWAY NHS AND SOCIAL CARE PARTNERSHIP TRUST,Mental Illness,450.45652173913044,410.5326086956522,91.13701076202886
2025-26,Q2,September,Y60,R1A,HEREFORDSHIRE AND WORCESTERSHIRE HEALTH AND CARE NHS TRUST,Mental Illness,142.08695652173913,131.80434782608697,92.76315789473686
2025-26,Q2,September,Y60,RHA,NOTTINGHAMSHIRE HEALTHCARE NHS FOUNDATION TRUST,Mental Illness,800.4347826086956,634.054347826087,79.21374253123304
2025-26,Q2,September,Y60,RLY,NORTH STAFFORDSHIRE COMBINED HEALTHCARE NHS TRUST,Mental Illness,148.0,126.56521739130434,85.51703877790834
2025-26,Q2,September,Y60,RP1,NORTHAMPTONSHIRE HEALTHCARE NHS FOUNDATION TRUST,Mental Illness,138.0,166.9673913043478,120.99086326402015
2025-26,Q2,September,Y60,RP7,LINCOLNSHIRE PARTNERSHIP NHS FOUNDATION TRUST,Mental Illness,188.6086956521739,159.6413043478261,84.6415398801291
2025-26,Q2,September,Y60,RRE,MIDLANDS PARTNERSHIP UNIVERSITY NHS FOUNDATION TRUST,Mental Illness,296.57608695652175,259.5326086956522,87.50962067069818
2025-26,Q2,September,Y60,RXM,DERBYSHIRE HEALTHCARE NHS FOUNDATION TRUST,Mental Illness,268.6304347826087,245.8586956521739,91.52302338755362
2025-26,Q2,September,Y60,RXT,BIRMINGHAM AND SOLIHULL MENTAL HEALTH NHS FOUNDATION TRUST,Mental Illness,627.6304347826087,594.9891304347826,94.7992795538776
2025-26,Q2,September,Y60,RY8,DERBYSHIRE COMMUNITY HEALTH SERVICES NHS FOUNDATION TRUST,Mental Illness,17.293478260869566,15.173913043478262,87.74355751099937
2025-26,Q2,September,Y60,RYG,COVENTRY AND WARWICKSHIRE PARTNERSHIP NHS TRUST,Mental Illness,246.9891304347826,204.45652173913044,82.77956255776087
2025-26,Q2,September,Y60,TAJ,BLACK COUNTRY HEALTHCARE NHS FOUNDATION TRUST,Mental Illness,273.19565217391306,248.70652173913044,91.03604678920983
2025-26,Q2,September,Y61,RMY,NORFOLK AND SUFFOLK NHS FOUNDATION TRUST,Mental Illness,420.5217391304348,364.92391304347825,86.77884615384615
2025-26,Q2,September,Y61,RT1,CAMBRIDGESHIRE AND PETERBOROUGH NHS FOUNDATION TRUST,Mental Illness,189.7608695652174,170.22826086956522,89.70672471073433
2025-26,Q2,September,Y61,RWR,HERTFORDSHIRE PARTNERSHIP UNIVERSITY NHS FOUNDATION TRUST,Mental Illness,341.0,290.44565217391306,85.174678056866
2025-26,Q2,September,Y62,R0A,MANCHESTER UNIVERSITY NHS FOUNDATION TRUST,Mental Illness,12.0,5.695652173913044,47.46376811594203
2025-26,Q2,September,Y62,RBS,ALDER HEY CHILDREN'S NHS FOUNDATION TRUST,Mental Illness,10.0,6.695652173913044,66.95652173913044
2025-26,Q2,September,Y62,RT2,PENNINE CARE NHS FOUNDATION TRUST,Mental Illness,487.7173913043478,461.35869565217394,94.59549810563853
2025-26,Q2,September,Y62,RW4,MERSEY CARE NHS FOUNDATION TRUST,Mental Illness,1013.3152173913044,786.3586956521739,77.6025744167337
2025-26,Q2,September,Y62,RW5,LANCASHIRE & SOUTH CUMBRIA NHS FOUNDATION TRUST,Mental Illness,604.9021739130435,572.6413043478261,94.66676250202153
2025-26,Q2,September,Y62,RXA,CHESHIRE AND WIRRAL PARTNERSHIP NHS FOUNDATION TRUST,Mental Illness,251.3913043478261,237.82608695652175,94.60394327222414
2025-26,Q2,September,Y62,RXV,GREATER MANCHESTER MENTAL HEALTH NHS FOUNDATION TRUST,Mental Illness,777.5978260869565,705.304347826087,90.7029732034275
2025-26,Q2,September,Y63,RCU,SHEFFIELD CHILDREN'S NHS FOUNDATION TRUST,Mental Illness,26.0,8.402173913043478,32.31605351170569
2025-26,Q2,September,Y63,RGD,LEEDS AND YORK PARTNERSHIP NHS FOUNDATION TRUST,Mental Illness,504.25,458.95652173913044,91.01765428639176
2025-26,Q2,September,Y63,RR7,GATESHEAD HEALTH NHS FOUNDATION TRUST,Mental Illness,26.0,14.804347826086957,56.93979933110368
2025-26,Q2,September,Y63,RTF,NORTHUMBRIA HEALTHCARE NHS FOUNDATION TRUST,Mental Illness,27.804347826086957,21.380434782608695,76.89601250977326
2025-26,Q2,September,Y63,RV9,HUMBER TEACHING NHS FOUNDATION TRUST,Mental Illness,196.18478260869566,149.33695652173913,76.12056069588343
2025-26,Q2,September,Y63,RX3,"TEES, ESK AND WEAR VALLEYS NHS FOUNDATION TRUST",Mental Illness,608.0,536.9347826086956,88.3116418764302
2025-26,Q2,September,Y63,RX4,"CUMBRIA, NORTHUMBERLAND, TYNE AND WEAR NHS FOUNDATION TRUST",Mental Illness,640.0,593.1739130434783,92.68342391304347
2025-26,Q2,September,Y63,RXE,ROTHERHAM DONCASTER AND SOUTH HUMBER NHS FOUNDATION TRUST,Mental Illness,162.77173913043478,152.90217391304347,93.93656093489147
2025-26,Q2,September,Y63,RXG,SOUTH WEST YORKSHIRE PARTNERSHIP NHS FOUNDATION TRUST,Mental Illness,513.0,445.3478260869565,86.8124417323502
2025-26,Q2,September,Y63,TAD,BRADFORD DISTRICT CARE NHS FOUNDATION TRUST,Mental Illness,183.2608695652174,167.82608695652175,91.5776986951364
2025-26,Q2,September,Y63,TAH,SHEFFIELD HEALTH & SOCIAL CARE NHS FOUNDATION TRUST,Mental Illness,137.0,129.91304347826087,94.82703903522692
2025-26,Q2,September,Y60,RQ3,BIRMINGHAM WOMEN'S AND CHILDREN'S NHS FOUNDATION TRUST,Mental Illness,39.65217391304348,16.91304347826087,42.65350877192983
2025-26,Q2,September,Y61,R1L,ESSEX PARTNERSHIP UNIVERSITY NHS FOUNDATION TRUST,Mental Illness,587.3478260869565,511.60869565217394,87.10489303427346
2025-26,Q3,December,Y56,G6V2S,NORTH LONDON NHS FOUNDATION TRUST,Mental Illness,663.0,619.8804347826087,93.49629483900584
2025-26,Q3,December,Y62,R0A,MANCHESTER UNIVERSITY NHS FOUNDATION TRUST,Mental Illness,10.021739130434783,6.282608695652174,62.68980477223427
2025-26,Q3,December,Y60,R1A,HEREFORDSHIRE AND WORCESTERSHIRE HEALTH AND CARE NHS TRUST,Mental Illness,140.0,128.66304347826087,91.90217391304348
2025-26,Q3,December,Y61,R1L,ESSEX PARTNERSHIP UNIVERSITY NHS FOUNDATION TRUST,Mental Illness,586.0,550.304347826087,93.90859177919573
2025-26,Q3,December,Y56,RAT,NORTH EAST LONDON NHS FOUNDATION TRUST,Mental Illness,240.54347826086956,218.31521739130434,90.75915047446904
2025-26,Q3,December,Y62,RBS,ALDER HEY CHILDREN'S NHS FOUNDATION TRUST,Mental Illness,10.0,6.021739130434782,60.21739130434782
2025-26,Q3,December,Y63,RCU,SHEFFIELD CHILDREN'S NHS FOUNDATION TRUST,Mental Illness,26.0,9.934782608695652,38.21070234113713
2025-26,Q3,December,Y58,RDY,DORSET HEALTHCARE UNIVERSITY NHS FOUNDATION TRUST,Mental Illness,203.0,177.83695652173913,87.60441207967445
2025-26,Q3,December,Y63,RGD,LEEDS AND YORK PARTNERSHIP NHS FOUNDATION TRUST,Mental Illness,380.1304347826087,351.4130434782609,92.44538487933204
2025-26,Q3,December,Y58,RH5,SOMERSET NHS FOUNDATION TRUST,Mental Illness,95.32608695652173,88.6195652173913,92.96465222348917
2025-26,Q3,December,Y60,RHA,NOTTINGHAMSHIRE HEALTHCARE NHS FOUNDATION TRUST,Mental Illness,806.3913043478261,640.9565217391304,79.48455275785841
2025-26,Q3,December,Y58,RJ8,CORNWALL PARTNERSHIP NHS FOUNDATION TRUST,Mental Illness,113.21739130434783,98.1086956521739,86.65514592933947
2025-26,Q3,December,Y56,RKL,WEST LONDON NHS TRUST,Mental Illness,682.0652173913044,616.6630434782609,90.41115537848606
2025-26,Q3,December,Y60,RLY,NORTH STAFFORDSHIRE COMBINED HEALTHCARE NHS TRUST,Mental Illness,147.92391304347825,126.40217391304348,85.4508046145933
2025-26,Q3,December,Y61,RMY,NORFOLK AND SUFFOLK NHS FOUNDATION TRUST,Mental Illness,419.8478260869565,371.6521739130435,88.52068554859423
2025-26,Q3,December,Y59,RNU,OXFORD HEALTH NHS FOUNDATION TRUST,Mental Illness,406.82608695652175,326.8695652173913,80.34626482847067
2025-26,Q3,December,Y60,RP1,NORTHAMPTONSHIRE HEALTHCARE NHS FOUNDATION TRUST,Mental Illness,198.0,169.57608695652175,85.64448836187967
2025-26,Q3,December,Y56,RP4,GREAT ORMOND STREET HOSPITAL FOR CHILDREN NHS FOUNDATION TRUST,Mental Illness,8.0,3.391304347826087,42.391304347826086
2025-26,Q3,December,Y60,RP7,LINCOLNSHIRE PARTNERSHIP NHS FOUNDATION TRUST,Mental Illness,191.0,168.04347826086956,87.98087867061234
2025-26,Q3,December,Y56,RPG,OXLEAS NHS FOUNDATION TRUST,Mental Illness,382.0,347.3695652173913,90.93444115638516
2025-26,Q3,December,Y61,RQ3,BIRMINGHAM WOMEN'S AND CHILDREN'S NHS FOUNDATION TRUST,Mental Illness,34.0,16.91304347826087,49.74424552429668
2025-26,Q3,December,Y56,RQY,SOUTH WEST LONDON AND ST GEORGE'S MENTAL HEALTH NHS TRUST,Mental Illness,343.5108695652174,310.2608695652174,90.32053918931747
2025-26,Q3,December,Y63,RR7,GATESHEAD HEALTH NHS FOUNDATION TRUST,Mental Illness,26.0,13.130434782608695,50.50167224080268
2025-26,Q3,December,Y60,RRE,MIDLANDS PARTNERSHIP UNIVERSITY NHS FOUNDATION TRUST,Mental Illness,295.95652173913044,257.80434782608694,87.10885852798589
2025-26,Q3,December,Y56,RRV,UNIVERSITY COLLEGE LONDON HOSPITALS NHS FOUNDATION TRUST,Mental Illness,12.0,6.663043478260869,55.52536231884058
2025-26,Q3,December,Y61,RT1,CAMBRIDGESHIRE AND PETERBOROUGH NHS FOUNDATION TRUST,Mental Illness,188.19565217391303,178.25,94.71525932771169
2025-26,Q3,December,Y62,RT2,PENNINE CARE NHS FOUNDATION TRUST,Mental Illness,487.0,446.2608695652174,91.63467547540398
2025-26,Q3,December,Y63,RTF,NORTHUMBRIA HEALTHCARE NHS FOUNDATION TRUST,Mental Illness,28.0,20.77173913043478,74.18478260869564
2025-26,Q3,December,Y58,RTQ,GLOUCESTERSHIRE HEALTH AND CARE NHS FOUNDATION TRUST,Mental Illness,158.6304347826087,151.81521739130434,95.70371385500891
2025-26,Q3,December,Y56,RV3,CENTRAL AND NORTH WEST LONDON NHS FOUNDATION TRUST,Mental Illness,578.1086956521739,526.0217391304348,90.9901101793705
2025-26,Q3,December,Y63,RV9,HUMBER TEACHING NHS FOUNDATION TRUST,Mental Illness,183.68478260869566,144.04347826086956,78.41884135155927
2025-26,Q3,December,Y58,RVJ,NORTH BRISTOL NHS TRUST,Mental Illness,12.0,3.630434782608696,30.253623188405797
2025-26,Q3,December,Y58,RVN,AVON AND WILTSHIRE MENTAL HEALTH PARTNERSHIP NHS TRUST,Mental Illness,487.89130434782606,432.4891304347826,88.64456623446064
2025-26,Q3,December,Y59,RW1,HAMPSHIRE AND ISLE OF WIGHT HEALTHCARE NHS FOUNDATION TRUST,Mental Illness,508.1195652173913,459.07608695652175,90.348043724731
2025-26,Q3,December,Y62,RW4,MERSEY CARE NHS FOUNDATION TRUST,Mental Illness,1005.0760869565217,779.2934782608696,77.53576951777391
2025-26,Q3,December,Y62,RW5,LANCASHIRE & SOUTH CUMBRIA NHS FOUNDATION TRUST,Mental Illness,603.4565217391304,568.4130434782609,94.19287438308297
2025-26,Q3,December,Y56,RWK,EAST LONDON NHS FOUNDATION TRUST,Mental Illness,810.6413043478261,746.0652173913044,92.03395057589938
2025-26,Q3,December,Y61,RWR,HERTFORDSHIRE PARTNERSHIP UNIVERSITY NHS FOUNDATION TRUST,Mental Illness,319.8152173913044,286.5652173913044,89.60337151208239
2025-26,Q3,December,Y58,RWV,DEVON PARTNERSHIP NHS TRUST,Mental Illness,261.0978260869565,250.97826086956522,96.12422463677616
2025-26,Q3,December,Y59,RWX,BERKSHIRE HEALTHCARE NHS FOUNDATION TRUST,Mental Illness,121.21739130434783,114.8586956521739,94.75430416068866
2025-26,Q3,December,Y59,RX2,SUSSEX PARTNERSHIP NHS FOUNDATION TRUST,Mental Illness,555.8369565217391,520.9891304347826,93.7305669085007
2025-26,Q3,December,Y63,RX3,"TEES, ESK AND WEAR VALLEYS NHS FOUNDATION TRUST",Mental Illness,610.0,520.3913043478261,85.31004989308624
2025-26,Q3,December,Y63,RX4,"CUMBRIA,  NORTHUMBERLAND,  TYNE AND WEAR NHS FOUNDATION TRUST",Mental Illness,625.1086956521739,580.4565217391304,92.85689445313858
2025-26,Q3,December,Y62,RXA,CHESHIRE AND WIRRAL PARTNERSHIP NHS FOUNDATION TRUST,Mental Illness,252.59782608695653,237.3804347826087,93.97564439089462
2025-26,Q3,December,Y63,RXE,ROTHERHAM DONCASTER AND SOUTH HUMBER NHS FOUNDATION TRUST,Mental Illness,155.81521739130434,146.6413043478261,94.11231252179981
2025-26,Q3,December,Y63,RXG,SOUTH WEST YORKSHIRE PARTNERSHIP NHS FOUNDATION TRUST,Mental Illness,513.0,441.4782608695652,86.05814052038308
2025-26,Q3,December,Y60,RXM,DERBYSHIRE HEALTHCARE NHS FOUNDATION TRUST,Mental Illness,271.9782608695652,241.18478260869566,88.67796339221486
2025-26,Q3,December,Y60,RXT,BIRMINGHAM AND SOLIHULL MENTAL HEALTH NHS FOUNDATION TRUST,Mental Illness,637.9130434782609,608.6521739130435,95.41303162486369
2025-26,Q3,December,Y62,RXV,GREATER MANCHESTER MENTAL HEALTH NHS FOUNDATION TRUST,Mental Illness,787.0,723.4347826086956,91.92309817137175
2025-26,Q3,December,Y59,RXX,SURREY AND BORDERS PARTNERSHIP NHS FOUNDATION TRUST,Mental Illness,169.1304347826087,158.9891304347826,94.0038560411311
2025-26,Q3,December,Y59,RXY,KENT AND MEDWAY MENTAL HEALTH NHS TRUST,Mental Illness,448.9891304347826,407.95652173913044,90.86111312852543
2025-26,Q3,December,Y60,RY8,DERBYSHIRE COMMUNITY HEALTH SERVICES NHS FOUNDATION TRUST,Mental Illness,17.956521739130434,12.771739130434783,71.12590799031477
2025-26,Q3,December,Y60,RYG,COVENTRY AND WARWICKSHIRE PARTNERSHIP NHS TRUST,Mental Illness,244.0,202.6413043478261,83.04971489665004
2025-26,Q3,December,Y63,TAD,BRADFORD DISTRICT CARE NHS FOUNDATION TRUST,Mental Illness,182.0,172.91304347826087,95.00716674629719
2025-26,Q3,December,Y63,TAH,SHEFFIELD HEALTH PARTNERSHIP UNIVERSITY NHS FOUNDATION TRUST,Mental Illness,138.25,128.9891304347826,93.30136016982466
2025-26,Q3,December,Y60,TAJ,BLACK COUNTRY HEALTHCARE NHS FOUNDATION TRUST,Mental Illness,270.82608695652175,250.56521739130434,92.51886338096003
2025-26,Q4,March,Y56,G6V2S,NORTH LONDON NHS FOUNDATION TRUST,Mental Illness,625.8888888888889,586.2444444444444,93.66589739037812
2025-26,Q4,March,Y62,R0A,MANCHESTER UNIVERSITY NHS FOUNDATION TRUST,Mental Illness,9.5,5.633333333333334,59.298245614035096
2025-26,Q4,March,Y60,R1A,WORCESTERSHIRE HEALTH AND CARE NHS TRUST,Mental Illness,140.0,127.9,91.35714285714286
2025-26,Q4,March,Y61,R1L,ESSEX PARTNERSHIP UNIVERSITY NHS FOUNDATION TRUST,Mental Illness,586.0,540.3111111111111,92.20326128175958
2025-26,Q4,March,Y56,RAT,NORTH EAST LONDON NHS FOUNDATION TRUST,Mental Illness,240.93333333333334,218.95555555555555,90.87806677734734
2025-26,Q4,March,Y62,RBS,ALDER HEY CHILDREN'S NHS FOUNDATION TRUST,Mental Illness,10.0,2.4555555555555557,24.555555555555557
2025-26,Q4,March,Y63,RCU,SHEFFIELD CHILDREN'S NHS FOUNDATION TRUST,Mental Illness,26.0,13.911111111111111,53.504273504273506
2025-26,Q4,March,Y58,RDY,DORSET HEALTHCARE UNIVERSITY NHS FOUNDATION TRUST,Mental Illness,202.06666666666666,182.34444444444443,90.2397448586825
2025-26,Q4,March,Y63,RGD,LEEDS AND YORK PARTNERSHIP NHS FOUNDATION TRUST,Mental Illness,380.81111111111113,353.93333333333334,92.94196597905055
2025-26,Q4,March,Y58,RH5,SOMERSET NHS FOUNDATION TRUST,Mental Illness,118.03333333333333,106.34444444444445,90.09695942765697
2025-26,Q4,March,Y60,RHA,NOTTINGHAMSHIRE HEALTHCARE NHS FOUNDATION TRUST,Mental Illness,814.0888888888888,643.1222222222223,78.99901730632747
2025-26,Q4,March,Y58,RJ8,CORNWALL PARTNERSHIP NHS FOUNDATION TRUST,Mental Illness,113.62222222222222,100.81111111111112,88.7248190885977
2025-26,Q4,March,Y56,RKL,WEST LONDON MENTAL HEALTH NHS TRUST,Mental Illness,680.3666666666667,616.7666666666667,90.6520993581892
2025-26,Q4,March,Y60,RLY,NORTH STAFFORDSHIRE COMBINED HEALTHCARE NHS TRUST,Mental Illness,144.37777777777777,127.74444444444444,88.47929813760197
2025-26,Q4,March,Y61,RMY,NORFOLK AND SUFFOLK NHS FOUNDATION TRUST,Mental Illness,409.3222222222222,356.34444444444443,87.05719482070631
2025-26,Q4,March,Y58,RN3,GREAT WESTERN HOSPITALS NHS FOUNDATION TRUST,Mental Illness,0.07777777777777778,0.07777777777777778,100.0
2025-26,Q4,March,Y59,RNU,OXFORD HEALTH NHS FOUNDATION TRUST,Mental Illness,405.4555555555556,336.0,82.86974870516018
2025-26,Q4,March,Y60,RP1,NORTHAMPTONSHIRE HEALTHCARE NHS FOUNDATION TRUST,Mental Illness,205.95555555555555,171.01111111111112,83.03301683211049
2025-26,Q4,March,Y56,RP4,GREAT ORMOND STREET HOSPITAL FOR CHILDREN NHS FOUNDATION TRUST,Mental Illness,8.0,4.9222222222222225,61.52777777777778
2025-26,Q4,March,Y60,RP7,LINCOLNSHIRE PARTNERSHIP NHS FOUNDATION TRUST,Mental Illness,190.45555555555555,167.65555555555557,88.02870310950354
2025-26,Q4,March,Y56,RPG,OXLEAS NHS FOUNDATION TRUST,Mental Illness,382.0,340.7,89.18848167539267
2025-26,Q4,March,Y56,RQY,SOUTH WEST LONDON AND ST GEORGE'S MENTAL HEALTH NHS TRUST,Mental Illness,339.23333333333335,300.27777777777777,88.51658969571909
2025-26,Q4,March,Y63,RR7,GATESHEAD HEALTH NHS FOUNDATION TRUST,Mental Illness,26.0,16.788888888888888,64.57264957264957
2025-26,Q4,March,Y60,RRE,MIDLANDS PARTNERSHIP NHS FOUNDATION TRUST,Mental Illness,295.5111111111111,255.01111111111112,86.29493156865693
2025-26,Q4,March,Y56,RRV,UNIVERSITY COLLEGE LONDON HOSPITALS NHS FOUNDATION TRUST,Mental Illness,12.0,6.877777777777778,57.31481481481482
2025-26,Q4,March,Y61,RT1,CAMBRIDGESHIRE AND PETERBOROUGH NHS FOUNDATION TRUST,Mental Illness,200.5222222222222,176.66666666666666,88.10328586468665
2025-26,Q4,March,Y62,RT2,PENNINE CARE NHS FOUNDATION TRUST,Mental Illness,487.0,443.1777777777778,91.00159707962582
2025-26,Q4,March,Y63,RTF,NORTHUMBRIA HEALTHCARE NHS FOUNDATION TRUST,Mental Illness,28.0,20.133333333333333,71.9047619047619
2025-26,Q4,March,Y58,RTQ,GLOUCESTERSHIRE HEALTH AND CARE NHS FOUNDATION TRUST,Mental Illness,155.96666666666667,148.65555555555557,95.31238868704139
2025-26,Q4,March,Y56,RV3,CENTRAL AND NORTH WEST LONDON NHS FOUNDATION TRUST,Mental Illness,581.5222222222222,516.5666666666667,88.83008196877927
2025-26,Q4,March,Y63,RV9,HUMBER TEACHING NHS FOUNDATION TRUST,Mental Illness,182.0,151.0,82.96703296703298
2025-26,Q4,March,Y58,RVJ,NORTH BRISTOL NHS TRUST,Mental Illness,12.0,2.611111111111111,21.75925925925926
2025-26,Q4,March,Y58,RVN,AVON AND WILTSHIRE MENTAL HEALTH PARTNERSHIP NHS TRUST,Mental Illness,488.0,442.9888888888889,90.7764116575592
2025-26,Q4,March,Y59,RW1,SOUTHERN HEALTH NHS FOUNDATION TRUST,Mental Illness,512.1666666666666,452.0,88.25252196550602
2025-26,Q4,March,Y62,RW4,MERSEY CARE NHS FOUNDATION TRUST,Mental Illness,1008.6333333333333,781.3222222222222,77.4634543992421
2025-26,Q4,March,Y62,RW5,LANCASHIRE CARE NHS FOUNDATION TRUST,Mental Illness,589.5111111111111,576.6666666666666,97.82117008443907
2025-26,Q4,March,Y56,RWK,EAST LONDON NHS FOUNDATION TRUST,Mental Illness,735.0,660.2222222222222,89.82615268329553
2025-26,Q4,March,Y61,RWR,HERTFORDSHIRE PARTNERSHIP UNIVERSITY NHS FOUNDATION TRUST,Mental Illness,316.1111111111111,286.55555555555554,90.65026362038665
2025-26,Q4,March,Y58,RWV,DEVON PARTNERSHIP NHS TRUST,Mental Illness,254.94444444444446,244.33333333333334,95.83787317498366
2025-26,Q4,March,Y59,RWX,BERKSHIRE HEALTHCARE NHS FOUNDATION TRUST,Mental Illness,123.06666666666666,116.34444444444445,94.53773925604912
2025-26,Q4,March,Y59,RX2,SUSSEX PARTNERSHIP NHS FOUNDATION TRUST,Mental Illness,518.6444444444444,513.4888888888889,99.00595569647373
2025-26,Q4,March,Y63,RX3,"TEES, ESK AND WEAR VALLEYS NHS FOUNDATION TRUST",Mental Illness,610.0,514.9444444444445,84.41712204007287
2025-26,Q4,March,Y63,RX4,"CUMBRIA, NORTHUMBERLAND, TYNE AND WEAR NHS FOUNDATION TRUST",Mental Illness,620.7333333333333,567.6777777777778,91.45276196613324
2025-26,Q4,March,Y62,RXA,CHESHIRE AND WIRRAL PARTNERSHIP NHS FOUNDATION TRUST,Mental Illness,244.65555555555557,244.65555555555557,100.0
2025-26,Q4,March,Y63,RXE,ROTHERHAM DONCASTER AND SOUTH HUMBER NHS FOUNDATION TRUST,Mental Illness,157.32222222222222,155.25555555555556,98.68634790592556
2025-26,Q4,March,Y63,RXG,SOUTH WEST YORKSHIRE PARTNERSHIP NHS FOUNDATION TRUST,Mental Illness,513.0,445.0,86.74463937621833
2025-26,Q4,March,Y60,RXM,DERBYSHIRE HEALTHCARE NHS FOUNDATION TRUST,Mental Illness,271.9888888888889,240.36666666666667,88.37370807631031
2025-26,Q4,March,Y60,RXT,BIRMINGHAM AND SOLIHULL MENTAL HEALTH NHS FOUNDATION TRUST,Mental Illness,638.0222222222222,602.5555555555555,94.44115495803001
2025-26,Q4,March,Y62,RXV,GREATER MANCHESTER MENTAL HEALTH NHS FOUNDATION TRUST,Mental Illness,769.5777777777778,704.5444444444445,91.54947879067888
2025-26,Q4,March,Y59,RXX,SURREY AND BORDERS PARTNERSHIP NHS FOUNDATION TRUST,Mental Illness,167.73333333333332,155.01111111111112,92.41520932697405
2025-26,Q4,March,Y59,RXY,KENT AND MEDWAY NHS AND SOCIAL CARE PARTNERSHIP TRUST,Mental Illness,451.34444444444443,412.96666666666664,91.49700893626449
2025-26,Q4,March,Y60,RY8,DERBYSHIRE COMMUNITY HEALTH SERVICES NHS FOUNDATION TRUST,Mental Illness,17.455555555555556,10.988888888888889,62.95353278166773
2025-26,Q4,March,Y60,RYG,COVENTRY AND WARWICKSHIRE PARTNERSHIP NHS TRUST,Mental Illness,242.5,205.51111111111112,84.74684994272623
2025-26,Q4,March,Y63,TAD,BRADFORD DISTRICT CARE NHS FOUNDATION TRUST,Mental Illness,186.0,171.92222222222222,92.43130227001195
2025-26,Q4,March,Y63,TAH,SHEFFIELD HEALTH & SOCIAL CARE NHS FOUNDATION TRUST,Mental Illness,143.86666666666667,132.0222222222222,91.76706827309235
2025-26,Q4,March,Y60,TAJ,BLACK COUNTRY HEALTHCARE NHS FOUNDATION TRUST,Mental Illness,270.27777777777777,250.07777777777778,92.5262076053443
