year,quarter,period_end,region_code,org_code,org_name,available_total,occupied_total,occupancy_total,available_general_acute,occupied_general_acute,occupancy_general_acute,available_learning_disabilities,occupied_learning_disabilities,occupancy_learning_disabilities,available_maternity,occupied_maternity,occupancy_maternity,available_mental_illness,occupied_mental_illness,occupancy_mental_illness,occupancy_band,high_occupancy_92,high_occupancy_95
2025-26,Q1,June,Y56,R1H,BARTS HEALTH NHS TRUST,2162.736263736264,1996.5824175824175,92.31742450802554,1969.5384615384614,1859.978021978022,94.43725310777334,0.0,0.0,,193.1978021978022,136.6043956043956,70.70701325294351,0.0,0.0,,92–94.9% High occupancy,True,False
2025-26,Q1,June,Y56,R1K,LONDON NORTH WEST UNIVERSITY HEALTHCARE NHS TRUST,1097.5274725274726,990.010989010989,90.2037546933667,1036.5274725274726,948.4285714285714,91.50057249480513,0.0,0.0,,61.0,41.582417582417584,68.1678976760944,0.0,0.0,,85–91.9% Moderate-high occupancy,False,False
2025-26,Q1,June,Y56,RAL,ROYAL FREE LONDON NHS FOUNDATION TRUST,1537.7142857142858,1456.6923076923076,94.7310122059286,1448.8241758241759,1420.7032967032967,98.0590550882489,0.0,0.0,,88.86813186813187,35.967032967032964,40.47236305181154,0.02197802197802198,0.02197802197802198,100.0,92–94.9% High occupancy,True,False
2025-26,Q1,June,Y56,RAN,ROYAL NATIONAL ORTHOPAEDIC HOSPITAL NHS TRUST,142.84615384615384,110.0989010989011,77.07515962766367,142.84615384615384,110.0989010989011,77.07515962766367,0.0,0.0,,0.0,0.0,,0.0,0.0,,Below 85%,False,False
2025-26,Q1,June,Y56,RAS,THE HILLINGDON HOSPITALS NHS FOUNDATION TRUST,451.4725274725275,402.53846153846155,89.16123064940122,388.6703296703297,366.94505494505495,94.41035935423676,0.0,0.0,,62.8021978021978,35.59340659340659,56.675415573053364,0.0,0.0,,85–91.9% Moderate-high occupancy,False,False
2025-26,Q1,June,Y56,RAT,NORTH EAST LONDON NHS FOUNDATION TRUST,400.25274725274727,361.010989010989,90.19575542926172,159.27472527472528,142.8901098901099,89.71298468331723,0.0,0.0,,0.0,0.0,,240.97802197802199,218.12087912087912,90.51484335811027,85–91.9% Moderate-high occupancy,False,False
2025-26,Q1,June,Y56,RAX,KINGSTON AND RICHMOND NHS FOUNDATION TRUST,445.3956043956044,376.3076923076923,84.48841627396314,390.3956043956044,334.74725274725273,85.74565107245398,0.0,0.0,,55.0,41.56043956043956,75.56443556443557,0.0,0.0,,Below 85%,False,False
2025-26,Q1,June,Y56,RF4,"BARKING, HAVERING AND REDBRIDGE UNIVERSITY HOSPITALS NHS TRUST",1057.0,932.6153846153846,88.23229750382069,991.0,876.6153846153846,88.45765737793992,0.0,0.0,,66.0,56.0,84.84848484848484,0.0,0.0,,85–91.9% Moderate-high occupancy,False,False
2025-26,Q1,June,Y56,RJ1,GUY'S AND ST THOMAS' NHS FOUNDATION TRUST,1295.4615384615386,1060.0,81.82411970785583,1219.4615384615386,1000.6923076923077,82.06017788431211,0.0,0.0,,76.0,59.30769230769231,78.03643724696356,0.0,0.0,,Below 85%,False,False
2025-26,Q1,June,Y56,RJ2,LEWISHAM AND GREENWICH NHS TRUST,1058.2087912087911,978.4945054945055,92.46705504844388,983.2087912087912,915.4395604395604,93.10734084406293,0.0,0.0,,75.0,63.05494505494506,84.07326007326009,0.0,0.0,,92–94.9% High occupancy,True,False
2025-26,Q1,June,Y56,RJ6,CROYDON HEALTH SERVICES NHS TRUST,499.35164835164835,456.4835164835165,91.41524174203913,441.35164835164835,425.14285714285717,96.32746557777058,0.0,0.0,,58.0,31.34065934065934,54.03561955286092,0.0,0.0,,85–91.9% Moderate-high occupancy,False,False
2025-26,Q1,June,Y56,RJ7,ST GEORGE'S UNIVERSITY HOSPITALS NHS FOUNDATION TRUST,907.1428571428571,836.1208791208791,92.17080557238037,844.1428571428571,806.6593406593406,95.55957665620892,0.0,0.0,,63.0,29.46153846153846,46.76434676434676,0.0,0.0,,92–94.9% High occupancy,True,False
2025-26,Q1,June,Y56,RJZ,KING'S COLLEGE HOSPITAL NHS FOUNDATION TRUST,1472.2417582417581,1301.3296703296703,88.39103109558572,1352.2417582417581,1231.0549450549452,91.03808084255695,0.0,0.0,,120.0,70.27472527472527,58.56227106227105,0.0,0.0,,85–91.9% Moderate-high occupancy,False,False
2025-26,Q1,June,Y56,RKE,WHITTINGTON HEALTH NHS TRUST,287.75824175824175,252.46153846153845,87.73390361261742,250.6813186813187,230.2967032967033,91.86831492197089,0.0,0.0,,37.07692307692308,22.164835164835164,59.78067575577949,0.0,0.0,,85–91.9% Moderate-high occupancy,False,False
2025-26,Q1,June,Y56,RKL,WEST LONDON NHS TRUST,751.8461538461538,666.8681318681319,88.69741880791605,70.0,52.72527472527472,75.32182103610675,0.0,0.0,,0.0,0.0,,681.8461538461538,614.1428571428571,90.07059051057246,85–91.9% Moderate-high occupancy,False,False
2025-26,Q1,June,Y56,RP4,GREAT ORMOND STREET HOSPITAL FOR CHILDREN NHS FOUNDATION TRUST,227.95604395604394,180.0989010989011,79.0059776320864,219.94505494505495,173.25274725274724,78.77092180864351,0.0,0.0,,0.0,0.0,,8.010989010989011,6.846153846153846,85.45953360768175,Below 85%,False,False
2025-26,Q1,June,Y56,RP6,MOORFIELDS EYE HOSPITAL NHS FOUNDATION TRUST,9.67032967032967,3.043956043956044,31.477272727272727,9.67032967032967,3.043956043956044,31.477272727272727,0.0,0.0,,0.0,0.0,,0.0,0.0,,Below 85%,False,False
2025-26,Q1,June,Y56,RPG,OXLEAS NHS FOUNDATION TRUST,365.34065934065933,328.27472527472526,89.85441857667088,0.0,0.0,,0.0,0.0,,0.0,0.0,,365.34065934065933,328.27472527472526,89.85441857667088,85–91.9% Moderate-high occupancy,False,False
2025-26,Q1,June,Y56,RPY,THE ROYAL MARSDEN NHS FOUNDATION TRUST,202.23076923076923,173.62637362637363,85.85556702711516,202.23076923076923,173.62637362637363,85.85556702711516,0.0,0.0,,0.0,0.0,,0.0,0.0,,85–91.9% Moderate-high occupancy,False,False
2025-26,Q1,June,Y56,RQM,CHELSEA AND WESTMINSTER HOSPITAL NHS FOUNDATION TRUST,835.3516483516484,787.8571428571429,94.31442966704816,744.3516483516484,723.7912087912088,97.2378055982048,0.0,0.0,,91.0,64.06593406593407,70.4021253471803,0.0,0.0,,92–94.9% High occupancy,True,False
2025-26,Q1,June,Y56,RQX,HOMERTON HEALTHCARE NHS FOUNDATION TRUST,314.989010989011,261.967032967033,83.16703879430646,273.989010989011,232.1098901098901,84.7150362972767,0.0,0.0,,41.0,29.857142857142858,72.82229965156795,0.0,0.0,,Below 85%,False,False
2025-26,Q1,June,Y56,RQY,SOUTH WEST LONDON AND ST GEORGE'S MENTAL HEALTH NHS TRUST,349.6703296703297,313.9340659340659,89.78001257071023,0.0,0.0,,12.0,11.0,91.66666666666666,0.0,0.0,,337.6703296703297,302.9340659340659,89.71296537360061,85–91.9% Moderate-high occupancy,False,False
2025-26,Q1,June,Y56,RRV,UNIVERSITY COLLEGE LONDON HOSPITALS NHS FOUNDATION TRUST,898.6593406593406,692.9120879120879,77.10508938834406,854.6483516483516,669.5164835164835,78.33824077764777,0.0,0.0,,32.010989010989015,16.087912087912088,50.25746652935118,12.0,7.3076923076923075,60.89743589743589,Below 85%,False,False
2025-26,Q1,June,Y56,RV3,CENTRAL AND NORTH WEST LONDON NHS FOUNDATION TRUST,673.1978021978022,608.1978021978022,90.34459117546237,74.56043956043956,69.95604395604396,93.82461311717023,11.10989010989011,4.1098901098901095,36.99307616221563,0.0,0.0,,587.5274725274726,534.1318681318681,90.91181146544469,85–91.9% Moderate-high occupancy,False,False
2025-26,Q1,June,Y56,RVR,EPSOM AND ST HELIER UNIVERSITY HOSPITALS NHS TRUST,824.2197802197802,628.2417582417582,76.22260146125541,729.2197802197802,598.2087912087912,82.03408731294927,0.0,0.0,,95.0,30.032967032967033,31.61364950838635,0.0,0.0,,Below 85%,False,False
2025-26,Q1,June,Y56,RWK,EAST LONDON NHS FOUNDATION TRUST,843.7252747252747,792.4945054945055,93.92802719493612,26.0,21.384615384615383,82.24852071005917,0.0,0.0,,0.0,0.0,,817.7252747252747,771.1098901098901,94.29938317229517,92–94.9% High occupancy,True,False
2025-26,Q1,June,Y56,RYJ,IMPERIAL COLLEGE HEALTHCARE NHS TRUST,1095.2197802197802,1025.032967032967,93.59153163096373,1033.142857142857,967.3516483516484,93.63193498978897,0.0,0.0,,62.07692307692308,57.68131868131868,92.91910072579216,0.0,0.0,,92–94.9% High occupancy,True,False
2025-26,Q1,June,Y56,RYX,CENTRAL LONDON COMMUNITY HEALTHCARE NHS TRUST,0.0,0.0,,0.0,0.0,,0.0,0.0,,0.0,0.0,,0.0,0.0,,,False,False
2025-26,Q1,June,Y58,R0D,UNIVERSITY HOSPITALS DORSET NHS FOUNDATION TRUST,1137.989010989011,1003.9010989010989,88.21711714321582,1077.989010989011,970.945054945055,90.07003272271324,0.0,0.0,,60.0,32.956043956043956,54.926739926739934,0.0,0.0,,85–91.9% Moderate-high occupancy,False,False
2025-26,Q1,June,Y58,RA7,UNIVERSITY HOSPITALS BRISTOL AND WESTON NHS FOUNDATION TRUST,1048.923076923077,1001.7362637362637,95.50140384695973,976.9010989010989,960.5934065934066,98.33067110621162,0.0,0.0,,72.02197802197803,41.142857142857146,57.12541959108941,0.0,0.0,,95%+ Very high occupancy,True,True
2025-26,Q1,June,Y58,RA9,TORBAY AND SOUTH DEVON NHS FOUNDATION TRUST,386.4065934065934,360.83516483516485,93.38224838608765,386.4065934065934,360.83516483516485,93.38224838608765,0.0,0.0,,0.0,0.0,,0.0,0.0,,92–94.9% High occupancy,True,False
2025-26,Q1,June,Y58,RBD,DORSET COUNTY HOSPITAL NHS FOUNDATION TRUST,366.97802197802196,325.74725274725273,88.76478514747717,334.97802197802196,313.74725274725273,93.6620411376833,0.0,0.0,,32.0,12.0,37.5,0.0,0.0,,85–91.9% Moderate-high occupancy,False,False
2025-26,Q1,June,Y58,RD1,ROYAL UNITED HOSPITALS BATH NHS FOUNDATION TRUST,575.2307692307693,524.0439560439561,91.10151683032133,517.2417582417582,494.86813186813185,95.67443540334402,0.0,0.0,,57.989010989010985,29.175824175824175,50.3126776577601,0.0,0.0,,85–91.9% Moderate-high occupancy,False,False
2025-26,Q1,June,Y58,RDY,DORSET HEALTHCARE UNIVERSITY NHS FOUNDATION TRUST,197.75824175824175,166.92307692307693,84.40764614358747,0.0,0.0,,0.0,0.0,,0.0,0.0,,197.75824175824175,166.92307692307693,84.40764614358747,Below 85%,False,False
2025-26,Q1,June,Y58,REF,ROYAL CORNWALL HOSPITALS NHS TRUST,733.5824175824176,663.4065934065934,90.43381868296481,662.8681318681319,631.2857142857143,95.23549012781619,0.0,0.0,,70.71428571428571,32.120879120879124,45.42346542346543,0.0,0.0,,85–91.9% Moderate-high occupancy,False,False
2025-26,Q1,June,Y58,RH5,SOMERSET NHS FOUNDATION TRUST,1378.3076923076924,1206.7142857142858,87.55042814089583,1203.7362637362637,1067.2087912087911,88.6580244659485,0.0,0.0,,52.527472527472526,28.615384615384617,54.476987447698754,122.04395604395604,110.89010989010988,90.86079596614442,85–91.9% Moderate-high occupancy,False,False
2025-26,Q1,June,Y58,RH8,ROYAL DEVON UNIVERSITY HEALTHCARE NHS FOUNDATION TRUST,1162.0879120879122,1029.142857142857,88.55981087470448,1101.7582417582419,1012.2307692307693,91.87412726910034,0.0,0.0,,60.32967032967033,16.912087912087912,28.0327868852459,0.0,0.0,,85–91.9% Moderate-high occupancy,False,False
2025-26,Q1,June,Y58,RJ8,CORNWALL PARTNERSHIP NHS FOUNDATION TRUST,173.07692307692307,154.74725274725276,89.40952380952382,57.34065934065934,55.43956043956044,96.68455346876198,0.0,0.0,,0.0,0.0,,115.73626373626374,99.3076923076923,85.80516521078617,85–91.9% Moderate-high occupancy,False,False
2025-26,Q1,June,Y58,RK9,UNIVERSITY HOSPITALS PLYMOUTH NHS TRUST,1103.5604395604396,1021.7582417582418,92.58742929976897,1045.5604395604396,973.2307692307693,93.08221049755113,0.0,0.0,,58.0,48.527472527472526,83.66805608184919,0.0,0.0,,92–94.9% High occupancy,True,False
2025-26,Q1,June,Y58,RN3,GREAT WESTERN HOSPITALS NHS FOUNDATION TRUST,591.5494505494505,560.1098901098901,94.6852185543646,561.5494505494505,536.6043956043956,95.55781687246825,0.0,0.0,,30.0,23.505494505494507,78.35164835164836,0.0,0.0,,92–94.9% High occupancy,True,False
2025-26,Q1,June,Y58,RNZ,SALISBURY NHS FOUNDATION TRUST,490.8791208791209,457.3956043956044,93.17886724871278,466.8791208791209,442.8901098901099,94.86183684037096,0.0,0.0,,24.0,14.505494505494505,60.43956043956044,0.0,0.0,,92–94.9% High occupancy,True,False
2025-26,Q1,June,Y58,RTE,GLOUCESTERSHIRE HOSPITALS NHS FOUNDATION TRUST,902.8791208791209,837.2967032967033,92.73630145322655,856.8791208791209,817.2967032967033,95.38062993741664,0.0,0.0,,46.0,20.0,43.47826086956522,0.0,0.0,,92–94.9% High occupancy,True,False
2025-26,Q1,June,Y58,RTQ,GLOUCESTERSHIRE HEALTH AND CARE NHS FOUNDATION TRUST,164.37362637362637,152.37362637362637,92.69955876454071,0.0,0.0,,7.0,4.989010989010989,71.27158555729984,0.0,0.0,,157.37362637362637,147.3846153846154,93.65267788562251,92–94.9% High occupancy,True,False
2025-26,Q1,June,Y58,RVJ,NORTH BRISTOL NHS TRUST,1018.3076923076923,970.7032967032967,95.32514622407355,946.1098901098901,916.8571428571429,96.90810258316299,0.0,0.0,,60.32967032967033,49.0989010989011,81.38433515482697,11.868131868131869,4.747252747252747,40.0,95%+ Very high occupancy,True,True
2025-26,Q1,June,Y58,RVN,AVON AND WILTSHIRE MENTAL HEALTH PARTNERSHIP NHS TRUST,482.6263736263736,419.0,86.81663972312667,0.0,0.0,,5.0,2.868131868131868,57.36263736263736,0.0,0.0,,477.6263736263736,416.13186813186815,87.12497699245353,85–91.9% Moderate-high occupancy,False,False
2025-26,Q1,June,Y58,RWV,DEVON PARTNERSHIP NHS TRUST,269.7802197802198,250.28571428571428,92.77393075356414,0.0,0.0,,5.0,2.2857142857142856,45.714285714285715,0.0,0.0,,264.7802197802198,248.0,93.66258559867192,92–94.9% High occupancy,True,False
2025-26,Q1,June,Y59,R1F,ISLE OF WIGHT NHS TRUST,304.2307692307692,277.25274725274727,91.13238215640239,288.2307692307692,269.4725274725275,93.49193640626787,0.0,0.0,,16.0,7.78021978021978,48.62637362637363,0.0,0.0,,85–91.9% Moderate-high occupancy,False,False
2025-26,Q1,June,Y59,RA2,ROYAL SURREY COUNTY HOSPITAL NHS FOUNDATION TRUST,539.0,453.72527472527474,84.17908621990256,476.0,438.34065934065933,92.08837381106288,0.0,0.0,,63.0,15.384615384615385,24.42002442002442,0.0,0.0,,Below 85%,False,False
2025-26,Q1,June,Y59,RDU,FRIMLEY HEALTH NHS FOUNDATION TRUST,1421.6373626373627,1246.7582417582419,87.6987531788914,1293.6153846153845,1184.7472527472528,91.58419626398458,0.0,0.0,,128.02197802197801,62.010989010989015,48.43776824034335,0.0,0.0,,85–91.9% Moderate-high occupancy,False,False
2025-26,Q1,June,Y59,RHM,UNIVERSITY HOSPITAL SOUTHAMPTON NHS FOUNDATION TRUST,1259.8791208791208,1155.5274725274726,91.71732854189744,1203.5604395604396,1119.3406593406594,93.00244695226617,0.0,0.0,,56.31868131868132,36.18681318681319,64.25365853658536,0.0,0.0,,85–91.9% Moderate-high occupancy,False,False
2025-26,Q1,June,Y59,RHU,PORTSMOUTH HOSPITALS UNIVERSITY NHS TRUST,1101.3956043956043,1049.3626373626373,95.27572410627874,1057.3956043956043,1009.1318681318681,95.43560271452772,0.0,0.0,,44.0,40.23076923076923,91.43356643356644,0.0,0.0,,95%+ Very high occupancy,True,True
2025-26,Q1,June,Y59,RHW,ROYAL BERKSHIRE NHS FOUNDATION TRUST,670.7692307692307,657.1978021978022,97.9767365661861,628.8571428571429,618.4175824175824,98.33991542305944,0.0,0.0,,41.91208791208791,38.78021978021978,92.52753015207131,0.0,0.0,,95%+ Very high occupancy,True,True
2025-26,Q1,June,Y59,RN5,HAMPSHIRE HOSPITALS NHS FOUNDATION TRUST,952.0439560439561,776.5494505494505,81.56655431922064,857.989010989011,744.2857142857143,86.74769778551943,4.0,0.25274725274725274,6.318681318681318,90.05494505494505,32.010989010989015,35.546064673581455,0.0,0.0,,Below 85%,False,False
2025-26,Q1,June,Y59,RN7,DARTFORD AND GRAVESHAM NHS TRUST,577.7252747252747,533.065934065934,92.26979628326326,541.7252747252747,498.4175824175824,92.00559871797472,0.0,0.0,,36.0,34.64835164835165,96.24542124542124,0.0,0.0,,92–94.9% High occupancy,True,False
2025-26,Q1,June,Y59,RNU,OXFORD HEALTH NHS FOUNDATION TRUST,531.7582417582418,439.75824175824175,82.69890473238273,114.75824175824175,106.79120879120879,93.0575505123049,10.0,6.0,60.0,0.0,0.0,,407.0,326.967032967033,80.33588033588033,Below 85%,False,False
2025-26,Q1,June,Y59,RPA,MEDWAY NHS FOUNDATION TRUST,666.3406593406594,547.2857142857143,82.13302109273216,620.4835164835165,515.4725274725274,83.07594219325587,0.0,0.0,,45.857142857142854,31.813186813186814,69.3745506829619,0.0,0.0,,Below 85%,False,False
2025-26,Q1,June,Y59,RPC,QUEEN VICTORIA HOSPITAL NHS FOUNDATION TRUST,53.20879120879121,27.52747252747253,51.734820322180916,53.20879120879121,27.52747252747253,51.734820322180916,0.0,0.0,,0.0,0.0,,0.0,0.0,,Below 85%,False,False
2025-26,Q1,June,Y59,RTH,OXFORD UNIVERSITY HOSPITALS NHS FOUNDATION TRUST,1116.0,1018.8571428571429,91.29544290834613,1015.0,941.6703296703297,92.77540193796352,0.0,0.0,,101.0,77.18681318681318,76.42258731367642,0.0,0.0,,85–91.9% Moderate-high occupancy,False,False
2025-26,Q1,June,Y59,RTK,ASHFORD AND ST PETER'S HOSPITALS NHS FOUNDATION TRUST,495.34065934065933,439.4725274725275,88.72127074274559,441.34065934065933,399.0,90.40635426522584,0.0,0.0,,54.0,40.472527472527474,74.94912494912495,0.0,0.0,,85–91.9% Moderate-high occupancy,False,False
2025-26,Q1,June,Y59,RTP,SURREY AND SUSSEX HEALTHCARE NHS TRUST,715.9560439560439,648.7802197802198,90.61732563850688,687.9560439560439,631.5384615384615,91.7992460545652,0.0,0.0,,28.0,17.24175824175824,61.57770800627943,0.0,0.0,,85–91.9% Moderate-high occupancy,False,False
2025-26,Q1,June,Y59,RVV,EAST KENT HOSPITALS UNIVERSITY NHS FOUNDATION TRUST,1126.131868131868,1017.4175824175824,90.34622065223755,1043.7912087912089,969.7472527472528,92.90624835500341,0.0,0.0,,82.34065934065934,47.67032967032967,57.894034432136664,0.0,0.0,,85–91.9% Moderate-high occupancy,False,False
2025-26,Q1,June,Y59,RW1,HAMPSHIRE AND ISLE OF WIGHT HEALTHCARE NHS FOUNDATION TRUST,694.5934065934066,640.934065934066,92.27471206176435,195.01098901098902,181.0989010989011,92.86599797137383,10.0,7.802197802197802,78.02197802197803,0.0,0.0,,489.5824175824176,452.032967032967,92.33031064823128,92–94.9% High occupancy,True,False
2025-26,Q1,June,Y59,RWF,MAIDSTONE AND TUNBRIDGE WELLS NHS TRUST,725.5384615384615,627.2527472527472,86.4534108808918,682.5384615384615,607.7032967032967,89.03575856128543,0.0,0.0,,43.0,19.54945054945055,45.46383848709431,0.0,0.0,,85–91.9% Moderate-high occupancy,False,False
2025-26,Q1,June,Y59,RWX,BERKSHIRE HEALTHCARE NHS FOUNDATION TRUST,177.01098901098902,155.67032967032966,87.94387881797864,43.61538461538461,36.08791208791209,82.74124464600655,9.0,7.3076923076923075,81.19658119658119,0.0,0.0,,124.3956043956044,112.27472527472527,90.25618374558304,85–91.9% Moderate-high occupancy,False,False
2025-26,Q1,June,Y59,RX2,SUSSEX PARTNERSHIP NHS FOUNDATION TRUST,558.4065934065934,520.5494505494505,93.22050575617436,0.0,0.0,,7.131868131868132,6.791208791208791,95.22342064714945,0.0,0.0,,551.2747252747253,513.7582417582418,93.19459394809233,92–94.9% High occupancy,True,False
2025-26,Q1,June,Y59,RXC,EAST SUSSEX HEALTHCARE NHS TRUST,782.8131868131868,694.8351648351648,88.7613004660565,759.0769230769231,677.0,89.18727199027158,0.0,0.0,,23.736263736263737,17.835164835164836,75.13888888888889,0.0,0.0,,85–91.9% Moderate-high occupancy,False,False
2025-26,Q1,June,Y59,RXQ,BUCKINGHAMSHIRE HEALTHCARE NHS TRUST,572.0,549.021978021978,95.9828632905556,515.0,512.2967032967033,99.47508801877734,0.0,0.0,,57.0,36.72527472527472,64.4303065355697,0.0,0.0,,95%+ Very high occupancy,True,True
2025-26,Q1,June,Y59,RXX,SURREY AND BORDERS PARTNERSHIP NHS FOUNDATION TRUST,177.28571428571428,168.02197802197801,94.77468542738487,0.0,0.0,,7.0,5.967032967032967,85.24332810047096,0.0,0.0,,170.28571428571428,162.05494505494505,95.16649457924626,92–94.9% High occupancy,True,False
2025-26,Q1,June,Y59,RXY,KENT AND MEDWAY NHS AND SOCIAL CARE PARTNERSHIP TRUST,450.34065934065933,409.04395604395603,90.8298967814353,0.0,0.0,,0.0,0.0,,0.0,0.0,,450.34065934065933,409.04395604395603,90.8298967814353,85–91.9% Moderate-high occupancy,False,False
2025-26,Q1,June,Y59,RYR,UNIVERSITY HOSPITALS SUSSEX NHS FOUNDATION TRUST,1967.0,1779.2087912087911,90.45291261864725,1828.0,1714.6263736263736,93.79794166446244,0.0,0.0,,139.0,64.58241758241758,46.462170922602574,0.0,0.0,,85–91.9% Moderate-high occupancy,False,False
2025-26,Q1,June,Y60,R1A,HEREFORDSHIRE AND WORCESTERSHIRE HEALTH AND CARE NHS TRUST,172.94505494505495,160.3846153846154,92.73732367518109,30.0,26.428571428571427,88.09523809523809,0.0,0.0,,0.0,0.0,,142.94505494505495,133.95604395604394,93.71156211562113,92–94.9% High occupancy,True,False
2025-26,Q1,June,Y60,RBK,WALSALL HEALTHCARE NHS TRUST,529.3296703296703,461.16483516483515,87.12242313521145,499.04395604395603,444.5164835164835,89.07361328254024,0.0,0.0,,30.285714285714285,16.64835164835165,54.97097242380262,0.0,0.0,,85–91.9% Moderate-high occupancy,False,False
2025-26,Q1,June,Y60,RFS,CHESTERFIELD ROYAL HOSPITAL NHS FOUNDATION TRUST,562.6703296703297,495.35164835164835,88.03585727398784,528.6703296703297,473.95604395604397,89.65058512960152,0.0,0.0,,34.0,21.395604395604394,62.928248222365866,0.0,0.0,,85–91.9% Moderate-high occupancy,False,False
2025-26,Q1,June,Y60,RHA,NOTTINGHAMSHIRE HEALTHCARE NHS FOUNDATION TRUST,861.021978021978,686.5604395604396,79.73785304965988,0.0,0.0,,60.57142857142857,54.94505494505494,90.71117561683599,0.0,0.0,,800.4505494505495,631.6153846153846,78.9074834227976,Below 85%,False,False
2025-26,Q1,June,Y60,RJC,SOUTH WARWICKSHIRE UNIVERSITY NHS FOUNDATION TRUST,483.7362637362637,439.68131868131866,90.89277601090413,443.7362637362637,404.4175824175824,91.13917781079743,0.0,0.0,,40.0,35.26373626373626,88.15934065934066,0.0,0.0,,85–91.9% Moderate-high occupancy,False,False
2025-26,Q1,June,Y60,RJE,UNIVERSITY HOSPITALS OF NORTH MIDLANDS NHS TRUST,1464.0,1278.923076923077,87.35813366960909,1400.0,1224.010989010989,87.42935635792779,0.0,0.0,,64.0,54.91208791208791,85.80013736263736,0.0,0.0,,85–91.9% Moderate-high occupancy,False,False
2025-26,Q1,June,Y60,RK5,SHERWOOD FOREST HOSPITALS NHS FOUNDATION TRUST,722.2747252747253,648.8901098901099,89.8397918663563,674.2747252747253,618.4285714285714,91.71759644061996,0.0,0.0,,48.0,30.46153846153846,63.46153846153846,0.0,0.0,,85–91.9% Moderate-high occupancy,False,False
2025-26,Q1,June,Y60,RKB,UNIVERSITY HOSPITALS COVENTRY AND WARWICKSHIRE NHS TRUST,1153.076923076923,1097.1758241758241,95.15200609930429,1078.076923076923,1075.6153846153845,99.77167320727791,0.0,0.0,,75.0,21.560439560439562,28.747252747252748,0.0,0.0,,95%+ Very high occupancy,True,True
2025-26,Q1,June,Y60,RL1,THE ROBERT JONES AND AGNES HUNT ORTHOPAEDIC HOSPITAL NHS FOUNDATION TRUST,120.9010989010989,93.41758241758242,77.2677694964552,120.9010989010989,93.41758241758242,77.2677694964552,0.0,0.0,,0.0,0.0,,0.0,0.0,,Below 85%,False,False
2025-26,Q1,June,Y60,RL4,THE ROYAL WOLVERHAMPTON NHS TRUST,872.8021978021978,806.3406593406594,92.38526912181302,822.8021978021978,764.3956043956044,92.90150250417362,0.0,0.0,,50.0,41.94505494505494,83.89010989010988,0.0,0.0,,92–94.9% High occupancy,True,False
2025-26,Q1,June,Y60,RLQ,WYE VALLEY NHS TRUST,313.9340659340659,304.1758241758242,96.89162699523943,296.9340659340659,295.2967032967033,99.44857703267829,0.0,0.0,,17.0,8.87912087912088,52.23012281835812,0.0,0.0,,95%+ Very high occupancy,True,True
2025-26,Q1,June,Y60,RLT,GEORGE ELIOT HOSPITAL NHS TRUST,407.74725274725273,401.7032967032967,98.51771998382968,384.74725274725273,378.7032967032967,98.42911001942191,0.0,0.0,,23.0,23.0,100.0,0.0,0.0,,95%+ Very high occupancy,True,True
2025-26,Q1,June,Y60,RLY,NORTH STAFFORDSHIRE COMBINED HEALTHCARE NHS TRUST,159.93406593406593,142.95604395604394,89.38436168750859,0.0,0.0,,8.901098901098901,7.747252747252747,87.03703703703704,0.0,0.0,,151.03296703296704,135.2087912087912,89.52270081490104,85–91.9% Moderate-high occupancy,False,False
2025-26,Q1,June,Y60,RNQ,KETTERING GENERAL HOSPITAL NHS FOUNDATION TRUST,611.0,574.0989010989011,93.96054027805256,562.0,547.4395604395604,97.40917445543779,0.0,0.0,,49.0,26.65934065934066,54.4068176721238,0.0,0.0,,92–94.9% High occupancy,True,False
2025-26,Q1,June,Y60,RNS,NORTHAMPTON GENERAL HOSPITAL NHS TRUST,764.7802197802198,660.6043956043956,86.3783317767081,694.7802197802198,624.8351648351648,89.93277975484382,0.0,0.0,,70.0,35.76923076923077,51.098901098901095,0.0,0.0,,85–91.9% Moderate-high occupancy,False,False
2025-26,Q1,June,Y60,RP1,NORTHAMPTONSHIRE HEALTHCARE NHS FOUNDATION TRUST,333.46153846153845,287.010989010989,86.07019278299556,194.86813186813185,119.53846153846153,61.343258331923536,0.0,0.0,,0.0,0.0,,138.5934065934066,167.47252747252747,120.837297811608,85–91.9% Moderate-high occupancy,False,False
2025-26,Q1,June,Y60,RP7,LINCOLNSHIRE PARTNERSHIP NHS FOUNDATION TRUST,190.6813186813187,157.78021978021977,82.74550484094053,0.0,0.0,,0.0,0.0,,0.0,0.0,,190.6813186813187,157.78021978021977,82.74550484094053,Below 85%,False,False
2025-26,Q1,June,Y60,RRE,MIDLANDS PARTNERSHIP UNIVERSITY NHS FOUNDATION TRUST,475.9340659340659,428.61538461538464,90.05772338951743,167.0,157.05494505494505,94.04487727841021,12.0,9.857142857142858,82.14285714285715,0.0,0.0,,296.9340659340659,261.7032967032967,88.13515413937309,85–91.9% Moderate-high occupancy,False,False
2025-26,Q1,June,Y60,RRJ,THE ROYAL ORTHOPAEDIC HOSPITAL NHS FOUNDATION TRUST,94.50549450549451,68.31868131868131,72.2906976744186,94.50549450549451,68.31868131868131,72.2906976744186,0.0,0.0,,0.0,0.0,,0.0,0.0,,Below 85%,False,False
2025-26,Q1,June,Y60,RRK,UNIVERSITY HOSPITALS BIRMINGHAM NHS FOUNDATION TRUST,2830.5494505494507,2769.0,97.82552993244816,2699.010989010989,2640.4615384615386,97.83070721876146,0.0,0.0,,131.53846153846155,128.53846153846155,97.71929824561404,0.0,0.0,,95%+ Very high occupancy,True,True
2025-26,Q1,June,Y60,RTG,UNIVERSITY HOSPITALS OF DERBY AND BURTON NHS FOUNDATION TRUST,1554.6593406593406,1404.4945054945056,90.34098138173799,1438.0879120879122,1343.1978021978023,93.40164748674216,0.0,0.0,,116.57142857142857,61.2967032967033,52.58295625942685,0.0,0.0,,85–91.9% Moderate-high occupancy,False,False
2025-26,Q1,June,Y60,RWD,UNITED LINCOLNSHIRE TEACHING HOSPITALS NHS TRUST,1169.967032967033,935.3076923076923,79.94308095466201,1005.6703296703297,833.1318681318681,82.8434372131649,0.0,0.0,,164.2967032967033,102.17582417582418,62.189820078924484,0.0,0.0,,Below 85%,False,False
2025-26,Q1,June,Y60,RWE,UNIVERSITY HOSPITALS OF LEICESTER NHS TRUST,1860.8351648351647,1681.1208791208792,90.34227807436103,1736.8351648351647,1582.6373626373627,91.1219092450586,0.0,0.0,,124.0,98.48351648351648,79.4221907125133,0.0,0.0,,85–91.9% Moderate-high occupancy,False,False
2025-26,Q1,June,Y60,RWP,WORCESTERSHIRE ACUTE HOSPITALS NHS TRUST,947.4505494505495,867.3076923076923,91.54120949221739,885.4505494505495,823.032967032967,92.95075456711676,0.0,0.0,,62.0,44.27472527472528,71.41084721729884,0.0,0.0,,85–91.9% Moderate-high occupancy,False,False
2025-26,Q1,June,Y60,RX1,NOTTINGHAM UNIVERSITY HOSPITALS NHS TRUST,1786.6813186813188,1545.2307692307693,86.48608753413536,1668.1208791208792,1474.5604395604396,88.39649800064558,0.0,0.0,,118.56043956043956,70.67032967032966,59.60700713689868,0.0,0.0,,85–91.9% Moderate-high occupancy,False,False
2025-26,Q1,June,Y60,RXK,SANDWELL AND WEST BIRMINGHAM HOSPITALS NHS TRUST,652.3296703296703,563.3076923076923,86.3532226003167,582.3296703296703,516.3296703296703,88.66621376811594,0.0,0.0,,70.0,46.97802197802198,67.11145996860283,0.0,0.0,,85–91.9% Moderate-high occupancy,False,False
2025-26,Q1,June,Y60,RXM,DERBYSHIRE HEALTHCARE NHS FOUNDATION TRUST,229.5054945054945,226.0,98.47258798180512,0.0,0.0,,0.0,0.0,,0.0,0.0,,229.5054945054945,226.0,98.47258798180512,95%+ Very high occupancy,True,True
2025-26,Q1,June,Y60,RXT,BIRMINGHAM AND SOLIHULL MENTAL HEALTH NHS FOUNDATION TRUST,644.8901098901099,597.8351648351648,92.70341654596575,0.0,0.0,,0.0,0.0,,0.0,0.0,,644.8901098901099,597.8351648351648,92.70341654596575,92–94.9% High occupancy,True,False
2025-26,Q1,June,Y60,RXW,THE SHREWSBURY AND TELFORD HOSPITAL NHS TRUST,823.2417582417582,768.934065934066,93.40319028231997,786.2417582417582,745.0879120879121,94.76575166321909,0.0,0.0,,37.0,23.846153846153847,64.44906444906445,0.0,0.0,,92–94.9% High occupancy,True,False
2025-26,Q1,June,Y60,RY8,DERBYSHIRE COMMUNITY HEALTH SERVICES NHS FOUNDATION TRUST,38.07692307692308,19.571428571428573,51.3997113997114,0.0,0.0,,20.0,3.032967032967033,15.164835164835164,0.0,0.0,,18.076923076923077,16.53846153846154,91.48936170212767,Below 85%,False,False
2025-26,Q1,June,Y60,RYG,COVENTRY AND WARWICKSHIRE PARTNERSHIP NHS TRUST,317.42857142857144,248.23076923076923,78.2005123589282,0.0,0.0,,71.0,43.57142857142857,61.3682092555332,0.0,0.0,,246.42857142857142,204.65934065934067,83.05016722408027,Below 85%,False,False
2025-26,Q1,June,Y60,RYW,BIRMINGHAM COMMUNITY HEALTHCARE NHS FOUNDATION TRUST,236.6153846153846,154.76923076923077,65.40962288686606,236.6153846153846,154.76923076923077,65.40962288686606,0.0,0.0,,0.0,0.0,,0.0,0.0,,Below 85%,False,False
2025-26,Q1,June,Y60,TAJ,BLACK COUNTRY HEALTHCARE NHS FOUNDATION TRUST,291.74725274725273,253.87912087912088,87.02022675053675,0.0,0.0,,18.0,3.7252747252747254,20.695970695970697,0.0,0.0,,273.74725274725273,250.15384615384616,91.38131749026536,85–91.9% Moderate-high occupancy,False,False
2025-26,Q1,June,Y61,R1L,ESSEX PARTNERSHIP UNIVERSITY NHS FOUNDATION TRUST,687.0,581.978021978022,84.71295807540349,87.0,69.0989010989011,79.42402425161046,10.0,6.450549450549451,64.50549450549451,0.0,0.0,,590.0,506.42857142857144,85.83535108958839,Below 85%,False,False
2025-26,Q1,June,Y61,RAJ,MID AND SOUTH ESSEX NHS FOUNDATION TRUST,1853.1538461538462,1738.1978021978023,93.79673499884366,1720.1538461538462,1653.2967032967033,96.11330445781748,0.0,0.0,,133.0,84.9010989010989,63.835412707593164,0.0,0.0,,92–94.9% High occupancy,True,False
2025-26,Q1,June,Y61,RC9,BEDFORDSHIRE HOSPITALS NHS FOUNDATION TRUST,1112.978021978022,1045.8241758241759,93.96629180201617,1046.043956043956,978.8901098901099,93.58020800504254,0.0,0.0,,66.93406593406593,66.93406593406593,100.0,0.0,0.0,,92–94.9% High occupancy,True,False
2025-26,Q1,June,Y61,RCX,"THE QUEEN ELIZABETH HOSPITAL, KING'S LYNN, NHS FOUNDATION TRUST",507.64835164835165,483.34065934065933,95.21170664126764,488.64835164835165,469.7692307692308,96.13646074617131,0.0,0.0,,19.0,13.571428571428571,71.42857142857143,0.0,0.0,,95%+ Very high occupancy,True,True
2025-26,Q1,June,Y61,RD8,MILTON KEYNES UNIVERSITY HOSPITAL NHS FOUNDATION TRUST,587.0,494.2307692307692,84.19604245839339,544.0,461.7692307692308,84.88404977375565,0.0,0.0,,43.0,32.46153846153846,75.49194991055455,0.0,0.0,,Below 85%,False,False
2025-26,Q1,June,Y61,RDE,EAST SUFFOLK AND NORTH ESSEX NHS FOUNDATION TRUST,1292.2417582417581,1205.4395604395604,93.28282055206898,1228.2417582417581,1164.7142857142858,94.82777131609556,0.0,0.0,,64.0,40.72527472527472,63.63324175824175,0.0,0.0,,92–94.9% High occupancy,True,False
2025-26,Q1,June,Y61,RGM,ROYAL PAPWORTH HOSPITAL NHS FOUNDATION TRUST,264.97802197802196,182.65934065934067,68.93377016547092,264.97802197802196,182.65934065934067,68.93377016547092,0.0,0.0,,0.0,0.0,,0.0,0.0,,Below 85%,False,False
2025-26,Q1,June,Y61,RGN,NORTH WEST ANGLIA NHS FOUNDATION TRUST,1070.131868131868,904.7802197802198,84.548479185065,961.1318681318681,859.0879120879121,89.38293907137876,0.0,0.0,,109.0,45.69230769230769,41.919548341566696,0.0,0.0,,Below 85%,False,False
2025-26,Q1,June,Y61,RGP,JAMES PAGET UNIVERSITY HOSPITALS NHS FOUNDATION TRUST,456.6373626373626,351.989010989011,77.08283197766761,426.6373626373626,340.2197802197802,79.74448794560067,0.0,0.0,,30.0,11.76923076923077,39.23076923076923,0.0,0.0,,Below 85%,False,False
2025-26,Q1,June,Y61,RGR,WEST SUFFOLK NHS FOUNDATION TRUST,493.35164835164835,413.010989010989,83.71533578349482,452.35164835164835,397.05494505494505,87.77572636284133,0.0,0.0,,41.0,15.956043956043956,38.91718038059502,0.0,0.0,,Below 85%,False,False
2025-26,Q1,June,Y61,RGT,CAMBRIDGE UNIVERSITY HOSPITALS NHS FOUNDATION TRUST,1092.8351648351647,985.4065934065934,90.1697369479527,1033.076923076923,938.6703296703297,90.8616104669716,0.0,0.0,,59.75824175824176,46.73626373626374,78.20890033100405,0.0,0.0,,85–91.9% Moderate-high occupancy,False,False
2025-26,Q1,June,Y61,RM1,NORFOLK AND NORWICH UNIVERSITY HOSPITALS NHS FOUNDATION TRUST,1008.1098901098901,933.8241758241758,92.63118882033618,928.4725274725274,899.7252747252747,96.90381224035697,0.0,0.0,,79.63736263736264,34.0989010989011,42.81771767627984,0.0,0.0,,92–94.9% High occupancy,True,False
2025-26,Q1,June,Y61,RMY,NORFOLK AND SUFFOLK NHS FOUNDATION TRUST,426.0879120879121,381.7802197802198,89.60127920771652,0.0,0.0,,6.0,4.615384615384615,76.92307692307692,0.0,0.0,,420.0879120879121,377.16483516483515,89.78235848069477,85–91.9% Moderate-high occupancy,False,False
2025-26,Q1,June,Y61,RQW,THE PRINCESS ALEXANDRA HOSPITAL NHS TRUST,498.0,460.64835164835165,92.4996690056931,451.0,435.2307692307692,96.5034965034965,0.0,0.0,,47.0,25.417582417582416,54.079962590600886,0.0,0.0,,92–94.9% High occupancy,True,False
2025-26,Q1,June,Y61,RT1,CAMBRIDGESHIRE AND PETERBOROUGH NHS FOUNDATION TRUST,301.7802197802198,276.9010989010989,91.75588085354308,100.45054945054945,89.54945054945055,89.1477956459906,5.868131868131868,2.923076923076923,49.812734082397,0.0,0.0,,195.46153846153845,184.42857142857142,94.35542812166189,85–91.9% Moderate-high occupancy,False,False
2025-26,Q1,June,Y61,RWG,WEST HERTFORDSHIRE TEACHING HOSPITALS NHS TRUST,733.0439560439561,549.3296703296703,74.93816241174089,663.0439560439561,510.3736263736264,76.97432752705636,0.0,0.0,,70.0,38.956043956043956,55.65149136577708,0.0,0.0,,Below 85%,False,False
2025-26,Q1,June,Y61,RWH,EAST AND NORTH HERTFORDSHIRE NHS TRUST,645.8351648351648,566.0439560439561,87.64526722363071,585.2747252747253,516.8571428571429,88.31017649267744,0.0,0.0,,60.56043956043956,49.18681318681319,81.21937942297224,0.0,0.0,,85–91.9% Moderate-high occupancy,False,False
2025-26,Q1,June,Y61,RWR,HERTFORDSHIRE PARTNERSHIP UNIVERSITY NHS FOUNDATION TRUST,378.0,316.1868131868132,83.64730507587652,0.0,0.0,,37.0,19.175824175824175,51.82655182655183,0.0,0.0,,341.0,297.010989010989,87.09999677741614,Below 85%,False,False
2025-26,Q1,June,Y61,RY3,NORFOLK COMMUNITY HEALTH AND CARE NHS TRUST,77.95604395604396,70.91208791208791,90.96419509444601,76.82417582417582,69.78021978021978,90.83106851666429,1.1318681318681318,1.1318681318681318,100.0,0.0,0.0,,0.0,0.0,,85–91.9% Moderate-high occupancy,False,False
2025-26,Q1,June,Y62,R0A,MANCHESTER UNIVERSITY NHS FOUNDATION TRUST,2364.6373626373625,2079.230769230769,87.93021721147679,2147.912087912088,1924.8461538461538,89.61475493707152,0.0,0.0,,204.72527472527472,147.8901098901099,72.23832528180355,12.0,6.4945054945054945,54.12087912087912,85–91.9% Moderate-high occupancy,False,False
2025-26,Q1,June,Y62,RBL,WIRRAL UNIVERSITY TEACHING HOSPITAL NHS FOUNDATION TRUST,776.021978021978,699.6373626373627,90.15690050695291,744.021978021978,677.4505494505495,91.05249165509703,0.0,0.0,,32.0,22.186813186813186,69.33379120879121,0.0,0.0,,85–91.9% Moderate-high occupancy,False,False
2025-26,Q1,June,Y62,RBN,MERSEY AND WEST LANCASHIRE TEACHING HOSPITALS NHS TRUST,1263.2857142857142,1213.3846153846155,96.04989604989606,1196.8131868131868,1174.923076923077,98.17096685336516,0.0,0.0,,66.47252747252747,38.46153846153846,57.86080343858488,0.0,0.0,,95%+ Very high occupancy,True,True
2025-26,Q1,June,Y62,RBQ,LIVERPOOL HEART AND CHEST HOSPITAL NHS FOUNDATION TRUST,181.69230769230768,146.35164835164835,80.54917140437887,181.69230769230768,146.35164835164835,80.54917140437887,0.0,0.0,,0.0,0.0,,0.0,0.0,,Below 85%,False,False
2025-26,Q1,June,Y62,RBS,ALDER HEY CHILDREN'S NHS FOUNDATION TRUST,213.0,148.87912087912088,69.89630088221638,203.0,144.0989010989011,70.98468034428626,0.0,0.0,,0.0,0.0,,10.0,4.78021978021978,47.802197802197796,Below 85%,False,False
2025-26,Q1,June,Y62,RBT,MID CHESHIRE HOSPITALS NHS FOUNDATION TRUST,521.010989010989,460.54945054945057,88.39534295115162,494.010989010989,458.31868131868134,92.77499721944167,0.0,0.0,,27.0,2.230769230769231,8.262108262108264,0.0,0.0,,85–91.9% Moderate-high occupancy,False,False
2025-26,Q1,June,Y62,RBV,THE CHRISTIE NHS FOUNDATION TRUST,183.0989010989011,161.65934065934067,88.29072140199256,183.0989010989011,161.65934065934067,88.29072140199256,0.0,0.0,,0.0,0.0,,0.0,0.0,,85–91.9% Moderate-high occupancy,False,False
2025-26,Q1,June,Y62,REM,LIVERPOOL UNIVERSITY HOSPITALS NHS FOUNDATION TRUST,1575.2857142857142,1507.6923076923076,95.70913352540268,1575.2857142857142,1507.6923076923076,95.70913352540268,0.0,0.0,,0.0,0.0,,0.0,0.0,,95%+ Very high occupancy,True,True
2025-26,Q1,June,Y62,REN,THE CLATTERBRIDGE CANCER CENTRE NHS FOUNDATION TRUST,95.0,89.84615384615384,94.5748987854251,95.0,89.84615384615384,94.5748987854251,0.0,0.0,,0.0,0.0,,0.0,0.0,,92–94.9% High occupancy,True,False
2025-26,Q1,June,Y62,REP,LIVERPOOL WOMEN'S NHS FOUNDATION TRUST,109.98901098901099,73.1978021978022,66.55010490558497,23.153846153846153,13.461538461538462,58.139534883720934,0.0,0.0,,86.83516483516483,59.73626373626374,68.79271070615034,0.0,0.0,,Below 85%,False,False
2025-26,Q1,June,Y62,RET,THE WALTON CENTRE NHS FOUNDATION TRUST,143.24175824175825,143.24175824175825,100.0,143.24175824175825,143.24175824175825,100.0,0.0,0.0,,0.0,0.0,,0.0,0.0,,95%+ Very high occupancy,True,True
2025-26,Q1,June,Y62,RJN,EAST CHESHIRE NHS TRUST,352.9230769230769,294.61538461538464,83.47863993025284,324.9230769230769,287.13186813186815,88.3691829004329,0.0,0.0,,28.0,7.483516483516484,26.726844583987443,0.0,0.0,,Below 85%,False,False
2025-26,Q1,June,Y62,RJR,COUNTESS OF CHESTER HOSPITAL NHS FOUNDATION TRUST,540.4175824175824,464.02197802197804,85.86359754361708,499.4175824175824,447.6043956043956,89.62527779611416,0.0,0.0,,41.0,16.417582417582416,40.04288394532296,0.0,0.0,,85–91.9% Moderate-high occupancy,False,False
2025-26,Q1,June,Y62,RM3,NORTHERN CARE ALLIANCE NHS FOUNDATION TRUST,1589.967032967033,1456.6483516483515,91.61500342117812,1523.967032967033,1412.1868131868132,92.66518124328495,0.0,0.0,,66.0,44.46153846153846,67.36596736596736,0.0,0.0,,85–91.9% Moderate-high occupancy,False,False
2025-26,Q1,June,Y62,RMC,BOLTON NHS FOUNDATION TRUST,657.4725274725274,577.7032967032967,87.86729065686112,604.4725274725274,528.8241758241758,87.4852291526533,0.0,0.0,,53.0,48.879120879120876,92.22475637569977,0.0,0.0,,85–91.9% Moderate-high occupancy,False,False
2025-26,Q1,June,Y62,RMP,TAMESIDE AND GLOSSOP INTEGRATED CARE NHS FOUNDATION TRUST,497.2967032967033,437.989010989011,88.07398241039466,465.4175824175824,420.45054945054943,90.33834675229618,0.0,0.0,,31.87912087912088,17.53846153846154,55.01551189245089,0.0,0.0,,85–91.9% Moderate-high occupancy,False,False
2025-26,Q1,June,Y62,RRF,"WRIGHTINGTON, WIGAN AND LEIGH NHS FOUNDATION TRUST",563.8241758241758,493.64835164835165,87.553597879473,535.5164835164835,483.85714285714283,90.35336124107363,0.0,0.0,,28.307692307692307,9.791208791208792,34.588509316770185,0.0,0.0,,85–91.9% Moderate-high occupancy,False,False
2025-26,Q1,June,Y62,RT2,PENNINE CARE NHS FOUNDATION TRUST,490.0,463.0659340659341,94.50325185019062,0.0,0.0,,0.0,0.0,,0.0,0.0,,490.0,463.0659340659341,94.50325185019062,92–94.9% High occupancy,True,False
2025-26,Q1,June,Y62,RTX,UNIVERSITY HOSPITALS OF MORECAMBE BAY NHS FOUNDATION TRUST,627.4065934065934,559.9230769230769,89.24405366588432,589.5164835164835,539.2307692307693,91.47000708347315,0.0,0.0,,37.89010989010989,20.692307692307693,54.611368909512755,0.0,0.0,,85–91.9% Moderate-high occupancy,False,False
2025-26,Q1,June,Y62,RW4,MERSEY CARE NHS FOUNDATION TRUST,1126.868131868132,828.6813186813187,73.53844653566726,0.0,0.0,,109.61538461538461,46.637362637362635,42.54636591478697,0.0,0.0,,1017.2527472527472,782.0439560439561,76.8780382413309,Below 85%,False,False
2025-26,Q1,June,Y62,RW5,LANCASHIRE & SOUTH CUMBRIA NHS FOUNDATION TRUST,600.2307692307693,561.978021978022,93.6269932809725,0.0,0.0,,0.0,0.0,,0.0,0.0,,600.2307692307693,561.978021978022,93.6269932809725,92–94.9% High occupancy,True,False
2025-26,Q1,June,Y62,RWJ,STOCKPORT NHS FOUNDATION TRUST,683.7802197802198,599.0879120879121,87.61410388274619,636.5934065934066,582.021978021978,91.4275850163991,0.0,0.0,,47.18681318681319,17.065934065934066,36.16674429436423,0.0,0.0,,85–91.9% Moderate-high occupancy,False,False
2025-26,Q1,June,Y62,RWW,WARRINGTON AND HALTON TEACHING HOSPITALS NHS FOUNDATION TRUST,611.0879120879121,552.2637362637363,90.37386034634682,570.5824175824176,532.5494505494505,93.33436049534886,0.0,0.0,,40.505494505494504,19.714285714285715,48.6706456863809,0.0,0.0,,85–91.9% Moderate-high occupancy,False,False
2025-26,Q1,June,Y62,RXA,CHESHIRE AND WIRRAL PARTNERSHIP NHS FOUNDATION TRUST,285.35164835164835,255.65934065934067,89.59448530827589,0.0,0.0,,29.65934065934066,14.285714285714286,48.165987402741756,0.0,0.0,,255.69230769230768,241.37362637362637,94.40003438198384,85–91.9% Moderate-high occupancy,False,False
2025-26,Q1,June,Y62,RXL,BLACKPOOL TEACHING HOSPITALS NHS FOUNDATION TRUST,771.4065934065934,735.989010989011,95.40870110259551,738.0,716.7582417582418,97.12171297537151,0.0,0.0,,33.40659340659341,19.23076923076923,57.565789473684205,0.0,0.0,,95%+ Very high occupancy,True,True
2025-26,Q1,June,Y62,RXN,LANCASHIRE TEACHING HOSPITALS NHS FOUNDATION TRUST,872.6043956043956,810.5494505494505,92.88853627513947,810.6043956043956,776.3956043956044,95.77984138819224,0.0,0.0,,62.0,34.15384615384615,55.08684863523573,0.0,0.0,,92–94.9% High occupancy,True,False
2025-26,Q1,June,Y62,RXR,EAST LANCASHIRE HOSPITALS NHS TRUST,1010.021978021978,945.0,93.56232048045958,938.021978021978,898.2857142857143,95.76382380506092,0.0,0.0,,72.0,46.714285714285715,64.88095238095238,0.0,0.0,,92–94.9% High occupancy,True,False
2025-26,Q1,June,Y62,RXV,GREATER MANCHESTER MENTAL HEALTH NHS FOUNDATION TRUST,777.3846153846154,690.7692307692307,88.85810409657628,0.0,0.0,,0.0,0.0,,0.0,0.0,,777.3846153846154,690.7692307692307,88.85810409657628,85–91.9% Moderate-high occupancy,False,False
2025-26,Q1,June,Y63,R0B,SOUTH TYNESIDE AND SUNDERLAND NHS FOUNDATION TRUST,1111.5054945054944,964.2197802197802,86.74898909507944,1111.5054945054944,964.2197802197802,86.74898909507944,0.0,0.0,,0.0,0.0,,0.0,0.0,,85–91.9% Moderate-high occupancy,False,False
2025-26,Q1,June,Y63,RAE,BRADFORD TEACHING HOSPITALS NHS FOUNDATION TRUST,698.0989010989011,632.5494505494505,90.61029168699922,613.5604395604396,555.967032967033,90.61324640899811,0.0,0.0,,84.53846153846153,76.58241758241758,90.58884700376966,0.0,0.0,,85–91.9% Moderate-high occupancy,False,False
2025-26,Q1,June,Y63,RCB,YORK AND SCARBOROUGH TEACHING HOSPITALS NHS FOUNDATION TRUST,899.2307692307693,829.934065934066,92.29377978736404,832.4175824175824,811.2417582417582,97.45610561056107,0.0,0.0,,66.81318681318682,18.692307692307693,27.976973684210527,0.0,0.0,,92–94.9% High occupancy,True,False
2025-26,Q1,June,Y63,RCD,HARROGATE AND DISTRICT NHS FOUNDATION TRUST,304.02197802197804,280.05494505494505,92.11667751030144,277.2967032967033,267.5054945054945,96.46904969485614,0.0,0.0,,26.725274725274726,12.54945054945055,46.95723684210526,0.0,0.0,,92–94.9% High occupancy,True,False
2025-26,Q1,June,Y63,RCF,AIREDALE NHS FOUNDATION TRUST,386.7692307692308,345.2307692307692,89.26014319809069,358.0879120879121,329.8791208791209,92.12238384582335,0.0,0.0,,28.681318681318682,15.351648351648352,53.524904214559385,0.0,0.0,,85–91.9% Moderate-high occupancy,False,False
2025-26,Q1,June,Y63,RCU,SHEFFIELD CHILDREN'S NHS FOUNDATION TRUST,163.4945054945055,105.63736263736264,64.61217905632478,137.4945054945055,93.35164835164835,67.894820971867,0.0,0.0,,0.0,0.0,,26.0,12.285714285714286,47.252747252747255,Below 85%,False,False
2025-26,Q1,June,Y63,RFF,BARNSLEY HOSPITAL NHS FOUNDATION TRUST,490.0,450.25274725274727,91.88831576586679,458.0,429.9120879120879,93.86726810307596,0.0,0.0,,32.0,20.34065934065934,63.56456043956044,0.0,0.0,,85–91.9% Moderate-high occupancy,False,False
2025-26,Q1,June,Y63,RFR,THE ROTHERHAM NHS FOUNDATION TRUST,477.9120879120879,427.74725274725273,89.50333409979305,454.3296703296703,407.46153846153845,89.68411377708979,0.0,0.0,,23.582417582417584,20.285714285714285,86.02050326188257,0.0,0.0,,85–91.9% Moderate-high occupancy,False,False
2025-26,Q1,June,Y63,RGD,LEEDS AND YORK PARTNERSHIP NHS FOUNDATION TRUST,393.02197802197804,345.4065934065934,87.88480357891794,0.0,0.0,,13.0,7.164835164835165,55.11411665257819,0.0,0.0,,380.02197802197804,338.24175824175825,89.00584118905789,85–91.9% Moderate-high occupancy,False,False
2025-26,Q1,June,Y63,RHQ,SHEFFIELD TEACHING HOSPITALS NHS FOUNDATION TRUST,1561.3406593406594,1387.967032967033,88.89584887600118,1502.021978021978,1340.934065934066,89.27526264961519,0.0,0.0,,59.31868131868132,47.032967032967036,79.28862541682105,0.0,0.0,,85–91.9% Moderate-high occupancy,False,False
2025-26,Q1,June,Y63,RJL,NORTHERN LINCOLNSHIRE AND GOOLE NHS FOUNDATION TRUST,676.1758241758242,548.2527472527472,81.0813885457973,608.6703296703297,506.1758241758242,83.1609164274495,0.0,0.0,,67.50549450549451,42.07692307692308,62.33110857887026,0.0,0.0,,Below 85%,False,False
2025-26,Q1,June,Y63,RNN,NORTH CUMBRIA INTEGRATED CARE NHS FOUNDATION TRUST,623.5384615384615,541.9560439560439,86.91621726410771,584.5384615384615,522.7692307692307,89.43282010790892,0.0,0.0,,39.0,19.186813186813186,49.196956889264584,0.0,0.0,,85–91.9% Moderate-high occupancy,False,False
2025-26,Q1,June,Y63,RP5,DONCASTER AND BASSETLAW TEACHING HOSPITALS NHS FOUNDATION TRUST,804.967032967033,708.3846153846154,88.00169278654508,727.967032967033,666.7032967032967,91.58427051098195,0.0,0.0,,77.0,41.68131868131868,54.13158270301127,0.0,0.0,,85–91.9% Moderate-high occupancy,False,False
2025-26,Q1,June,Y63,RR7,GATESHEAD HEALTH NHS FOUNDATION TRUST,503.6703296703297,464.1978021978022,92.16302308330062,461.6703296703297,433.4175824175824,93.88031990859754,0.0,0.0,,16.0,11.582417582417582,72.39010989010988,26.0,19.197802197802197,73.83770076077768,92–94.9% High occupancy,True,False
2025-26,Q1,June,Y63,RR8,LEEDS TEACHING HOSPITALS NHS TRUST,1818.6813186813188,1718.8351648351647,94.50996978851963,1673.967032967033,1659.8131868131868,99.15447282562315,0.0,0.0,,144.71428571428572,59.02197802197802,40.785177310350065,0.0,0.0,,92–94.9% High occupancy,True,False
2025-26,Q1,June,Y63,RTD,THE NEWCASTLE UPON TYNE HOSPITALS NHS FOUNDATION TRUST,1562.3076923076924,1282.989010989011,82.121403953014,1444.5274725274726,1237.065934065934,85.63810364239417,0.0,0.0,,117.78021978021978,45.92307692307692,38.99048329912297,0.0,0.0,,Below 85%,False,False
2025-26,Q1,June,Y63,RTF,NORTHUMBRIA HEALTHCARE NHS FOUNDATION TRUST,903.8571428571429,788.8021978021978,87.2706714811978,839.4175824175824,739.3186813186813,88.07519604121121,0.0,0.0,,36.43956043956044,27.35164835164835,75.06031363088059,28.0,22.13186813186813,79.04238618524333,85–91.9% Moderate-high occupancy,False,False
2025-26,Q1,June,Y63,RTR,SOUTH TEES HOSPITALS NHS FOUNDATION TRUST,973.1208791208791,848.1868131868132,87.16150597375614,932.0989010989011,820.6153846153846,88.03951851546196,0.0,0.0,,41.02197802197802,27.571428571428573,67.2113581569783,0.0,0.0,,85–91.9% Moderate-high occupancy,False,False
2025-26,Q1,June,Y63,RV9,HUMBER TEACHING NHS FOUNDATION TRUST,215.0,152.0989010989011,70.74367492972145,0.0,0.0,,14.0,5.802197802197802,41.444270015698585,0.0,0.0,,201.0,146.2967032967033,72.78442950084741,Below 85%,False,False
2025-26,Q1,June,Y63,RVW,NORTH TEES AND HARTLEPOOL NHS FOUNDATION TRUST,558.9010989010989,485.14285714285717,86.80298859614629,516.9010989010989,473.7802197802198,91.6578085802968,0.0,0.0,,42.0,11.362637362637363,27.05389848246991,0.0,0.0,,85–91.9% Moderate-high occupancy,False,False
2025-26,Q1,June,Y63,RWA,HULL UNIVERSITY TEACHING HOSPITALS NHS TRUST,1244.934065934066,1096.7692307692307,88.09857973854479,1168.934065934066,1060.1538461538462,90.6940671034943,0.0,0.0,,76.0,36.61538461538461,48.178137651821864,0.0,0.0,,85–91.9% Moderate-high occupancy,False,False
2025-26,Q1,June,Y63,RWY,CALDERDALE AND HUDDERSFIELD NHS FOUNDATION TRUST,789.0879120879121,660.5494505494505,83.71050176166669,736.1428571428571,636.2857142857143,86.43508635746169,0.0,0.0,,52.94505494505494,24.263736263736263,45.82814445828144,0.0,0.0,,Below 85%,False,False
2025-26,Q1,June,Y63,RX3,"TEES, ESK AND WEAR VALLEYS NHS FOUNDATION TRUST",715.0,613.7692307692307,85.84185045723507,0.0,0.0,,107.0,62.37362637362637,58.29310876039848,0.0,0.0,,608.0,551.3956043956044,90.69006651243494,85–91.9% Moderate-high occupancy,False,False
2025-26,Q1,June,Y63,RX4,"CUMBRIA, NORTHUMBERLAND, TYNE AND WEAR NHS FOUNDATION TRUST",764.0,689.2417582417582,90.21488982221967,49.0,42.61538461538461,86.97017268445839,75.0,60.15384615384615,80.2051282051282,0.0,0.0,,640.0,586.4725274725274,91.63633241758241,85–91.9% Moderate-high occupancy,False,False
2025-26,Q1,June,Y63,RXE,ROTHERHAM DONCASTER AND SOUTH HUMBER NHS FOUNDATION TRUST,226.27472527472528,204.84615384615384,90.52984313535039,61.637362637362635,50.92307692307692,82.6172223212694,0.0,0.0,,0.0,0.0,,164.63736263736263,153.92307692307693,93.49219062875451,85–91.9% Moderate-high occupancy,False,False
2025-26,Q1,June,Y63,RXF,MID YORKSHIRE TEACHING NHS TRUST,1140.3846153846155,980.1758241758242,85.95133702722235,1080.2087912087911,940.8681318681319,87.1005808807821,0.0,0.0,,60.175824175824175,39.30769230769231,65.32140248356465,0.0,0.0,,85–91.9% Moderate-high occupancy,False,False
2025-26,Q1,June,Y63,RXG,SOUTH WEST YORKSHIRE PARTNERSHIP NHS FOUNDATION TRUST,561.0,476.9230769230769,85.01302618949677,24.0,18.923076923076923,78.84615384615384,24.0,14.54945054945055,60.62271062271062,0.0,0.0,,513.0,443.45054945054943,86.44260223207591,85–91.9% Moderate-high occupancy,False,False
2025-26,Q1,June,Y63,RXP,COUNTY DURHAM AND DARLINGTON NHS FOUNDATION TRUST,982.1318681318681,900.4175824175824,91.67990690804932,921.1318681318681,866.9120879120879,94.11378738532385,0.0,0.0,,61.0,33.505494505494504,54.92704017294181,0.0,0.0,,85–91.9% Moderate-high occupancy,False,False
2025-26,Q1,June,Y63,RY6,LEEDS COMMUNITY HEALTHCARE NHS TRUST,62.34065934065934,32.84615384615385,52.68817204301075,62.34065934065934,32.84615384615385,52.68817204301075,0.0,0.0,,0.0,0.0,,0.0,0.0,,Below 85%,False,False
2025-26,Q1,June,Y63,TAD,BRADFORD DISTRICT CARE NHS FOUNDATION TRUST,194.0,169.84615384615384,87.54956383822363,0.0,0.0,,8.0,4.846153846153846,60.57692307692307,0.0,0.0,,186.0,165.0,88.70967741935483,85–91.9% Moderate-high occupancy,False,False
2025-26,Q1,June,Y63,TAH,SHEFFIELD HEALTH & SOCIAL CARE NHS FOUNDATION TRUST,137.0,129.2967032967033,94.3771556910243,0.0,0.0,,0.0,0.0,,0.0,0.0,,137.0,129.2967032967033,94.3771556910243,92–94.9% High occupancy,True,False
2025-26,Q1,June,Y60,RNA,THE DUDLEY GROUP NHS FOUNDATION TRUST,701.6263736263736,619.4285714285714,88.28467610575116,647.6263736263736,589.021978021978,90.95089422065362,0.0,0.0,0.0,54.0,30.406593406593405,56.3085063085063,0.0,0.0,0.0,85–91.9% Moderate-high occupancy,False,False
2025-26,Q1,June,Y60,RQ3,BIRMINGHAM WOMEN'S AND CHILDREN'S NHS FOUNDATION TRUST,395.3736263736264,296.8021978021978,75.06879012757442,262.75824175824175,206.03296703296704,78.41160971937602,0.0,0.0,0.0,102.0,73.12087912087912,71.68713639301875,30.615384615384617,17.64835164835165,57.645369705671214,Below 85%,False,False
2025-26,Q2,September,Y56,G6V2S,NORTH LONDON NHS FOUNDATION TRUST,690.0,646.7282608695652,93.72873345935729,0.0,0.0,,27.0,20.07608695652174,74.35587761674718,0.0,0.0,,663.0,626.6521739130435,94.5176732900518,92–94.9% High occupancy,True,False
2025-26,Q2,September,Y56,R1H,BARTS HEALTH NHS TRUST,2158.108695652174,1933.9347826086957,89.61248274958952,1959.5,1796.7608695652175,91.69486448406316,0.0,0.0,,198.6086956521739,137.17391304347825,69.06742556917688,0.0,0.0,,85–91.9% Moderate-high occupancy,False,False
2025-26,Q2,September,Y56,R1K,LONDON NORTH WEST UNIVERSITY HEALTHCARE NHS TRUST,1084.608695652174,1018.0869565217391,93.86675218471898,1024.2717391304348,976.0217391304348,95.28933600755573,0.0,0.0,,60.33695652173913,42.06521739130435,69.71716807782383,0.0,0.0,,92–94.9% High occupancy,True,False
2025-26,Q2,September,Y56,RAL,ROYAL FREE LONDON NHS FOUNDATION TRUST,1494.1847826086957,1409.4565217391305,94.32946568217363,1405.5760869565217,1369.445652173913,97.42949278108156,0.0,0.0,,88.6086956521739,40.01086956521739,45.15456329735035,0.0,0.0,,92–94.9% High occupancy,True,False
2025-26,Q2,September,Y56,RAN,ROYAL NATIONAL ORTHOPAEDIC HOSPITAL NHS TRUST,142.25,103.58695652173913,72.82035607855123,142.25,103.58695652173913,72.82035607855123,0.0,0.0,,0.0,0.0,,0.0,0.0,,Below 85%,False,False
2025-26,Q2,September,Y56,RAS,THE HILLINGDON HOSPITALS NHS FOUNDATION TRUST,451.4347826086956,388.1304347826087,85.97707791582394,389.1304347826087,355.25,91.29329608938548,0.0,0.0,,62.30434782608695,32.880434782608695,52.77390090718772,0.0,0.0,,85–91.9% Moderate-high occupancy,False,False
2025-26,Q2,September,Y56,RAT,NORTH EAST LONDON NHS FOUNDATION TRUST,399.9891304347826,356.0326086956522,89.01057093942771,158.9891304347826,139.2826086956522,87.60511383058729,0.0,0.0,,0.0,0.0,,241.0,216.75,89.93775933609959,85–91.9% Moderate-high occupancy,False,False
2025-26,Q2,September,Y56,RAX,KINGSTON AND RICHMOND NHS FOUNDATION TRUST,425.0,373.3478260869565,87.846547314578,365.0,329.79347826086956,90.35437760571769,0.0,0.0,,60.0,43.55434782608695,72.59057971014492,0.0,0.0,,85–91.9% Moderate-high occupancy,False,False
2025-26,Q2,September,Y56,RF4,"BARKING, HAVERING AND REDBRIDGE UNIVERSITY HOSPITALS NHS TRUST",1057.0,919.1739130434783,86.96063510345111,991.0,863.1195652173913,87.095818891765,0.0,0.0,,66.0,56.05434782608695,84.93083003952569,0.0,0.0,,85–91.9% Moderate-high occupancy,False,False
2025-26,Q2,September,Y56,RJ1,GUY'S AND ST THOMAS' NHS FOUNDATION TRUST,1293.8369565217392,1066.0760869565217,82.3964782875337,1221.0978260869565,1006.6630434782609,82.43918070873502,0.0,0.0,,72.73913043478261,59.41304347826087,81.67961745367603,0.0,0.0,,Below 85%,False,False
2025-26,Q2,September,Y56,RJ2,LEWISHAM AND GREENWICH NHS TRUST,1036.608695652174,927.5217391304348,89.47655398037077,961.6086956521739,864.5,89.9014332866121,0.0,0.0,,75.0,63.02173913043478,84.02898550724638,0.0,0.0,,85–91.9% Moderate-high occupancy,False,False
2025-26,Q2,September,Y56,RJ6,CROYDON HEALTH SERVICES NHS TRUST,477.7391304347826,428.95652173913044,89.78886057517292,420.3695652173913,394.7608695652174,93.90805192118735,0.0,0.0,,57.369565217391305,34.19565217391305,59.60591133004927,0.0,0.0,,85–91.9% Moderate-high occupancy,False,False
2025-26,Q2,September,Y56,RJ7,ST GEORGE'S UNIVERSITY HOSPITALS NHS FOUNDATION TRUST,882.8260869565217,842.7065217391304,95.45555281950257,819.8260869565217,813.4347826086956,99.22040729741197,0.0,0.0,,63.0,29.27173913043478,46.46307798481711,0.0,0.0,,95%+ Very high occupancy,True,True
2025-26,Q2,September,Y56,RJZ,KING'S COLLEGE HOSPITAL NHS FOUNDATION TRUST,1470.0,1274.358695652174,86.69106773144041,1350.0,1204.195652173913,89.19967793880838,0.0,0.0,,120.0,70.16304347826087,58.46920289855073,0.0,0.0,,85–91.9% Moderate-high occupancy,False,False
2025-26,Q2,September,Y56,RKE,WHITTINGTON HEALTH NHS TRUST,286.9782608695652,249.52173913043478,86.94795848799333,242.80434782608697,223.17391304347825,91.91512221326886,0.0,0.0,,44.17391304347826,26.347826086956523,59.645669291338585,0.0,0.0,,85–91.9% Moderate-high occupancy,False,False
2025-26,Q2,September,Y56,RKL,WEST LONDON NHS TRUST,759.8369565217391,665.8804347826087,87.63464702095702,70.0,53.54347826086956,76.49068322981365,0.0,0.0,,0.0,0.0,,689.8369565217391,612.3369565217391,88.76546127786969,85–91.9% Moderate-high occupancy,False,False
2025-26,Q2,September,Y56,RP4,GREAT ORMOND STREET HOSPITAL FOR CHILDREN NHS FOUNDATION TRUST,229.1304347826087,184.7173913043478,80.61669829222011,221.1304347826087,178.82608695652175,80.86905230043257,0.0,0.0,,0.0,0.0,,8.0,5.891304347826087,73.6413043478261,Below 85%,False,False
2025-26,Q2,September,Y56,RP6,MOORFIELDS EYE HOSPITAL NHS FOUNDATION TRUST,9.565217391304348,4.880434782608695,51.02272727272727,9.565217391304348,4.880434782608695,51.02272727272727,0.0,0.0,,0.0,0.0,,0.0,0.0,,Below 85%,False,False
2025-26,Q2,September,Y56,RPG,OXLEAS NHS FOUNDATION TRUST,366.0,332.04347826086956,90.72226181990972,0.0,0.0,,0.0,0.0,,0.0,0.0,,366.0,332.04347826086956,90.72226181990972,85–91.9% Moderate-high occupancy,False,False
2025-26,Q2,September,Y56,RPY,THE ROYAL MARSDEN NHS FOUNDATION TRUST,203.97826086956522,178.5,87.50932537567941,203.97826086956522,178.5,87.50932537567941,0.0,0.0,,0.0,0.0,,0.0,0.0,,85–91.9% Moderate-high occupancy,False,False
2025-26,Q2,September,Y56,RQM,CHELSEA AND WESTMINSTER HOSPITAL NHS FOUNDATION TRUST,859.5108695652174,802.2826086956521,93.34176414796079,768.5108695652174,734.7282608695652,95.60414692445866,0.0,0.0,,91.0,67.55434782608695,74.23554706163401,0.0,0.0,,92–94.9% High occupancy,True,False
2025-26,Q2,September,Y56,RQX,HOMERTON HEALTHCARE NHS FOUNDATION TRUST,315.2391304347826,263.3369565217391,83.53561823322528,274.2391304347826,232.59782608695653,84.81569560047562,0.0,0.0,,41.0,30.73913043478261,74.97348886532343,0.0,0.0,,Below 85%,False,False
2025-26,Q2,September,Y56,RQY,SOUTH WEST LONDON AND ST GEORGE'S MENTAL HEALTH NHS TRUST,351.0217391304348,317.3804347826087,90.41617637951322,0.0,0.0,,12.0,11.532608695652174,96.10507246376811,0.0,0.0,,339.0217391304348,305.8478260869565,90.21481243988457,85–91.9% Moderate-high occupancy,False,False
2025-26,Q2,September,Y56,RRV,UNIVERSITY COLLEGE LONDON HOSPITALS NHS FOUNDATION TRUST,897.4782608695652,670.2934782608696,74.68631915512063,853.4782608695652,648.1630434782609,75.94370860927152,0.0,0.0,,32.0,16.26086956521739,50.815217391304344,12.0,5.869565217391305,48.91304347826087,Below 85%,False,False
2025-26,Q2,September,Y56,RV3,CENTRAL AND NORTH WEST LONDON NHS FOUNDATION TRUST,694.554347826087,605.8586956521739,87.22984710245856,74.53260869565217,68.01086956521739,91.2498177045355,11.815217391304348,3.9347826086956523,33.30266789328427,0.0,0.0,,608.2065217391304,533.9130434782609,87.78482709319991,85–91.9% Moderate-high occupancy,False,False
2025-26,Q2,September,Y56,RVR,EPSOM AND ST HELIER UNIVERSITY HOSPITALS NHS TRUST,783.8913043478261,624.4782608695652,79.66388418980004,688.8913043478261,594.1521739130435,86.24759380226577,0.0,0.0,,95.0,30.32608695652174,31.92219679633867,0.0,0.0,,Below 85%,False,False
2025-26,Q2,September,Y56,RWK,EAST LONDON NHS FOUNDATION TRUST,853.2608695652174,782.6521739130435,91.72484076433122,23.26086956521739,16.72826086956522,71.9158878504673,0.0,0.0,,0.0,0.0,,830.0,765.9239130434783,92.27998952331063,85–91.9% Moderate-high occupancy,False,False
2025-26,Q2,September,Y56,RYJ,IMPERIAL COLLEGE HEALTHCARE NHS TRUST,1096.858695652174,1031.0869565217392,94.0036269584089,1033.9347826086957,973.0326086956521,94.10966968734886,0.0,0.0,,62.92391304347826,58.05434782608695,92.26118500604595,0.0,0.0,,92–94.9% High occupancy,True,False
2025-26,Q2,September,Y56,RYX,CENTRAL LONDON COMMUNITY HEALTHCARE NHS TRUST,0.0,0.0,,0.0,0.0,,0.0,0.0,,0.0,0.0,,0.0,0.0,,,False,False
2025-26,Q2,September,Y58,R0D,UNIVERSITY HOSPITALS DORSET NHS FOUNDATION TRUST,1119.9130434782608,978.3260869565217,87.35732587933846,1059.9130434782608,945.2173913043479,89.17876774140619,0.0,0.0,,60.0,33.108695652173914,55.18115942028986,0.0,0.0,,85–91.9% Moderate-high occupancy,False,False
2025-26,Q2,September,Y58,RA7,UNIVERSITY HOSPITALS BRISTOL AND WESTON NHS FOUNDATION TRUST,1040.3369565217392,974.445652173913,93.66634974036421,968.2826086956521,929.3695652173913,95.98123077613884,0.0,0.0,,72.05434782608695,45.07608695652174,62.55845527228844,0.0,0.0,,92–94.9% High occupancy,True,False
2025-26,Q2,September,Y58,RA9,TORBAY AND SOUTH DEVON NHS FOUNDATION TRUST,386.5108695652174,362.9673913043478,93.90871509322535,386.5108695652174,362.9673913043478,93.90871509322535,0.0,0.0,,0.0,0.0,,0.0,0.0,,92–94.9% High occupancy,True,False
2025-26,Q2,September,Y58,RBD,DORSET COUNTY HOSPITAL NHS FOUNDATION TRUST,360.7391304347826,322.57608695652175,89.42087501506568,328.7391304347826,308.9347826086956,93.97566459463033,0.0,0.0,,32.0,13.641304347826088,42.62907608695652,0.0,0.0,,85–91.9% Moderate-high occupancy,False,False
2025-26,Q2,September,Y58,RD1,ROYAL UNITED HOSPITALS BATH NHS FOUNDATION TRUST,568.9782608695652,530.7065217391304,93.27360256753141,511.6195652173913,499.8152173913044,97.69274894304107,0.0,0.0,,57.358695652173914,30.891304347826086,53.85635777904112,0.0,0.0,,92–94.9% High occupancy,True,False
2025-26,Q2,September,Y58,RDY,DORSET HEALTHCARE UNIVERSITY NHS FOUNDATION TRUST,200.47826086956522,162.97826086956522,81.29472999349382,0.0,0.0,,0.0,0.0,,0.0,0.0,,200.47826086956522,162.97826086956522,81.29472999349382,Below 85%,False,False
2025-26,Q2,September,Y58,REF,ROYAL CORNWALL HOSPITALS NHS TRUST,714.1086956521739,648.4673913043479,90.80793935888461,643.4347826086956,618.1195652173913,96.06561254138792,0.0,0.0,,70.67391304347827,30.347826086956523,42.94063365118425,0.0,0.0,,85–91.9% Moderate-high occupancy,False,False
2025-26,Q2,September,Y58,RH5,SOMERSET NHS FOUNDATION TRUST,1296.0869565217392,1133.1630434782608,87.42955384099294,1160.9347826086957,1014.25,87.36494204445442,0.0,0.0,,37.0,28.16304347826087,76.11633372502938,98.15217391304348,90.75,92.45847176079734,85–91.9% Moderate-high occupancy,False,False
2025-26,Q2,September,Y58,RH8,ROYAL DEVON UNIVERSITY HEALTHCARE NHS FOUNDATION TRUST,1161.2391304347825,1024.0869565217392,88.18915326581427,1100.9021739130435,1007.7608695652174,91.53954760423763,0.0,0.0,,60.33695652173913,16.32608695652174,27.05818771392542,0.0,0.0,,85–91.9% Moderate-high occupancy,False,False
2025-26,Q2,September,Y58,RJ8,CORNWALL PARTNERSHIP NHS FOUNDATION TRUST,173.55434782608697,159.07608695652175,91.65779420053862,56.95652173913044,55.20652173913044,96.92748091603053,0.0,0.0,,0.0,0.0,,116.59782608695652,103.8695652173913,89.08362077001958,85–91.9% Moderate-high occupancy,False,False
2025-26,Q2,September,Y58,RK9,UNIVERSITY HOSPITALS PLYMOUTH NHS TRUST,1105.5,1003.1739130434783,90.74390891392838,1047.5,954.4673913043479,91.11860537511674,0.0,0.0,,58.0,48.70652173913044,83.97676161919041,0.0,0.0,,85–91.9% Moderate-high occupancy,False,False
2025-26,Q2,September,Y58,RN3,GREAT WESTERN HOSPITALS NHS FOUNDATION TRUST,576.804347826087,547.7391304347826,94.96099197226096,546.804347826087,522.6195652173913,95.57706834174849,0.0,0.0,,30.0,25.119565217391305,83.73188405797102,0.0,0.0,,92–94.9% High occupancy,True,False
2025-26,Q2,September,Y58,RNZ,SALISBURY NHS FOUNDATION TRUST,466.4782608695652,434.0,93.03756174853201,442.4782608695652,418.0652173913044,94.48265697160264,0.0,0.0,,24.0,15.934782608695652,66.39492753623189,0.0,0.0,,92–94.9% High occupancy,True,False
2025-26,Q2,September,Y58,RTE,GLOUCESTERSHIRE HOSPITALS NHS FOUNDATION TRUST,903.5760869565217,834.1086956521739,92.3119488986996,857.5760869565217,814.8369565217391,95.01628705780955,0.0,0.0,,46.0,19.27173913043478,41.895085066162565,0.0,0.0,,92–94.9% High occupancy,True,False
2025-26,Q2,September,Y58,RTQ,GLOUCESTERSHIRE HEALTH AND CARE NHS FOUNDATION TRUST,165.8913043478261,155.06521739130434,93.47398768182413,0.0,0.0,,7.0,2.891304347826087,41.30434782608695,0.0,0.0,,158.8913043478261,152.17391304347825,95.7723354768094,92–94.9% High occupancy,True,False
2025-26,Q2,September,Y58,RVJ,NORTH BRISTOL NHS TRUST,1009.695652173913,956.6413043478261,94.74551091590234,936.695652173913,899.4239130434783,96.02093390271074,0.0,0.0,,61.0,52.59782608695652,86.22594440484676,12.0,4.619565217391305,38.49637681159421,92–94.9% High occupancy,True,False
2025-26,Q2,September,Y58,RVN,AVON AND WILTSHIRE MENTAL HEALTH PARTNERSHIP NHS TRUST,486.8804347826087,436.25,89.60105373607483,0.0,0.0,,0.0,0.0,,0.0,0.0,,486.8804347826087,436.25,89.60105373607483,85–91.9% Moderate-high occupancy,False,False
2025-26,Q2,September,Y58,RWV,DEVON PARTNERSHIP NHS TRUST,262.05434782608694,254.90217391304347,97.27072877348708,0.0,0.0,,0.4673913043478261,0.4673913043478261,100.0,0.0,0.0,,261.5869565217391,254.43478260869566,97.26585223967423,95%+ Very high occupancy,True,True
2025-26,Q2,September,Y59,R1F,ISLE OF WIGHT NHS TRUST,289.7826086956522,268.2608695652174,92.57314328582144,273.7826086956522,261.32608695652175,95.45021438780371,0.0,0.0,,16.0,6.934782608695652,43.34239130434783,0.0,0.0,,92–94.9% High occupancy,True,False
2025-26,Q2,September,Y59,RA2,ROYAL SURREY NHS FOUNDATION TRUST,539.0,456.45652173913044,84.68581108332661,476.0,440.9782608695652,92.64249177932041,0.0,0.0,,63.0,15.478260869565217,24.568668046928916,0.0,0.0,,Below 85%,False,False
2025-26,Q2,September,Y59,RDU,FRIMLEY HEALTH NHS FOUNDATION TRUST,1415.0652173913043,1239.3152173913043,87.5800777349331,1282.9239130434783,1172.2173913043478,91.37076481203772,0.0,0.0,,132.1413043478261,67.09782608695652,50.77732993337172,0.0,0.0,,85–91.9% Moderate-high occupancy,False,False
2025-26,Q2,September,Y59,RHM,UNIVERSITY HOSPITAL SOUTHAMPTON NHS FOUNDATION TRUST,1253.9130434782608,1129.8804347826087,90.10835644937588,1197.5869565217392,1092.9130434782608,91.25959810488482,0.0,0.0,,56.32608695652174,36.96739130434783,65.63103049015824,0.0,0.0,,85–91.9% Moderate-high occupancy,False,False
2025-26,Q2,September,Y59,RHU,PORTSMOUTH HOSPITALS UNIVERSITY NHS TRUST,1097.5434782608695,1041.1739130434783,94.86402440232139,1053.5434782608695,1003.0326086956521,95.20562078286528,0.0,0.0,,44.0,38.141304347826086,86.68478260869566,0.0,0.0,,92–94.9% High occupancy,True,False
2025-26,Q2,September,Y59,RHW,ROYAL BERKSHIRE NHS FOUNDATION TRUST,672.0434782608696,628.7608695652174,93.55955230639839,627.5652173913044,586.6630434782609,93.4824026603852,0.0,0.0,,44.47826086956522,42.09782608695652,94.64809384164224,0.0,0.0,,92–94.9% High occupancy,True,False
2025-26,Q2,September,Y59,RN7,DARTFORD AND GRAVESHAM NHS TRUST,567.8260869565217,525.1630434782609,92.48660030627872,532.2173913043479,489.55434782608694,91.98390654358303,0.0,0.0,,35.608695652173914,35.608695652173914,100.0,0.0,0.0,,92–94.9% High occupancy,True,False
2025-26,Q2,September,Y59,RNU,OXFORD HEALTH NHS FOUNDATION TRUST,532.7717391304348,443.0869565217391,83.16637763949811,114.77173913043478,109.20652173913044,95.1510559712094,10.0,4.978260869565218,49.78260869565217,0.0,0.0,,408.0,328.9021739130435,80.6132779198636,Below 85%,False,False
2025-26,Q2,September,Y59,RPA,MEDWAY NHS FOUNDATION TRUST,659.0978260869565,547.1413043478261,83.01367152068869,613.7391304347826,517.1739130434783,84.26608104278831,0.0,0.0,,45.358695652173914,29.967391304347824,66.06757728253055,0.0,0.0,,Below 85%,False,False
2025-26,Q2,September,Y59,RPC,QUEEN VICTORIA HOSPITAL NHS FOUNDATION TRUST,47.869565217391305,28.347826086956523,59.218891916439595,47.869565217391305,28.347826086956523,59.218891916439595,0.0,0.0,,0.0,0.0,,0.0,0.0,,Below 85%,False,False
2025-26,Q2,September,Y59,RTH,OXFORD UNIVERSITY HOSPITALS NHS FOUNDATION TRUST,1091.6739130434783,1019.2826086956521,93.3687794969831,990.6739130434783,937.0217391304348,94.58427508722652,0.0,0.0,,101.0,82.26086956521739,81.44640551011622,0.0,0.0,,92–94.9% High occupancy,True,False
2025-26,Q2,September,Y59,RTK,ASHFORD AND ST PETER'S HOSPITALS NHS FOUNDATION TRUST,502.6304347826087,436.55434782608694,86.85394230353359,448.6304347826087,394.7717391304348,87.99486359451471,0.0,0.0,,54.0,41.78260869565217,77.37520128824477,0.0,0.0,,85–91.9% Moderate-high occupancy,False,False
2025-26,Q2,September,Y59,RTP,SURREY AND SUSSEX HEALTHCARE NHS TRUST,698.6630434782609,643.4673913043479,92.09981797532555,670.6304347826087,625.5434782608696,93.2769295601154,0.0,0.0,,28.032608695652176,17.92391304347826,63.93951143854208,0.0,0.0,,92–94.9% High occupancy,True,False
2025-26,Q2,September,Y59,RVV,EAST KENT HOSPITALS UNIVERSITY NHS FOUNDATION TRUST,1135.0217391304348,1005.4673913043479,88.58573863745188,1052.5326086956522,954.3913043478261,90.67569939999794,0.0,0.0,,82.48913043478261,51.07608695652174,61.91856634602715,0.0,0.0,,85–91.9% Moderate-high occupancy,False,False
2025-26,Q2,September,Y59,RW1,HAMPSHIRE AND ISLE OF WIGHT HEALTHCARE NHS FOUNDATION TRUST,685.3260869565217,646.5760869565217,94.34575733544806,189.08695652173913,178.09782608695653,94.18831915382847,10.0,7.336956521739131,73.36956521739131,0.0,0.0,,486.2391304347826,461.14130434782606,94.83837796754146,92–94.9% High occupancy,True,False
2025-26,Q2,September,Y59,RWF,MAIDSTONE AND TUNBRIDGE WELLS NHS TRUST,718.0108695652174,608.445652173913,84.74045142831191,675.0108695652174,587.7934782608696,87.07911305776076,0.0,0.0,,43.0,20.652173913043477,48.0283114256825,0.0,0.0,,Below 85%,False,False
2025-26,Q2,September,Y59,RWX,BERKSHIRE HEALTHCARE NHS FOUNDATION TRUST,170.72826086956522,150.80434782608697,88.33004392945821,42.57608695652174,36.23913043478261,85.1161603267807,8.815217391304348,5.043478260869565,57.21331689272503,0.0,0.0,,119.33695652173913,109.52173913043478,91.77520721377175,85–91.9% Moderate-high occupancy,False,False
2025-26,Q2,September,Y59,RX2,SUSSEX PARTNERSHIP NHS FOUNDATION TRUST,562.695652173913,528.4891304347826,93.92095503013445,0.0,0.0,,8.0,5.358695652173913,66.9836956521739,0.0,0.0,,554.695652173913,523.1304347826087,94.30945289230289,92–94.9% High occupancy,True,False
2025-26,Q2,September,Y59,RXC,EAST SUSSEX HEALTHCARE NHS TRUST,769.9130434782609,666.0978260869565,86.5159814772984,745.9130434782609,645.7934782608696,86.57758218698997,0.0,0.0,,24.0,20.304347826086957,84.60144927536231,0.0,0.0,,85–91.9% Moderate-high occupancy,False,False
2025-26,Q2,September,Y59,RXQ,BUCKINGHAMSHIRE HEALTHCARE NHS TRUST,557.0,528.8586956521739,94.94770119428615,500.0,493.85869565217394,98.77173913043478,0.0,0.0,,57.0,35.0,61.40350877192983,0.0,0.0,,92–94.9% High occupancy,True,False
2025-26,Q2,September,Y59,RXX,SURREY AND BORDERS PARTNERSHIP NHS FOUNDATION TRUST,177.09782608695653,166.75,94.15699993862394,0.0,0.0,,7.0,3.782608695652174,54.037267080745345,0.0,0.0,,170.09782608695653,162.9673913043478,95.80803885232282,92–94.9% High occupancy,True,False
2025-26,Q2,September,Y59,RXY,KENT AND MEDWAY NHS AND SOCIAL CARE PARTNERSHIP TRUST,450.45652173913044,410.5326086956522,91.13701076202886,0.0,0.0,,0.0,0.0,,0.0,0.0,,450.45652173913044,410.5326086956522,91.13701076202886,85–91.9% Moderate-high occupancy,False,False
2025-26,Q2,September,Y59,RYR,UNIVERSITY HOSPITALS SUSSEX NHS FOUNDATION TRUST,1967.0,1745.3804347826087,88.73311818925312,1828.0,1682.3260869565217,92.0309675577966,0.0,0.0,,139.0,63.05434782608695,45.36284016265248,0.0,0.0,,85–91.9% Moderate-high occupancy,False,False
2025-26,Q2,September,Y60,R1A,HEREFORDSHIRE AND WORCESTERSHIRE HEALTH AND CARE NHS TRUST,180.30434782608697,166.9891304347826,92.61514347721243,38.21739130434783,35.18478260869565,92.06484641638224,0.0,0.0,,0.0,0.0,,142.08695652173913,131.80434782608697,92.76315789473686,92–94.9% High occupancy,True,False
2025-26,Q2,September,Y60,RBK,WALSALL HEALTHCARE NHS TRUST,533.945652173913,455.2282608695652,85.25741506015511,502.07608695652175,437.20652173913044,87.07973414734472,0.0,0.0,,31.869565217391305,18.02173913043478,56.54843110504775,0.0,0.0,,85–91.9% Moderate-high occupancy,False,False
2025-26,Q2,September,Y60,RFS,CHESTERFIELD ROYAL HOSPITAL NHS FOUNDATION TRUST,564.1739130434783,499.94565217391306,88.6155209617756,530.1739130434783,479.0217391304348,90.35181236673775,0.0,0.0,,34.0,20.92391304347826,61.54092071611254,0.0,0.0,,85–91.9% Moderate-high occupancy,False,False
2025-26,Q2,September,Y60,RHA,NOTTINGHAMSHIRE HEALTHCARE NHS FOUNDATION TRUST,872.304347826087,698.1739130434783,80.037880675871,11.869565217391305,8.847826086956522,74.54212454212454,60.0,55.27173913043478,92.1195652173913,0.0,0.0,,800.4347826086956,634.054347826087,79.21374253123304,Below 85%,False,False
2025-26,Q2,September,Y60,RJC,SOUTH WARWICKSHIRE UNIVERSITY NHS FOUNDATION TRUST,483.0652173913044,433.0326086956522,89.6426803474191,443.0652173913044,398.57608695652175,89.95878514302537,0.0,0.0,,40.0,34.45652173913044,86.1413043478261,0.0,0.0,,85–91.9% Moderate-high occupancy,False,False
2025-26,Q2,September,Y60,RJE,UNIVERSITY HOSPITALS OF NORTH MIDLANDS NHS TRUST,1464.0,1263.0978260869565,86.27717391304348,1400.0,1204.9021739130435,86.06444099378882,0.0,0.0,,64.0,58.19565217391305,90.93070652173914,0.0,0.0,,85–91.9% Moderate-high occupancy,False,False
2025-26,Q2,September,Y60,RK5,SHERWOOD FOREST HOSPITALS NHS FOUNDATION TRUST,719.5217391304348,655.5760869565217,91.11275605776784,671.5217391304348,621.4565217391304,92.54451278730981,0.0,0.0,,48.0,34.119565217391305,71.08242753623189,0.0,0.0,,85–91.9% Moderate-high occupancy,False,False
2025-26,Q2,September,Y60,RKB,UNIVERSITY HOSPITALS COVENTRY AND WARWICKSHIRE NHS TRUST,1150.0326086956522,1088.804347826087,94.67595436802358,1075.0326086956522,1069.3804347826087,99.47423232864524,0.0,0.0,,75.0,19.42391304347826,25.89855072463768,0.0,0.0,,92–94.9% High occupancy,True,False
2025-26,Q2,September,Y60,RL1,THE ROBERT JONES AND AGNES HUNT ORTHOPAEDIC HOSPITAL NHS FOUNDATION TRUST,128.1086956521739,101.84782608695652,79.50110300356354,128.1086956521739,101.84782608695652,79.50110300356354,0.0,0.0,,0.0,0.0,,0.0,0.0,,Below 85%,False,False
2025-26,Q2,September,Y60,RL4,THE ROYAL WOLVERHAMPTON NHS TRUST,856.9021739130435,799.75,93.3303735650409,806.9021739130435,753.3478260869565,93.36296894995621,0.0,0.0,,50.0,46.40217391304348,92.80434782608695,0.0,0.0,,92–94.9% High occupancy,True,False
2025-26,Q2,September,Y60,RLQ,WYE VALLEY NHS TRUST,313.29347826086956,301.0326086956522,96.08645873087465,296.29347826086956,291.4891304347826,98.37851718698411,0.0,0.0,,17.0,9.543478260869565,56.13810741687979,0.0,0.0,,95%+ Very high occupancy,True,True
2025-26,Q2,September,Y60,RLT,GEORGE ELIOT HOSPITAL NHS TRUST,391.4673913043478,388.1630434782609,99.15590726086353,368.4673913043478,365.1630434782609,99.10321838402312,0.0,0.0,,23.0,23.0,100.0,0.0,0.0,,95%+ Very high occupancy,True,True
2025-26,Q2,September,Y60,RLY,NORTH STAFFORDSHIRE COMBINED HEALTHCARE NHS TRUST,157.0,133.66304347826087,85.13569648296871,0.0,0.0,,9.0,7.0978260869565215,78.8647342995169,0.0,0.0,,148.0,126.56521739130434,85.51703877790834,85–91.9% Moderate-high occupancy,False,False
2025-26,Q2,September,Y60,RNQ,KETTERING GENERAL HOSPITAL NHS FOUNDATION TRUST,576.1195652173913,538.6847826086956,93.50225458936286,527.1195652173913,509.82608695652175,96.71924940715539,0.0,0.0,,49.0,28.858695652173914,58.89529724933452,0.0,0.0,,92–94.9% High occupancy,True,False
2025-26,Q2,September,Y60,RNS,NORTHAMPTON GENERAL HOSPITAL NHS TRUST,766.945652173913,664.554347826087,86.64947065576327,696.945652173913,626.4673913043479,89.88755283145403,0.0,0.0,,70.0,38.08695652173913,54.409937888198755,0.0,0.0,,85–91.9% Moderate-high occupancy,False,False
2025-26,Q2,September,Y60,RP1,NORTHAMPTONSHIRE HEALTHCARE NHS FOUNDATION TRUST,335.0,286.5108695652174,85.52563270603504,197.0,119.54347826086956,60.68196866033988,0.0,0.0,,0.0,0.0,,138.0,166.9673913043478,120.99086326402015,85–91.9% Moderate-high occupancy,False,False
2025-26,Q2,September,Y60,RP7,LINCOLNSHIRE PARTNERSHIP NHS FOUNDATION TRUST,188.6086956521739,159.6413043478261,84.6415398801291,0.0,0.0,,0.0,0.0,,0.0,0.0,,188.6086956521739,159.6413043478261,84.6415398801291,Below 85%,False,False
2025-26,Q2,September,Y60,RRE,MIDLANDS PARTNERSHIP UNIVERSITY NHS FOUNDATION TRUST,448.57608695652175,402.0652173913044,89.63144248709686,140.0,133.70652173913044,95.50465838509317,12.0,8.826086956521738,73.55072463768116,0.0,0.0,,296.57608695652175,259.5326086956522,87.50962067069818,85–91.9% Moderate-high occupancy,False,False
2025-26,Q2,September,Y60,RRJ,THE ROYAL ORTHOPAEDIC HOSPITAL NHS FOUNDATION TRUST,97.41304347826087,70.26086956521739,72.1267574202187,97.41304347826087,70.26086956521739,72.1267574202187,0.0,0.0,,0.0,0.0,,0.0,0.0,,Below 85%,False,False
2025-26,Q2,September,Y60,RRK,UNIVERSITY HOSPITALS BIRMINGHAM NHS FOUNDATION TRUST,2839.891304347826,2784.8804347826085,98.0629234125617,2725.4347826086955,2672.1739130434785,98.04578447794529,0.0,0.0,,114.45652173913044,112.70652173913044,98.4710351377018,0.0,0.0,,95%+ Very high occupancy,True,True
2025-26,Q2,September,Y60,RTG,UNIVERSITY HOSPITALS OF DERBY AND BURTON NHS FOUNDATION TRUST,1547.141304347826,1383.445652173913,89.41947631325658,1430.304347826087,1317.6304347826087,92.12238198011977,0.0,0.0,,116.83695652173913,65.81521739130434,56.330821471764814,0.0,0.0,,85–91.9% Moderate-high occupancy,False,False
2025-26,Q2,September,Y60,RWD,UNITED LINCOLNSHIRE TEACHING HOSPITALS NHS TRUST,1145.5108695652175,929.5217391304348,81.14473322136504,983.5,820.3913043478261,83.41548595300723,0.0,0.0,,162.0108695652174,109.1304347826087,67.359946326736,0.0,0.0,,Below 85%,False,False
2025-26,Q2,September,Y60,RWE,UNIVERSITY HOSPITALS OF LEICESTER NHS TRUST,1846.4782608695652,1680.2608695652175,90.99813981963315,1723.8260869565217,1573.8152173913043,91.29779560129136,0.0,0.0,,122.65217391304348,106.44565217391305,86.78660049627791,0.0,0.0,,85–91.9% Moderate-high occupancy,False,False
2025-26,Q2,September,Y60,RWP,WORCESTERSHIRE ACUTE HOSPITALS NHS TRUST,945.8478260869565,846.945652173913,89.54354271530029,883.8478260869565,801.2826086956521,90.65843520181026,0.0,0.0,,62.0,45.66304347826087,73.6500701262272,0.0,0.0,,85–91.9% Moderate-high occupancy,False,False
2025-26,Q2,September,Y60,RX1,NOTTINGHAM UNIVERSITY HOSPITALS NHS TRUST,1783.9565217391305,1525.3695652173913,85.50486217737807,1662.7391304347825,1456.0,87.56635201213294,0.0,0.0,,121.21739130434783,69.3695652173913,57.22740315638449,0.0,0.0,,85–91.9% Moderate-high occupancy,False,False
2025-26,Q2,September,Y60,RXK,SANDWELL AND WEST BIRMINGHAM HOSPITALS NHS TRUST,634.6739130434783,543.2173913043479,85.589998287378,564.6739130434783,499.2608695652174,88.41578440808469,0.0,0.0,,70.0,43.95652173913044,62.79503105590063,0.0,0.0,,85–91.9% Moderate-high occupancy,False,False
2025-26,Q2,September,Y60,RXM,DERBYSHIRE HEALTHCARE NHS FOUNDATION TRUST,268.6304347826087,245.8586956521739,91.52302338755362,0.0,0.0,,0.0,0.0,,0.0,0.0,,268.6304347826087,245.8586956521739,91.52302338755362,85–91.9% Moderate-high occupancy,False,False
2025-26,Q2,September,Y60,RXT,BIRMINGHAM AND SOLIHULL MENTAL HEALTH NHS FOUNDATION TRUST,627.6304347826087,594.9891304347826,94.7992795538776,0.0,0.0,,0.0,0.0,,0.0,0.0,,627.6304347826087,594.9891304347826,94.7992795538776,92–94.9% High occupancy,True,False
2025-26,Q2,September,Y60,RXW,THE SHREWSBURY AND TELFORD HOSPITAL NHS TRUST,813.554347826087,744.1413043478261,91.4679279062621,776.554347826087,721.5434782608696,92.91603096174573,0.0,0.0,,37.0,22.597826086956523,61.075205640423036,0.0,0.0,,85–91.9% Moderate-high occupancy,False,False
2025-26,Q2,September,Y60,RY8,DERBYSHIRE COMMUNITY HEALTH SERVICES NHS FOUNDATION TRUST,37.29347826086956,18.07608695652174,48.46983386767707,0.0,0.0,,20.0,2.902173913043478,14.51086956521739,0.0,0.0,,17.293478260869566,15.173913043478262,87.74355751099937,Below 85%,False,False
2025-26,Q2,September,Y60,RYG,COVENTRY AND WARWICKSHIRE PARTNERSHIP NHS TRUST,318.7608695652174,248.3804347826087,77.92061651776581,0.0,0.0,,71.77173913043478,43.92391304347826,61.19945479327578,0.0,0.0,,246.9891304347826,204.45652173913044,82.77956255776087,Below 85%,False,False
2025-26,Q2,September,Y60,RYW,BIRMINGHAM COMMUNITY HEALTHCARE NHS FOUNDATION TRUST,242.47826086956522,159.8804347826087,65.93598708983323,242.47826086956522,159.8804347826087,65.93598708983323,0.0,0.0,,0.0,0.0,,0.0,0.0,,Below 85%,False,False
2025-26,Q2,September,Y60,TAJ,BLACK COUNTRY HEALTHCARE NHS FOUNDATION TRUST,291.19565217391306,252.70652173913044,86.78238148562896,0.0,0.0,,18.0,4.0,22.22222222222222,0.0,0.0,,273.19565217391306,248.70652173913044,91.03604678920983,85–91.9% Moderate-high occupancy,False,False
2025-26,Q2,September,Y61,RAJ,MID AND SOUTH ESSEX NHS FOUNDATION TRUST,1822.9130434782608,1714.0,94.02532973978582,1689.9130434782608,1626.5978260869565,96.2533446536997,0.0,0.0,,133.0,87.40217391304348,65.71592023537104,0.0,0.0,,92–94.9% High occupancy,True,False
2025-26,Q2,September,Y61,RC9,BEDFORDSHIRE HOSPITALS NHS FOUNDATION TRUST,1112.9021739130435,1055.8804347826087,94.87630265561057,1048.2065217391305,991.1847826086956,94.56006636594597,0.0,0.0,,64.69565217391305,64.69565217391305,100.0,0.0,0.0,,92–94.9% High occupancy,True,False
2025-26,Q2,September,Y61,RCX,"THE QUEEN ELIZABETH HOSPITAL, KING'S LYNN, NHS FOUNDATION TRUST",521.5652173913044,493.9347826086956,94.70240080026674,506.0326086956522,480.82608695652175,95.01879497368704,0.0,0.0,,15.532608695652174,13.108695652173912,84.39468159552133,0.0,0.0,,92–94.9% High occupancy,True,False
2025-26,Q2,September,Y61,RD8,MILTON KEYNES UNIVERSITY HOSPITAL NHS FOUNDATION TRUST,587.0,493.9021739130435,84.14006369898527,544.0,458.60869565217394,84.30306905370844,0.0,0.0,,43.0,35.29347826086956,82.07785642062689,0.0,0.0,,Below 85%,False,False
2025-26,Q2,September,Y61,RDE,EAST SUFFOLK AND NORTH ESSEX NHS FOUNDATION TRUST,1270.195652173913,1198.108695652174,94.32473600438139,1206.4782608695652,1156.4021739130435,95.8493999783776,0.0,0.0,,63.71739130434783,41.70652173913044,65.45547594677585,0.0,0.0,,92–94.9% High occupancy,True,False
2025-26,Q2,September,Y61,RGM,ROYAL PAPWORTH HOSPITAL NHS FOUNDATION TRUST,235.3913043478261,178.2608695652174,75.72958995197637,235.3913043478261,178.2608695652174,75.72958995197637,0.0,0.0,,0.0,0.0,,0.0,0.0,,Below 85%,False,False
2025-26,Q2,September,Y61,RGN,NORTH WEST ANGLIA NHS FOUNDATION TRUST,1056.2717391304348,880.7173913043479,83.3798120954547,947.2717391304348,832.8913043478261,87.92527739847847,0.0,0.0,,109.0,47.82608695652174,43.87714399680894,0.0,0.0,,Below 85%,False,False
2025-26,Q2,September,Y61,RGP,JAMES PAGET UNIVERSITY HOSPITALS NHS FOUNDATION TRUST,451.67391304347825,365.39130434782606,80.89714588246618,422.0,350.9130434782609,83.1547496393983,0.0,0.0,,29.67391304347826,14.478260869565217,48.79120879120879,0.0,0.0,,Below 85%,False,False
2025-26,Q2,September,Y61,RGR,WEST SUFFOLK NHS FOUNDATION TRUST,490.32608695652175,415.8152173913044,84.80381290179562,449.32608695652175,399.9347826086956,89.00769267985872,0.0,0.0,,41.0,15.880434782608695,38.732767762460234,0.0,0.0,,Below 85%,False,False
2025-26,Q2,September,Y61,RGT,CAMBRIDGE UNIVERSITY HOSPITALS NHS FOUNDATION TRUST,1101.3478260869565,1003.0434782608696,91.07417788480518,1042.3804347826087,954.9347826086956,91.61096570350054,0.0,0.0,,58.96739130434783,48.108695652173914,81.5852534562212,0.0,0.0,,85–91.9% Moderate-high occupancy,False,False
2025-26,Q2,September,Y61,RM1,NORFOLK AND NORWICH UNIVERSITY HOSPITALS NHS FOUNDATION TRUST,996.1304347826087,921.4239130434783,92.5003273536729,916.3695652173913,884.4673913043479,96.51863449813774,0.0,0.0,,79.76086956521739,36.95652173913044,46.334150994821485,0.0,0.0,,92–94.9% High occupancy,True,False
2025-26,Q2,September,Y61,RMY,NORFOLK AND SUFFOLK NHS FOUNDATION TRUST,426.5217391304348,368.92391304347825,86.49592252803261,0.0,0.0,,6.0,4.0,66.66666666666666,0.0,0.0,,420.5217391304348,364.92391304347825,86.77884615384615,85–91.9% Moderate-high occupancy,False,False
2025-26,Q2,September,Y61,RQW,THE PRINCESS ALEXANDRA HOSPITAL NHS TRUST,498.0,454.4130434782609,91.24759909202027,451.0,426.05434782608694,94.46881326520776,0.0,0.0,,47.0,28.358695652173914,60.337650323774284,0.0,0.0,,85–91.9% Moderate-high occupancy,False,False
2025-26,Q2,September,Y61,RT1,CAMBRIDGESHIRE AND PETERBOROUGH NHS FOUNDATION TRUST,296.1630434782609,247.83695652173913,83.68260725951481,100.40217391304348,74.65217391304348,74.35314496048501,6.0,2.9565217391304346,49.27536231884058,0.0,0.0,,189.7608695652174,170.22826086956522,89.70672471073433,Below 85%,False,False
2025-26,Q2,September,Y61,RWG,WEST HERTFORDSHIRE TEACHING HOSPITALS NHS TRUST,733.0,544.0760869565217,74.22593273622398,663.0,504.9782608695652,76.16565020657092,0.0,0.0,,70.0,39.09782608695652,55.85403726708075,0.0,0.0,,Below 85%,False,False
2025-26,Q2,September,Y61,RWH,EAST AND NORTH HERTFORDSHIRE TEACHING NHS TRUST,634.7717391304348,533.445652173913,84.03739790064898,573.7717391304348,484.30434782608694,84.40714569875158,0.0,0.0,,61.0,49.141304347826086,80.55951532430507,0.0,0.0,,Below 85%,False,False
2025-26,Q2,September,Y61,RWR,HERTFORDSHIRE PARTNERSHIP UNIVERSITY NHS FOUNDATION TRUST,378.0,306.9673913043478,81.2083045778698,0.0,0.0,,37.0,16.52173913043478,44.65334900117509,0.0,0.0,,341.0,290.44565217391306,85.174678056866,Below 85%,False,False
2025-26,Q2,September,Y61,RY3,NORFOLK COMMUNITY HEALTH AND CARE NHS TRUST,76.21739130434783,73.1413043478261,95.96406160867086,75.15217391304348,72.07608695652173,95.90685565519235,1.065217391304348,1.065217391304348,100.0,0.0,0.0,,0.0,0.0,,95%+ Very high occupancy,True,True
2025-26,Q2,September,Y62,R0A,MANCHESTER UNIVERSITY NHS FOUNDATION TRUST,2322.5108695652175,1993.7065217391305,85.84272081845454,2110.445652173913,1846.0652173913043,87.47276744557352,0.0,0.0,,200.06521739130434,141.94565217391303,70.94969031837444,12.0,5.695652173913044,47.46376811594203,85–91.9% Moderate-high occupancy,False,False
2025-26,Q2,September,Y62,RBL,WIRRAL UNIVERSITY TEACHING HOSPITAL NHS FOUNDATION TRUST,777.9782608695652,703.1630434782609,90.38337943946125,745.9782608695652,680.4347826086956,91.21375491767448,0.0,0.0,,32.0,22.72826086956522,71.02581521739131,0.0,0.0,,85–91.9% Moderate-high occupancy,False,False
2025-26,Q2,September,Y62,RBN,MERSEY AND WEST LANCASHIRE TEACHING HOSPITALS NHS TRUST,1252.2934782608695,1202.8804347826087,96.0541962139032,1186.141304347826,1162.0652173913043,97.97021764032074,0.0,0.0,,66.15217391304348,40.81521739130435,61.69898126848504,0.0,0.0,,95%+ Very high occupancy,True,True
2025-26,Q2,September,Y62,RBQ,LIVERPOOL HEART AND CHEST HOSPITAL NHS FOUNDATION TRUST,184.95652173913044,145.2173913043478,78.514339445228,184.95652173913044,145.2173913043478,78.514339445228,0.0,0.0,,0.0,0.0,,0.0,0.0,,Below 85%,False,False
2025-26,Q2,September,Y62,RBS,ALDER HEY CHILDREN'S NHS FOUNDATION TRUST,213.0,152.75,71.71361502347418,203.0,146.05434782608697,71.94795459413152,0.0,0.0,,0.0,0.0,,10.0,6.695652173913044,66.95652173913044,Below 85%,False,False
2025-26,Q2,September,Y62,RBT,MID CHESHIRE HOSPITALS NHS FOUNDATION TRUST,519.0,463.3478260869565,89.27703778168718,492.0,462.10869565217394,93.92453163662073,0.0,0.0,,27.0,1.2391304347826086,4.5893719806763285,0.0,0.0,,85–91.9% Moderate-high occupancy,False,False
2025-26,Q2,September,Y62,RBV,THE CHRISTIE NHS FOUNDATION TRUST,184.08695652173913,172.3804347826087,93.64076523382144,184.08695652173913,172.3804347826087,93.64076523382144,0.0,0.0,,0.0,0.0,,0.0,0.0,,92–94.9% High occupancy,True,False
2025-26,Q2,September,Y62,REM,LIVERPOOL UNIVERSITY HOSPITALS NHS FOUNDATION TRUST,1506.4565217391305,1459.8695652173913,96.90751403379655,1506.4565217391305,1459.8695652173913,96.90751403379655,0.0,0.0,,0.0,0.0,,0.0,0.0,,95%+ Very high occupancy,True,True
2025-26,Q2,September,Y62,REN,THE CLATTERBRIDGE CANCER CENTRE NHS FOUNDATION TRUST,95.0,82.57608695652173,86.92219679633867,95.0,82.57608695652173,86.92219679633867,0.0,0.0,,0.0,0.0,,0.0,0.0,,85–91.9% Moderate-high occupancy,False,False
2025-26,Q2,September,Y62,REP,LIVERPOOL WOMEN'S NHS FOUNDATION TRUST,108.82608695652173,70.79347826086956,65.05193767479025,22.445652173913043,13.217391304347826,58.88619854721549,0.0,0.0,,86.3804347826087,57.57608695652174,66.65408330187492,0.0,0.0,,Below 85%,False,False
2025-26,Q2,September,Y62,RET,THE WALTON CENTRE NHS FOUNDATION TRUST,158.0,123.53260869565217,78.18519537699504,158.0,123.53260869565217,78.18519537699504,0.0,0.0,,0.0,0.0,,0.0,0.0,,Below 85%,False,False
2025-26,Q2,September,Y62,RJN,EAST CHESHIRE NHS TRUST,347.1630434782609,283.1304347826087,81.55546510535709,319.1630434782609,282.3369565217391,88.46166944794469,0.0,0.0,,28.0,0.7934782608695652,2.8338509316770186,0.0,0.0,,Below 85%,False,False
2025-26,Q2,September,Y62,RJR,COUNTESS OF CHESTER HOSPITAL NHS FOUNDATION TRUST,542.2826086956521,455.6630434782609,84.02685908999801,501.2826086956522,438.79347826086956,87.53415152435058,0.0,0.0,,41.0,16.869565217391305,41.145281018027575,0.0,0.0,,Below 85%,False,False
2025-26,Q2,September,Y62,RM3,NORTHERN CARE ALLIANCE NHS FOUNDATION TRUST,1575.75,1458.3695652173913,92.55082121005181,1514.5760869565217,1412.9565217391305,93.29056056724153,0.0,0.0,,61.17391304347826,45.41304347826087,74.23596304193319,0.0,0.0,,92–94.9% High occupancy,True,False
2025-26,Q2,September,Y62,RMC,BOLTON NHS FOUNDATION TRUST,628.8695652173913,546.0978260869565,86.83801161504425,575.8695652173913,493.17391304347825,85.63986409966026,0.0,0.0,,53.0,52.92391304347826,99.85643970467596,0.0,0.0,,85–91.9% Moderate-high occupancy,False,False
2025-26,Q2,September,Y62,RMP,TAMESIDE AND GLOSSOP INTEGRATED CARE NHS FOUNDATION TRUST,490.3478260869565,438.6630434782609,89.45956729916652,458.3152173913044,421.1630434782609,91.893750741136,0.0,0.0,,32.03260869565217,17.5,54.63182897862233,0.0,0.0,,85–91.9% Moderate-high occupancy,False,False
2025-26,Q2,September,Y62,RRF,"WRIGHTINGTON, WIGAN AND LEIGH NHS FOUNDATION TRUST",560.7826086956521,481.45652173913044,85.85439603039232,532.4782608695652,471.3369565217391,88.51759614599494,0.0,0.0,,28.304347826086957,10.119565217391305,35.752688172043015,0.0,0.0,,85–91.9% Moderate-high occupancy,False,False
2025-26,Q2,September,Y62,RT2,PENNINE CARE NHS FOUNDATION TRUST,487.7173913043478,461.35869565217394,94.59549810563853,0.0,0.0,,0.0,0.0,,0.0,0.0,,487.7173913043478,461.35869565217394,94.59549810563853,92–94.9% High occupancy,True,False
2025-26,Q2,September,Y62,RTX,UNIVERSITY HOSPITALS OF MORECAMBE BAY NHS FOUNDATION TRUST,629.1739130434783,548.1195652173913,87.1173381245249,591.695652173913,528.2826086956521,89.28282754059813,0.0,0.0,,37.47826086956522,19.83695652173913,52.9292343387471,0.0,0.0,,85–91.9% Moderate-high occupancy,False,False
2025-26,Q2,September,Y62,RW4,MERSEY CARE NHS FOUNDATION TRUST,1118.3152173913043,829.6739130434783,74.18962919764786,0.0,0.0,,105.0,43.31521739130435,41.25258799171843,0.0,0.0,,1013.3152173913044,786.3586956521739,77.6025744167337,Below 85%,False,False
2025-26,Q2,September,Y62,RW5,LANCASHIRE & SOUTH CUMBRIA NHS FOUNDATION TRUST,604.9021739130435,572.6413043478261,94.66676250202153,0.0,0.0,,0.0,0.0,,0.0,0.0,,604.9021739130435,572.6413043478261,94.66676250202153,92–94.9% High occupancy,True,False
2025-26,Q2,September,Y62,RWJ,STOCKPORT NHS FOUNDATION TRUST,679.5434782608696,588.25,86.56546914488626,632.8695652173913,570.1413043478261,90.08827974718331,0.0,0.0,,46.67391304347826,18.108695652173914,38.79832324173265,0.0,0.0,,85–91.9% Moderate-high occupancy,False,False
2025-26,Q2,September,Y62,RWW,WARRINGTON AND HALTON TEACHING HOSPITALS NHS FOUNDATION TRUST,596.5652173913044,520.5217391304348,87.25311566212375,558.8913043478261,520.5217391304348,93.13469991053715,0.0,0.0,,37.67391304347826,0.0,0.0,0.0,0.0,,85–91.9% Moderate-high occupancy,False,False
2025-26,Q2,September,Y62,RXA,CHESHIRE AND WIRRAL PARTNERSHIP NHS FOUNDATION TRUST,280.4347826086956,251.3804347826087,89.63953488372094,0.0,0.0,,29.043478260869566,13.554347826086957,46.66916167664671,0.0,0.0,,251.3913043478261,237.82608695652175,94.60394327222414,85–91.9% Moderate-high occupancy,False,False
2025-26,Q2,September,Y62,RXL,BLACKPOOL TEACHING HOSPITALS NHS FOUNDATION TRUST,775.1739130434783,735.7934782608696,94.91979359470525,738.0,708.7717391304348,96.03953104748439,0.0,0.0,,37.17391304347826,27.02173913043478,72.69005847953217,0.0,0.0,,92–94.9% High occupancy,True,False
2025-26,Q2,September,Y62,RXN,LANCASHIRE TEACHING HOSPITALS NHS FOUNDATION TRUST,861.0760869565217,811.1413043478261,94.20088615104962,799.0760869565217,777.4239130434783,97.29034890838604,0.0,0.0,,62.0,33.71739130434783,54.38288920056101,0.0,0.0,,92–94.9% High occupancy,True,False
2025-26,Q2,September,Y62,RXR,EAST LANCASHIRE HOSPITALS NHS TRUST,1001.2717391304348,918.1630434782609,91.69968626854978,929.2717391304348,868.0978260869565,93.41700490098604,0.0,0.0,,72.0,50.06521739130435,69.53502415458938,0.0,0.0,,85–91.9% Moderate-high occupancy,False,False
2025-26,Q2,September,Y62,RXV,GREATER MANCHESTER MENTAL HEALTH NHS FOUNDATION TRUST,777.5978260869565,705.304347826087,90.7029732034275,0.0,0.0,,0.0,0.0,,0.0,0.0,,777.5978260869565,705.304347826087,90.7029732034275,85–91.9% Moderate-high occupancy,False,False
2025-26,Q2,September,Y63,R0B,SOUTH TYNESIDE AND SUNDERLAND NHS FOUNDATION TRUST,1099.3260869565217,933.3695652173913,84.90379481500524,1099.3260869565217,933.3695652173913,84.90379481500524,0.0,0.0,,0.0,0.0,,0.0,0.0,,Below 85%,False,False
2025-26,Q2,September,Y63,RAE,BRADFORD TEACHING HOSPITALS NHS FOUNDATION TRUST,694.7282608695652,630.2826086956521,90.72361730423218,611.1086956521739,557.75,91.26854256340935,0.0,0.0,,83.6195652173913,72.53260869565217,86.74119329260367,0.0,0.0,,85–91.9% Moderate-high occupancy,False,False
2025-26,Q2,September,Y63,RCB,YORK AND SCARBOROUGH TEACHING HOSPITALS NHS FOUNDATION TRUST,911.7608695652174,814.5,89.33263393815122,843.8478260869565,798.2173913043479,94.59257541798696,0.0,0.0,,67.91304347826087,16.282608695652176,23.975672215108837,0.0,0.0,,85–91.9% Moderate-high occupancy,False,False
2025-26,Q2,September,Y63,RCD,HARROGATE AND DISTRICT NHS FOUNDATION TRUST,327.6521739130435,251.67391304347825,76.81130573248407,301.2391304347826,237.72826086956522,78.91679295662841,0.0,0.0,,26.41304347826087,13.945652173913043,52.798353909465014,0.0,0.0,,Below 85%,False,False
2025-26,Q2,September,Y63,RCF,AIREDALE NHS FOUNDATION TRUST,392.3152173913044,344.1630434782609,87.72615188540713,363.3152173913044,328.6847826086956,90.46821241585639,0.0,0.0,,29.0,15.478260869565217,53.373313343328334,0.0,0.0,,85–91.9% Moderate-high occupancy,False,False
2025-26,Q2,September,Y63,RCU,SHEFFIELD CHILDREN'S NHS FOUNDATION TRUST,158.19565217391303,90.65217391304348,57.30383399752647,132.19565217391303,82.25,62.21838513402401,0.0,0.0,,0.0,0.0,,26.0,8.402173913043478,32.31605351170569,Below 85%,False,False
2025-26,Q2,September,Y63,RFF,BARNSLEY HOSPITAL NHS FOUNDATION TRUST,490.0,442.8152173913044,90.37045252883763,458.0,421.3478260869565,91.99734194038352,0.0,0.0,,32.0,21.467391304347824,67.08559782608695,0.0,0.0,,85–91.9% Moderate-high occupancy,False,False
2025-26,Q2,September,Y63,RFR,THE ROTHERHAM NHS FOUNDATION TRUST,495.2173913043478,427.7717391304348,86.38059701492537,471.3369565217391,406.95652173913044,86.34088969859096,0.0,0.0,,23.880434782608695,20.815217391304348,87.16431497496586,0.0,0.0,,85–91.9% Moderate-high occupancy,False,False
2025-26,Q2,September,Y63,RGD,LEEDS AND YORK PARTNERSHIP NHS FOUNDATION TRUST,520.4673913043479,468.3695652173913,89.99018440782741,0.0,0.0,,16.217391304347824,9.41304347826087,58.04289544235925,0.0,0.0,,504.25,458.95652173913044,91.01765428639176,85–91.9% Moderate-high occupancy,False,False
2025-26,Q2,September,Y63,RHQ,SHEFFIELD TEACHING HOSPITALS NHS FOUNDATION TRUST,1446.6521739130435,1322.8260869565217,91.44050731824602,1378.5869565217392,1268.8804347826087,92.04210360324844,0.0,0.0,,68.06521739130434,53.94565217391305,79.25582880868734,0.0,0.0,,85–91.9% Moderate-high occupancy,False,False
2025-26,Q2,September,Y63,RJL,NORTHERN LINCOLNSHIRE AND GOOLE NHS FOUNDATION TRUST,664.9891304347826,541.3152173913044,81.40211510485625,599.9891304347826,501.5978260869565,83.60115219478614,0.0,0.0,,65.0,39.71739130434783,61.10367892976589,0.0,0.0,,Below 85%,False,False
2025-26,Q2,September,Y63,RNN,NORTH CUMBRIA INTEGRATED CARE NHS FOUNDATION TRUST,609.9891304347826,547.75,89.79668205064239,570.9891304347826,528.3260869565217,92.52822143115493,0.0,0.0,,39.0,19.42391304347826,49.804905239687855,0.0,0.0,,85–91.9% Moderate-high occupancy,False,False
2025-26,Q2,September,Y63,RP5,DONCASTER AND BASSETLAW TEACHING HOSPITALS NHS FOUNDATION TRUST,805.3478260869565,725.1195652173913,90.03806078928899,728.3478260869565,679.554347826087,93.30079990448903,0.0,0.0,,77.0,45.56521739130435,59.17560700169396,0.0,0.0,,85–91.9% Moderate-high occupancy,False,False
2025-26,Q2,September,Y63,RR7,GATESHEAD HEALTH NHS FOUNDATION TRUST,478.1521739130435,435.5326086956522,91.08661059331666,436.1521739130435,408.79347826086956,93.72725913372875,0.0,0.0,,16.0,11.934782608695652,74.59239130434783,26.0,14.804347826086957,56.93979933110368,85–91.9% Moderate-high occupancy,False,False
2025-26,Q2,September,Y63,RR8,LEEDS TEACHING HOSPITALS NHS TRUST,1855.891304347826,1664.4565217391305,89.68502184582587,1711.3152173913043,1601.2173913043478,93.56647887145026,0.0,0.0,,144.57608695652175,63.23913043478261,43.741072099842114,0.0,0.0,,85–91.9% Moderate-high occupancy,False,False
2025-26,Q2,September,Y63,RTD,THE NEWCASTLE UPON TYNE HOSPITALS NHS FOUNDATION TRUST,1577.9891304347825,1242.2934782608695,78.72636473221974,1464.891304347826,1196.2065217391305,81.65838094531425,0.0,0.0,,113.09782608695652,46.08695652173913,40.74963959634791,0.0,0.0,,Below 85%,False,False
2025-26,Q2,September,Y63,RTF,NORTHUMBRIA HEALTHCARE NHS FOUNDATION TRUST,899.3804347826087,771.1739130434783,85.74501770542523,834.6739130434783,720.0108695652174,86.26253418413856,0.0,0.0,,36.90217391304348,29.782608695652176,80.70692194403536,27.804347826086957,21.380434782608695,76.89601250977326,85–91.9% Moderate-high occupancy,False,False
2025-26,Q2,September,Y63,RTR,SOUTH TEES HOSPITALS NHS FOUNDATION TRUST,967.1739130434783,848.195652173913,87.69835918183861,926.4565217391304,819.7065217391304,88.4776028345496,0.0,0.0,,40.71739130434783,28.48913043478261,69.9679658302189,0.0,0.0,,85–91.9% Moderate-high occupancy,False,False
2025-26,Q2,September,Y63,RV9,HUMBER TEACHING NHS FOUNDATION TRUST,210.18478260869566,154.52173913043478,73.5170915860785,0.0,0.0,,14.0,5.184782608695652,37.03416149068323,0.0,0.0,,196.18478260869566,149.33695652173913,76.12056069588343,Below 85%,False,False
2025-26,Q2,September,Y63,RVW,NORTH TEES AND HARTLEPOOL NHS FOUNDATION TRUST,549.7065217391304,469.0108695652174,85.3202301623396,507.70652173913044,456.3369565217391,89.88203558200775,0.0,0.0,,42.0,12.673913043478262,30.175983436853006,0.0,0.0,,85–91.9% Moderate-high occupancy,False,False
2025-26,Q2,September,Y63,RWA,HULL UNIVERSITY TEACHING HOSPITALS NHS TRUST,1212.0434782608695,1071.608695652174,88.41338738027767,1136.0434782608695,1035.6521739130435,91.16307550996977,0.0,0.0,,76.0,35.95652173913044,47.311212814645316,0.0,0.0,,85–91.9% Moderate-high occupancy,False,False
2025-26,Q2,September,Y63,RWY,CALDERDALE AND HUDDERSFIELD NHS FOUNDATION TRUST,791.9565217391304,652.7717391304348,82.42519901180346,737.1521739130435,630.2826086956521,85.50237400100268,0.0,0.0,,54.80434782608695,22.48913043478261,41.03530345101151,0.0,0.0,,Below 85%,False,False
2025-26,Q2,September,Y63,RX3,"TEES, ESK AND WEAR VALLEYS NHS FOUNDATION TRUST",715.0,598.804347826087,83.74885983581636,0.0,0.0,,107.0,61.869565217391305,57.82202356765542,0.0,0.0,,608.0,536.9347826086956,88.3116418764302,Below 85%,False,False
2025-26,Q2,September,Y63,RX4,"CUMBRIA, NORTHUMBERLAND, TYNE AND WEAR NHS FOUNDATION TRUST",764.0,699.9565217391304,91.61734577737309,49.0,44.66304347826087,91.14906832298136,75.0,62.119565217391305,82.82608695652173,0.0,0.0,,640.0,593.1739130434783,92.68342391304347,85–91.9% Moderate-high occupancy,False,False
2025-26,Q2,September,Y63,RXE,ROTHERHAM DONCASTER AND SOUTH HUMBER NHS FOUNDATION TRUST,218.8586956521739,201.82608695652175,92.21753166128633,56.08695652173913,48.92391304347826,87.22868217054263,0.0,0.0,,0.0,0.0,,162.77173913043478,152.90217391304347,93.93656093489147,92–94.9% High occupancy,True,False
2025-26,Q2,September,Y63,RXF,MID YORKSHIRE TEACHING NHS TRUST,1120.0652173913043,975.695652173913,87.11061079517886,1059.8369565217392,935.7608695652174,88.29290805599712,0.0,0.0,,60.22826086956522,39.93478260869565,66.30572098899114,0.0,0.0,,85–91.9% Moderate-high occupancy,False,False
2025-26,Q2,September,Y63,RXG,SOUTH WEST YORKSHIRE PARTNERSHIP NHS FOUNDATION TRUST,561.0,476.0869565217391,84.8639851197396,24.0,15.706521739130435,65.44384057971014,24.0,15.032608695652174,62.6358695652174,0.0,0.0,,513.0,445.3478260869565,86.8124417323502,Below 85%,False,False
2025-26,Q2,September,Y63,RXP,COUNTY DURHAM AND DARLINGTON NHS FOUNDATION TRUST,980.9565217391304,888.6413043478261,90.58926513606951,919.9565217391304,854.945652173913,92.93326716763552,0.0,0.0,,61.0,33.69565217391305,55.238774055595165,0.0,0.0,,85–91.9% Moderate-high occupancy,False,False
2025-26,Q2,September,Y63,TAD,BRADFORD DISTRICT CARE NHS FOUNDATION TRUST,191.2608695652174,171.82608695652175,89.83859968174585,0.0,0.0,,8.0,4.0,50.0,0.0,0.0,,183.2608695652174,167.82608695652175,91.5776986951364,85–91.9% Moderate-high occupancy,False,False
2025-26,Q2,September,Y63,TAH,SHEFFIELD HEALTH & SOCIAL CARE NHS FOUNDATION TRUST,137.0,129.91304347826087,94.82703903522692,0.0,0.0,,0.0,0.0,,0.0,0.0,,137.0,129.91304347826087,94.82703903522692,92–94.9% High occupancy,True,False
2025-26,Q2,September,Y59,RN5,HAMPSHIRE HOSPITALS NHS FOUNDATION TRUST,858.25,726.108695652174,84.60340176547322,763.25,695.75,91.15623976416639,4.0,0.22826086956521738,5.706521739130435,91.0,30.130434782608695,33.11036789297659,0.0,0.0,,Below 85%,False,False
2025-26,Q2,September,Y60,RNA,THE DUDLEY GROUP NHS FOUNDATION TRUST,672.0652173913044,649.8369565217391,96.69254407245673,623.0652173913044,619.6521739130435,99.45221729876836,0.0,0.0,,49.0,30.184782608695652,61.60159716060337,0.0,0.0,,95%+ Very high occupancy,True,True
2025-26,Q2,September,Y60,RQ3,BIRMINGHAM WOMEN'S AND CHILDREN'S NHS FOUNDATION TRUST,402.64130434782606,297.2173913043478,73.81691547660827,260.9891304347826,206.1413043478261,78.98463204364667,0.0,0.0,,102.0,74.16304347826087,72.70886615515772,39.65217391304348,16.91304347826087,42.65350877192983,Below 85%,False,False
2025-26,Q2,September,Y61,R1L,ESSEX PARTNERSHIP UNIVERSITY NHS FOUNDATION TRUST,684.3478260869565,587.2391304347826,85.81003811944092,87.0,69.6304347826087,80.03498250874563,10.0,6.0,60.0,0.0,0.0,,587.3478260869565,511.60869565217394,87.10489303427346,85–91.9% Moderate-high occupancy,False,False
2025-26,Q2,September,Y63,RY6,LEEDS COMMUNITY HEALTHCARE NHS TRUST,45.51086956521739,28.282608695652176,62.144733699546215,45.51086956521739,28.282608695652176,62.144733699546215,0.0,0.0,,0.0,0.0,,0.0,0.0,,Below 85%,False,False
2025-26,Q3,December,Y56,G6V2S,NORTH LONDON NHS FOUNDATION TRUST,690.0,637.7173913043479,92.42281033396345,0.0,0.0,,27.0,17.83695652173913,66.06280193236714,0.0,0.0,,663.0,619.8804347826087,93.49629483900584,92–94.9% High occupancy,True,False
2025-26,Q3,December,Y62,R0A,MANCHESTER UNIVERSITY NHS FOUNDATION TRUST,2275.989130434783,1995.271739130435,87.66613655792274,2066.771739130435,1842.0326086956522,89.12607879332923,0.0,0.0,,199.19565217391303,146.95652173913044,73.77496453126706,10.021739130434783,6.282608695652174,62.68980477223427,85–91.9% Moderate-high occupancy,False,False
2025-26,Q3,December,Y63,R0B,SOUTH TYNESIDE AND SUNDERLAND NHS FOUNDATION TRUST,1110.9347826086957,965.6847826086956,86.92542512181281,1110.9347826086957,965.6847826086956,86.92542512181281,0.0,0.0,,0.0,0.0,,0.0,0.0,,85–91.9% Moderate-high occupancy,False,False
2025-26,Q3,December,Y58,R0D,UNIVERSITY HOSPITALS DORSET NHS FOUNDATION TRUST,1117.695652173913,1003.5978260869565,89.79169097911075,1057.695652173913,968.9891304347826,91.61322810046451,0.0,0.0,,60.0,34.608695652173914,57.68115942028985,0.0,0.0,,85–91.9% Moderate-high occupancy,False,False
2025-26,Q3,December,Y60,R1A,HEREFORDSHIRE AND WORCESTERSHIRE HEALTH AND CARE NHS TRUST,179.0,164.56521739130434,91.93587563760019,39.0,35.90217391304348,92.05685618729098,0.0,0.0,,0.0,0.0,,140.0,128.66304347826087,91.90217391304348,85–91.9% Moderate-high occupancy,False,False
2025-26,Q3,December,Y59,R1F,ISLE OF WIGHT NHS TRUST,290.3804347826087,269.695652173913,92.87666105184353,274.3804347826087,262.7282608695652,95.75327813651309,0.0,0.0,,16.0,6.967391304347826,43.546195652173914,0.0,0.0,,92–94.9% High occupancy,True,False
2025-26,Q3,December,Y56,R1H,BARTS HEALTH NHS TRUST,2139.2282608695655,1945.1739130434783,90.92876850144047,1948.1304347826087,1814.7826086956522,93.15508737474055,0.0,0.0,,191.09782608695653,130.3913043478261,68.23275126557078,0.0,0.0,,85–91.9% Moderate-high occupancy,False,False
2025-26,Q3,December,Y56,R1K,LONDON NORTH WEST UNIVERSITY HEALTHCARE NHS TRUST,1092.7282608695652,1041.6739130434783,95.32780933244472,1024.7282608695652,996.7282608695652,97.26756828427473,0.0,0.0,,68.0,44.94565217391305,66.09654731457802,0.0,0.0,,95%+ Very high occupancy,True,True
2025-26,Q3,December,Y61,R1L,ESSEX PARTNERSHIP UNIVERSITY NHS FOUNDATION TRUST,690.0,632.0434782608696,91.6005040957782,87.0,69.3695652173913,79.7351324337831,17.0,12.369565217391305,72.76214833759592,0.0,0.0,,586.0,550.304347826087,93.90859177919573,85–91.9% Moderate-high occupancy,False,False
2025-26,Q3,December,Y59,RA2,ROYAL SURREY NHS FOUNDATION TRUST,539.0,452.35869565217394,83.92554650318625,476.0,435.79347826086956,91.5532517354768,0.0,0.0,,63.0,16.565217391304348,26.293995859213247,0.0,0.0,,Below 85%,False,False
2025-26,Q3,December,Y58,RA7,UNIVERSITY HOSPITALS BRISTOL AND WESTON NHS FOUNDATION TRUST,1095.1521739130435,989.1195652173913,90.31800226293744,1022.3586956521739,947.5760869565217,92.68528658154098,0.0,0.0,,72.79347826086956,41.54347826086956,57.0703299985068,0.0,0.0,,85–91.9% Moderate-high occupancy,False,False
2025-26,Q3,December,Y58,RA9,TORBAY AND SOUTH DEVON NHS FOUNDATION TRUST,386.85869565217394,365.8152173913044,94.56042257874182,386.85869565217394,365.8152173913044,94.56042257874182,0.0,0.0,,0.0,0.0,,0.0,0.0,,92–94.9% High occupancy,True,False
2025-26,Q3,December,Y63,RAE,BRADFORD TEACHING HOSPITALS NHS FOUNDATION TRUST,694.7282608695651,612.7934782608695,88.20621137448174,611.1086956521739,544.5217391304348,89.10390950161859,0.0,0.0,,83.6195652173913,68.27173913043478,81.64565189132979,0.0,0.0,,85–91.9% Moderate-high occupancy,False,False
2025-26,Q3,December,Y61,RAJ,MID AND SOUTH ESSEX NHS FOUNDATION TRUST,1825.8152173913043,1715.7282608695652,93.97053132906683,1692.8152173913043,1636.7065217391305,96.68548019442787,0.0,0.0,,133.0,79.02173913043478,59.41484145145473,0.0,0.0,,92–94.9% High occupancy,True,False
2025-26,Q3,December,Y56,RAL,ROYAL FREE LONDON NHS FOUNDATION TRUST,1506.3152173913045,1417.217391304348,94.08504773381632,1417.7065217391305,1377.2065217391305,97.14327335178527,0.0,0.0,,88.6086956521739,40.01086956521739,45.15456329735035,0.0,0.0,,92–94.9% High occupancy,True,False
2025-26,Q3,December,Y56,RAN,ROYAL NATIONAL ORTHOPAEDIC HOSPITAL NHS TRUST,145.0,108.65217391304348,74.93253373313344,145.0,108.65217391304348,74.93253373313344,0.0,0.0,,0.0,0.0,,0.0,0.0,,Below 85%,False,False
2025-26,Q3,December,Y56,RAS,THE HILLINGDON HOSPITALS NHS FOUNDATION TRUST,454.554347826087,393.4673913043478,86.56113249958152,393.60869565217394,362.4782608695652,92.09101955152987,0.0,0.0,,60.94565217391305,30.98913043478261,50.847155341537366,0.0,0.0,,85–91.9% Moderate-high occupancy,False,False
2025-26,Q3,December,Y56,RAT,NORTH EAST LONDON NHS FOUNDATION TRUST,407.5978260869565,360.5,88.44502520067202,167.05434782608697,142.18478260869566,85.11288958292667,0.0,0.0,,0.0,0.0,,240.54347826086956,218.31521739130434,90.75915047446904,85–91.9% Moderate-high occupancy,False,False
2025-26,Q3,December,Y56,RAX,KINGSTON AND RICHMOND NHS FOUNDATION TRUST,425.1630434782609,385.85869565217394,90.755464655503,365.1630434782609,337.1195652173913,92.32028575680906,0.0,0.0,,60.0,48.73913043478261,81.23188405797102,0.0,0.0,,85–91.9% Moderate-high occupancy,False,False
2025-26,Q3,December,Y58,RBD,DORSET COUNTY HOSPITAL NHS FOUNDATION TRUST,389.4782608695652,331.50000000000006,85.11386470194242,325.4782608695652,305.19565217391306,93.76836761955651,32.0,13.152173913043478,41.10054347826087,32.0,13.152173913043478,41.10054347826087,0.0,0.0,,85–91.9% Moderate-high occupancy,False,False
2025-26,Q3,December,Y60,RBK,WALSALL HEALTHCARE NHS TRUST,525.4565217391305,458.9021739130435,87.33399528360431,493.95652173913044,440.7391304347826,89.22630050171641,0.0,0.0,,31.5,18.16304347826087,57.66045548654245,0.0,0.0,,85–91.9% Moderate-high occupancy,False,False
2025-26,Q3,December,Y62,RBL,WIRRAL UNIVERSITY TEACHING HOSPITAL NHS FOUNDATION TRUST,784.2173913043479,701.2826086956521,89.42451627210733,752.2173913043479,683.0108695652174,90.79966475926247,0.0,0.0,,32.0,18.27173913043478,57.09918478260869,0.0,0.0,,85–91.9% Moderate-high occupancy,False,False
2025-26,Q3,December,Y62,RBN,MERSEY AND WEST LANCASHIRE TEACHING HOSPITALS NHS TRUST,1261.6847826086957,1200.6847826086957,95.16519491707948,1195.3804347826087,1164.4239130434783,97.41032052739259,0.0,0.0,,66.30434782608695,36.26086956521739,54.68852459016394,0.0,0.0,,95%+ Very high occupancy,True,True
2025-26,Q3,December,Y62,RBQ,LIVERPOOL HEART AND CHEST HOSPITAL NHS FOUNDATION TRUST,182.8804347826087,151.6195652173913,82.90638930163448,182.8804347826087,151.6195652173913,82.90638930163448,0.0,0.0,,0.0,0.0,,0.0,0.0,,Below 85%,False,False
2025-26,Q3,December,Y62,RBS,ALDER HEY CHILDREN'S NHS FOUNDATION TRUST,213.0,145.6086956521739,68.36088997754644,203.0,139.58695652173913,68.76204754765473,0.0,0.0,,0.0,0.0,,10.0,6.021739130434782,60.21739130434782,Below 85%,False,False
2025-26,Q3,December,Y62,RBT,MID CHESHIRE HOSPITALS NHS FOUNDATION TRUST,522.3695652173913,470.79347826086956,90.12651379583005,495.4130434782609,469.42391304347825,94.75404800561674,0.0,0.0,,26.956521739130434,1.3695652173913044,5.080645161290323,0.0,0.0,,85–91.9% Moderate-high occupancy,False,False
2025-26,Q3,December,Y62,RBV,THE CHRISTIE NHS FOUNDATION TRUST,183.75,169.33695652173913,92.15616681455191,183.75,169.33695652173913,92.15616681455191,0.0,0.0,,0.0,0.0,,0.0,0.0,,92–94.9% High occupancy,True,False
2025-26,Q3,December,Y61,RC9,BEDFORDSHIRE HOSPITALS NHS FOUNDATION TRUST,1131.2065217391305,1079.9565217391305,95.46943913289965,1070.945652173913,1019.695652173913,95.21450972829783,0.0,0.0,,60.26086956521739,60.26086956521739,100.0,0.0,0.0,,95%+ Very high occupancy,True,True
2025-26,Q3,December,Y63,RCB,YORK AND SCARBOROUGH TEACHING HOSPITALS NHS FOUNDATION TRUST,893.3913043478261,835.1956521739131,93.4859840373759,825.3913043478261,819.4782608695652,99.28360724820902,0.0,0.0,,68.0,15.717391304347826,23.113810741687978,0.0,0.0,,92–94.9% High occupancy,True,False
2025-26,Q3,December,Y63,RCD,HARROGATE AND DISTRICT NHS FOUNDATION TRUST,322.69565217391306,280.92391304347825,87.05537590945835,296.2826086956522,267.04347826086956,90.1313375889647,0.0,0.0,,26.41304347826087,13.880434782608695,52.5514403292181,0.0,0.0,,85–91.9% Moderate-high occupancy,False,False
2025-26,Q3,December,Y63,RCF,AIREDALE NHS FOUNDATION TRUST,404.39130434782606,357.14130434782606,88.31577249758091,375.39130434782606,343.5,91.5045170257123,0.0,0.0,,29.0,13.641304347826088,47.03898050974513,0.0,0.0,,85–91.9% Moderate-high occupancy,False,False
2025-26,Q3,December,Y63,RCU,SHEFFIELD CHILDREN'S NHS FOUNDATION TRUST,165.22826086956522,107.6413043478261,65.147029800671,139.22826086956522,97.70652173913044,70.17721914279022,0.0,0.0,,0.0,0.0,,26.0,9.934782608695652,38.21070234113713,Below 85%,False,False
2025-26,Q3,December,Y61,RCX,"THE QUEEN ELIZABETH HOSPITAL, KING'S LYNN, NHS FOUNDATION TRUST",497.5326086956522,488.25,98.13427129530508,478.5326086956522,474.1630434782609,99.08688245315162,0.0,0.0,,19.0,14.08695652173913,74.14187643020595,0.0,0.0,,95%+ Very high occupancy,True,True
2025-26,Q3,December,Y58,RD1,ROYAL UNITED HOSPITALS BATH NHS FOUNDATION TRUST,573.6956521739131,542.1086956521739,94.49412656309207,516.9673913043479,509.79347826086956,98.61230840394441,0.0,0.0,,56.72826086956522,32.31521739130435,56.96493581145814,0.0,0.0,,92–94.9% High occupancy,True,False
2025-26,Q3,December,Y61,RD8,MILTON KEYNES UNIVERSITY HOSPITAL NHS FOUNDATION TRUST,587.0,493.76086956521743,84.11599140804385,544.0,461.60869565217394,84.85453964194375,0.0,0.0,,43.0,32.15217391304348,74.77249747219413,0.0,0.0,,Below 85%,False,False
2025-26,Q3,December,Y61,RDE,EAST SUFFOLK AND NORTH ESSEX NHS FOUNDATION TRUST,1270.195652173913,1198.108695652174,94.32473600438139,1206.4782608695652,1156.4021739130435,95.8493999783776,0.0,0.0,,63.71739130434783,41.70652173913044,65.45547594677585,0.0,0.0,,92–94.9% High occupancy,True,False
2025-26,Q3,December,Y59,RDU,FRIMLEY HEALTH NHS FOUNDATION TRUST,1476.695652173913,1255.858695652174,85.04519491226004,1352.4130434782608,1200.4021739130435,88.76002636189743,0.0,0.0,,124.28260869565217,55.45652173913044,44.62130488018192,0.0,0.0,,85–91.9% Moderate-high occupancy,False,False
2025-26,Q3,December,Y58,RDY,DORSET HEALTHCARE UNIVERSITY NHS FOUNDATION TRUST,203.0,177.83695652173913,87.60441207967445,0.0,0.0,,0.0,0.0,,0.0,0.0,,203.0,177.83695652173913,87.60441207967445,85–91.9% Moderate-high occupancy,False,False
2025-26,Q3,December,Y58,REF,ROYAL CORNWALL HOSPITALS NHS TRUST,723.7934782608695,674.5760869565217,93.20007809097599,653.1086956521739,646.5869565217391,99.00143128182938,0.0,0.0,,70.68478260869566,27.98913043478261,39.59710902660311,0.0,0.0,,92–94.9% High occupancy,True,False
2025-26,Q3,December,Y62,REM,LIVERPOOL UNIVERSITY HOSPITALS NHS FOUNDATION TRUST,1529.7608695652175,1455.5869565217392,95.15127399849365,1529.7608695652175,1455.5869565217392,95.15127399849365,0.0,0.0,,0.0,0.0,,0.0,0.0,,95%+ Very high occupancy,True,True
2025-26,Q3,December,Y62,REN,THE CLATTERBRIDGE CANCER CENTRE NHS FOUNDATION TRUST,95.0,83.29347826086956,87.67734553775743,95.0,83.29347826086956,87.67734553775743,0.0,0.0,,0.0,0.0,,0.0,0.0,,85–91.9% Moderate-high occupancy,False,False
2025-26,Q3,December,Y62,REP,LIVERPOOL WOMEN'S NHS FOUNDATION TRUST,110.25,74.04347826086956,67.15961747017647,22.5,13.630434782608695,60.57971014492753,0.0,0.0,,87.75,60.41304347826087,68.84677319459928,0.0,0.0,,Below 85%,False,False
2025-26,Q3,December,Y62,RET,THE WALTON CENTRE NHS FOUNDATION TRUST,158.0,116.21739130434783,73.55531095211887,158.0,116.21739130434783,73.55531095211887,0.0,0.0,,0.0,0.0,,0.0,0.0,,Below 85%,False,False
2025-26,Q3,December,Y56,RF4,"BARKING, HAVERING AND REDBRIDGE UNIVERSITY HOSPITALS NHS TRUST",1000.0652173913044,886.9673913043479,88.69095493772146,937.0,823.9021739130435,87.92979444109322,0.0,0.0,,63.06521739130435,63.06521739130435,100.0,0.0,0.0,,85–91.9% Moderate-high occupancy,False,False
2025-26,Q3,December,Y63,RFF,BARNSLEY HOSPITAL NHS FOUNDATION TRUST,490.0,448.0217391304348,91.43300798580303,458.0,428.9130434782609,93.64913613062464,0.0,0.0,,32.0,19.108695652173914,59.714673913043484,0.0,0.0,,85–91.9% Moderate-high occupancy,False,False
2025-26,Q3,December,Y63,RFR,THE ROTHERHAM NHS FOUNDATION TRUST,480.2608695652174,432.70652173913044,90.09822560202788,456.95652173913044,412.6195652173913,90.29733587059943,0.0,0.0,,23.304347826086957,20.08695652173913,86.19402985074626,0.0,0.0,,85–91.9% Moderate-high occupancy,False,False
2025-26,Q3,December,Y60,RFS,CHESTERFIELD ROYAL HOSPITAL NHS FOUNDATION TRUST,566.3369565217391,503.9347826086957,88.98144060802642,532.3369565217391,481.6521739130435,90.4788157223073,0.0,0.0,,34.0,22.282608695652176,65.53708439897699,0.0,0.0,,85–91.9% Moderate-high occupancy,False,False
2025-26,Q3,December,Y63,RGD,LEEDS AND YORK PARTNERSHIP NHS FOUNDATION TRUST,389.4891304347826,358.10869565217394,91.94318086679877,0.0,0.0,,9.358695652173912,6.695652173913044,71.54471544715449,0.0,0.0,,380.1304347826087,351.4130434782609,92.44538487933204,85–91.9% Moderate-high occupancy,False,False
2025-26,Q3,December,Y61,RGM,ROYAL PAPWORTH HOSPITAL NHS FOUNDATION TRUST,242.8913043478261,181.4673913043478,74.71135773740266,242.8913043478261,181.4673913043478,74.71135773740266,0.0,0.0,,0.0,0.0,,0.0,0.0,,Below 85%,False,False
2025-26,Q3,December,Y61,RGN,NORTH WEST ANGLIA NHS FOUNDATION TRUST,1082.695652173913,897.358695652174,82.88189703638264,973.695652173913,853.4782608695652,87.65349408350079,0.0,0.0,,109.0,43.880434782608695,40.2572796170722,0.0,0.0,,Below 85%,False,False
2025-26,Q3,December,Y61,RGP,JAMES PAGET UNIVERSITY HOSPITALS NHS FOUNDATION TRUST,451.67391304347825,350.32608695652175,77.56172690956346,422.0,336.6521739130435,79.77539666185865,0.0,0.0,,29.67391304347826,13.673913043478262,46.08058608058608,0.0,0.0,,Below 85%,False,False
2025-26,Q3,December,Y61,RGR,WEST SUFFOLK NHS FOUNDATION TRUST,501.52173913043475,432.1304347826087,86.16384915474643,461.1847826086956,414.4130434782609,89.85835159914211,0.0,0.0,,40.33695652173913,17.717391304347824,43.923470762597674,0.0,0.0,,85–91.9% Moderate-high occupancy,False,False
2025-26,Q3,December,Y61,RGT,CAMBRIDGE UNIVERSITY HOSPITALS NHS FOUNDATION TRUST,1104.7934782608697,1000.7608695652174,90.58352436516759,1044.2826086956522,952.0326086956521,91.16618439952535,0.0,0.0,,60.51086956521739,48.72826086956522,80.52811208909645,0.0,0.0,,85–91.9% Moderate-high occupancy,False,False
2025-26,Q3,December,Y58,RH5,SOMERSET NHS FOUNDATION TRUST,1254.4673913043478,1104.7826086956522,88.06786181559818,1122.141304347826,986.2173913043479,87.8870947431638,0.0,0.0,,37.0,29.945652173913043,80.93419506462985,95.32608695652173,88.6195652173913,92.96465222348917,85–91.9% Moderate-high occupancy,False,False
2025-26,Q3,December,Y58,RH8,ROYAL DEVON UNIVERSITY HEALTHCARE NHS FOUNDATION TRUST,1161.2391304347827,1048.0760869565217,90.25497500795626,1100.9021739130435,1030.2391304347825,93.58135126329195,0.0,0.0,,60.33695652173913,17.83695652173913,29.56224103765087,0.0,0.0,,85–91.9% Moderate-high occupancy,False,False
2025-26,Q3,December,Y60,RHA,NOTTINGHAMSHIRE HEALTHCARE NHS FOUNDATION TRUST,877.0217391304348,704.6630434782608,80.34727214138759,11.869565217391305,9.380434782608695,79.02930402930403,58.76086956521739,54.32608695652174,92.45283018867924,0.0,0.0,,806.3913043478261,640.9565217391304,79.48455275785841,Below 85%,False,False
2025-26,Q3,December,Y59,RHM,UNIVERSITY HOSPITAL SOUTHAMPTON NHS FOUNDATION TRUST,1272.1195652173915,1168.3695652173913,91.84432007519116,1216.6847826086957,1129.8695652173913,92.86460892482243,0.0,0.0,,55.43478260869565,38.5,69.45098039215686,0.0,0.0,,85–91.9% Moderate-high occupancy,False,False
2025-26,Q3,December,Y63,RHQ,SHEFFIELD TEACHING HOSPITALS NHS FOUNDATION TRUST,1632.6413043478262,1461.2065217391305,89.49954395052029,1515.0326086956522,1382.0108695652175,91.2198761685428,0.0,0.0,,117.6086956521739,79.19565217391305,67.33826247689466,0.0,0.0,,85–91.9% Moderate-high occupancy,False,False
2025-26,Q3,December,Y59,RHU,PORTSMOUTH HOSPITALS UNIVERSITY NHS TRUST,1150.2608695652175,1093.5217391304348,95.0672815240399,1106.2608695652175,1053.3152173913043,95.21399937116803,0.0,0.0,,44.0,40.20652173913044,91.37845849802372,0.0,0.0,,95%+ Very high occupancy,True,True
2025-26,Q3,December,Y59,RHW,ROYAL BERKSHIRE NHS FOUNDATION TRUST,626.5434782608696,592.3913043478261,94.54911349363312,575.5434782608696,549.8804347826087,95.54107648725211,0.0,0.0,,51.0,42.51086956521739,83.35464620630862,0.0,0.0,,92–94.9% High occupancy,True,False
2025-26,Q3,December,Y56,RJ1,GUY'S AND ST THOMAS' NHS FOUNDATION TRUST,1285.891304347826,1069.1304347826087,83.14314212777468,1209.891304347826,1005.1630434782609,83.07878896774774,0.0,0.0,,76.0,63.96739130434783,84.16762013729976,0.0,0.0,,Below 85%,False,False
2025-26,Q3,December,Y56,RJ2,LEWISHAM AND GREENWICH NHS TRUST,1038.413043478261,961.25,92.56913768919965,963.4130434782609,896.2282608695652,93.02637813931449,0.0,0.0,,75.0,65.02173913043478,86.69565217391305,0.0,0.0,,92–94.9% High occupancy,True,False
2025-26,Q3,December,Y56,RJ6,CROYDON HEALTH SERVICES NHS TRUST,483.6521739130435,440.25,91.02615965480044,425.6521739130435,405.7717391304348,95.329417773238,0.0,0.0,,58.0,34.47826086956522,59.445277361319334,0.0,0.0,,85–91.9% Moderate-high occupancy,False,False
2025-26,Q3,December,Y56,RJ7,ST GEORGE'S UNIVERSITY HOSPITALS NHS FOUNDATION TRUST,872.1086956521739,832.5978260869565,95.46950170750554,809.1086956521739,801.2717391304348,99.0314086891104,0.0,0.0,,63.0,31.32608695652174,49.7239475500345,0.0,0.0,,95%+ Very high occupancy,True,True
2025-26,Q3,December,Y58,RJ8,CORNWALL PARTNERSHIP NHS FOUNDATION TRUST,169.84782608695653,153.33695652173913,90.27902214258286,56.630434782608695,55.22826086956522,97.52399232245682,0.0,0.0,,0.0,0.0,,113.21739130434783,98.1086956521739,86.65514592933947,85–91.9% Moderate-high occupancy,False,False
2025-26,Q3,December,Y60,RJC,SOUTH WARWICKSHIRE UNIVERSITY NHS FOUNDATION TRUST,482.9130434782609,429.4673913043478,88.93265508238048,442.9130434782609,397.07608695652175,89.65102581721803,0.0,0.0,,40.0,32.391304347826086,80.9782608695652,0.0,0.0,,85–91.9% Moderate-high occupancy,False,False
2025-26,Q3,December,Y60,RJE,UNIVERSITY HOSPITALS OF NORTH MIDLANDS NHS TRUST,1423.804347826087,1293.163043478261,90.82449041911596,1359.804347826087,1237.9347826086957,91.03771322600758,0.0,0.0,,64.0,55.22826086956522,86.29415760869566,0.0,0.0,,85–91.9% Moderate-high occupancy,False,False
2025-26,Q3,December,Y63,RJL,NORTHERN LINCOLNSHIRE AND GOOLE NHS FOUNDATION TRUST,541.4347826086956,485.21739130434787,89.61695976873044,541.4130434782609,485.19565217391306,89.61654286287894,0.0,0.0,,0.021739130434782608,0.021739130434782608,100.0,0.0,0.0,,85–91.9% Moderate-high occupancy,False,False
2025-26,Q3,December,Y62,RJN,EAST CHESHIRE NHS TRUST,332.0,285.6847826086956,86.04963331587217,307.0,282.54347826086956,92.03370627389889,0.0,0.0,,25.0,3.141304347826087,12.565217391304348,0.0,0.0,,85–91.9% Moderate-high occupancy,False,False
2025-26,Q3,December,Y62,RJR,COUNTESS OF CHESTER HOSPITAL NHS FOUNDATION TRUST,553.2934782608696,457.4891304347826,82.68471406400408,512.2934782608696,438.2826086956522,85.55303303558168,0.0,0.0,,41.0,19.206521739130434,46.84517497348886,0.0,0.0,,Below 85%,False,False
2025-26,Q3,December,Y56,RJZ,KING'S COLLEGE HOSPITAL NHS FOUNDATION TRUST,1477.0,1265.4239130434783,85.6752818580554,1357.0,1200.5978260869565,88.47441607125693,0.0,0.0,,120.0,64.82608695652173,54.021739130434774,0.0,0.0,,85–91.9% Moderate-high occupancy,False,False
2025-26,Q3,December,Y60,RK5,SHERWOOD FOREST HOSPITALS NHS FOUNDATION TRUST,730.9239130434783,674.7391304347826,92.31318313629266,682.9239130434783,645.0,94.44683187699947,0.0,0.0,,48.0,29.73913043478261,61.95652173913043,0.0,0.0,,92–94.9% High occupancy,True,False
2025-26,Q3,December,Y58,RK9,UNIVERSITY HOSPITALS PLYMOUTH NHS TRUST,1116.358695652174,1008.9021739130435,90.37437320480988,1058.358695652174,963.7934782608696,91.0649179923795,0.0,0.0,,58.0,45.108695652173914,77.7736131934033,0.0,0.0,,85–91.9% Moderate-high occupancy,False,False
2025-26,Q3,December,Y60,RKB,UNIVERSITY HOSPITALS COVENTRY AND WARWICKSHIRE NHS TRUST,1147.195652173913,1061.608695652174,92.53946296261205,1072.195652173913,1041.554347826087,97.1421909531437,0.0,0.0,,75.0,20.054347826086957,26.73913043478261,0.0,0.0,,92–94.9% High occupancy,True,False
2025-26,Q3,December,Y56,RKE,WHITTINGTON HEALTH NHS TRUST,288.3369565217391,257.17391304347825,89.19214385343236,249.0326086956522,232.82608695652175,93.49220898258478,0.0,0.0,,39.30434782608695,24.347826086956523,61.946902654867266,0.0,0.0,,85–91.9% Moderate-high occupancy,False,False
2025-26,Q3,December,Y56,RKL,WEST LONDON NHS TRUST,750.6847826086956,670.8804347826087,89.36912673935393,68.6195652173913,54.21739130434783,79.01156344051957,0.0,0.0,,0.0,0.0,,682.0652173913044,616.6630434782609,90.41115537848606,85–91.9% Moderate-high occupancy,False,False
2025-26,Q3,December,Y60,RL1,THE ROBERT JONES AND AGNES HUNT ORTHOPAEDIC HOSPITAL NHS FOUNDATION TRUST,129.65217391304347,101.30434782608695,78.13547954393026,129.65217391304347,101.30434782608695,78.13547954393026,0.0,0.0,,0.0,0.0,,0.0,0.0,,Below 85%,False,False
2025-26,Q3,December,Y60,RL4,THE ROYAL WOLVERHAMPTON NHS TRUST,851.8260869565217,801.5217391304349,94.09452837893019,801.8260869565217,764.8804347826087,95.39231102917255,0.0,0.0,,50.0,36.641304347826086,73.28260869565217,0.0,0.0,,92–94.9% High occupancy,True,False
2025-26,Q3,December,Y60,RLQ,WYE VALLEY NHS TRUST,313.3369565217391,293.1521739130435,93.55812259340203,296.3369565217391,284.4130434782609,95.9762315225764,0.0,0.0,,17.0,8.73913043478261,51.40664961636829,0.0,0.0,,92–94.9% High occupancy,True,False
2025-26,Q3,December,Y60,RLT,GEORGE ELIOT HOSPITAL NHS TRUST,415.29347826086956,412.4782608695652,99.32211374878949,392.29347826086956,389.4782608695652,99.28236956581972,0.0,0.0,,23.0,23.0,100.0,0.0,0.0,,95%+ Very high occupancy,True,True
2025-26,Q3,December,Y60,RLY,NORTH STAFFORDSHIRE COMBINED HEALTHCARE NHS TRUST,156.92391304347825,133.48913043478262,85.06614947703818,0.0,0.0,,9.0,7.086956521739131,78.74396135265701,0.0,0.0,,147.92391304347825,126.40217391304348,85.4508046145933,85–91.9% Moderate-high occupancy,False,False
2025-26,Q3,December,Y61,RM1,NORFOLK AND NORWICH UNIVERSITY HOSPITALS NHS FOUNDATION TRUST,986.6521739130435,903.0869565217391,91.53042788525096,906.8369565217391,863.7717391304348,95.25105179254216,0.0,0.0,,79.81521739130434,39.31521739130435,49.25779654092334,0.0,0.0,,85–91.9% Moderate-high occupancy,False,False
2025-26,Q3,December,Y62,RM3,NORTHERN CARE ALLIANCE NHS FOUNDATION TRUST,1581.8260869565217,1462.4456521739132,92.45299873563852,1520.5978260869565,1418.0869565217392,93.25851531505774,0.0,0.0,,61.22826086956522,44.358695652173914,72.4480738505237,0.0,0.0,,92–94.9% High occupancy,True,False
2025-26,Q3,December,Y62,RMC,BOLTON NHS FOUNDATION TRUST,620.0760869565217,549.8804347826086,88.67950987782002,567.0760869565217,503.55434782608694,88.79837457591381,0.0,0.0,,53.0,46.32608695652174,87.40771123872027,0.0,0.0,,85–91.9% Moderate-high occupancy,False,False
2025-26,Q3,December,Y62,RMP,TAMESIDE AND GLOSSOP INTEGRATED CARE NHS FOUNDATION TRUST,483.8152173913044,439.7608695652174,90.89438565747791,451.8152173913044,422.1304347826087,93.42988428320542,0.0,0.0,,32.0,17.630434782608695,55.09510869565217,0.0,0.0,,85–91.9% Moderate-high occupancy,False,False
2025-26,Q3,December,Y61,RMY,NORFOLK AND SUFFOLK NHS FOUNDATION TRUST,425.8478260869565,374.7391304347826,87.99836643013937,0.0,0.0,,6.0,3.0869565217391304,51.449275362318836,0.0,0.0,,419.8478260869565,371.6521739130435,88.52068554859423,85–91.9% Moderate-high occupancy,False,False
2025-26,Q3,December,Y58,RN3,GREAT WESTERN HOSPITALS NHS FOUNDATION TRUST,594.5652173913044,569.3586956521739,95.76051188299817,564.5652173913044,542.75,96.13592606854063,0.0,0.0,,30.0,26.608695652173914,88.69565217391305,0.0,0.0,,95%+ Very high occupancy,True,True
2025-26,Q3,December,Y59,RN5,HAMPSHIRE HOSPITALS NHS FOUNDATION TRUST,953.2826086956521,780.891304347826,81.91603384187361,858.2608695652174,750.9565217391304,87.49746707193515,4.0,0.2391304347826087,5.978260869565218,91.02173913043478,29.695652173913043,32.62479101982326,0.0,0.0,,Below 85%,False,False
2025-26,Q3,December,Y59,RN7,DARTFORD AND GRAVESHAM NHS TRUST,575.8586956521739,541.1847826086956,93.97874629570208,539.8586956521739,505.42391304347825,93.6215193186623,0.0,0.0,,36.0,35.76086956521739,99.33574879227052,0.0,0.0,,92–94.9% High occupancy,True,False
2025-26,Q3,December,Y61,RNA,THE DUDLEY GROUP NHS FOUNDATION TRUST,686.7282608695652,630.4130434782609,91.79949033697906,632.7282608695652,601.3478260869565,95.0404562711515,0.0,0.0,,54.0,29.065217391304348,53.824476650563604,0.0,0.0,,85–91.9% Moderate-high occupancy,False,False
2025-26,Q3,December,Y63,RNN,NORTH CUMBRIA INTEGRATED CARE NHS FOUNDATION TRUST,622.3913043478261,548.2608695652174,88.08941669577366,583.3913043478261,529.4239130434783,90.7493665225816,0.0,0.0,,39.0,18.83695652173913,48.29988851727982,0.0,0.0,,85–91.9% Moderate-high occupancy,False,False
2025-26,Q3,December,Y60,RNQ,KETTERING GENERAL HOSPITAL NHS FOUNDATION TRUST,575.8152173913044,540.1630434782609,93.80840018876827,526.8152173913044,512.2826086956521,97.24142199847317,0.0,0.0,,49.0,27.880434782608695,56.898846495119784,0.0,0.0,,92–94.9% High occupancy,True,False
2025-26,Q3,December,Y60,RNS,NORTHAMPTON GENERAL HOSPITAL NHS TRUST,763.2065217391304,671.9239130434783,88.03959267962686,693.2065217391304,634.3369565217391,91.50764406115249,0.0,0.0,,70.0,37.58695652173913,53.69565217391305,0.0,0.0,,85–91.9% Moderate-high occupancy,False,False
2025-26,Q3,December,Y59,RNU,OXFORD HEALTH NHS FOUNDATION TRUST,528.1413043478261,439.29347826086956,83.17726234332874,111.31521739130434,107.57608695652173,96.64095303193048,10.0,4.8478260869565215,48.47826086956522,0.0,0.0,,406.82608695652175,326.8695652173913,80.34626482847067,Below 85%,False,False
2025-26,Q3,December,Y58,RNZ,SALISBURY NHS FOUNDATION TRUST,467.0869565217391,441.25,94.46849111049055,443.0869565217391,425.4347826086956,96.01609263075262,0.0,0.0,,24.0,15.815217391304348,65.89673913043478,0.0,0.0,,92–94.9% High occupancy,True,False
2025-26,Q3,December,Y60,RP1,NORTHAMPTONSHIRE HEALTHCARE NHS FOUNDATION TRUST,408.3804347826087,347.45652173913044,85.0815788773256,210.3804347826087,177.8804347826087,84.551795401705,0.0,0.0,,0.0,0.0,,198.0,169.57608695652175,85.64448836187967,85–91.9% Moderate-high occupancy,False,False
2025-26,Q3,December,Y56,RP4,GREAT ORMOND STREET HOSPITAL FOR CHILDREN NHS FOUNDATION TRUST,227.3913043478261,175.4021739130435,77.13671128107076,219.3913043478261,172.0108695652174,78.4036860879905,0.0,0.0,,0.0,0.0,,8.0,3.391304347826087,42.391304347826086,Below 85%,False,False
2025-26,Q3,December,Y63,RP5,DONCASTER AND BASSETLAW TEACHING HOSPITALS NHS FOUNDATION TRUST,812.5978260869565,727.2608695652174,89.49825439077568,735.5978260869565,681.0760869565217,92.58810491318803,0.0,0.0,,77.0,46.18478260869565,59.980237154150196,0.0,0.0,,85–91.9% Moderate-high occupancy,False,False
2025-26,Q3,December,Y56,RP6,MOORFIELDS EYE HOSPITAL NHS FOUNDATION TRUST,9.565217391304348,2.8043478260869565,29.31818181818182,9.565217391304348,2.8043478260869565,29.31818181818182,0.0,0.0,,0.0,0.0,,0.0,0.0,,Below 85%,False,False
2025-26,Q3,December,Y60,RP7,LINCOLNSHIRE PARTNERSHIP NHS FOUNDATION TRUST,191.0,168.04347826086956,87.98087867061234,0.0,0.0,,0.0,0.0,,0.0,0.0,,191.0,168.04347826086956,87.98087867061234,85–91.9% Moderate-high occupancy,False,False
2025-26,Q3,December,Y59,RPA,MEDWAY NHS FOUNDATION TRUST,659.0978260869565,542.4347826086956,82.2995860613157,613.7391304347826,511.39130434782606,83.32388778690847,0.0,0.0,,45.358695652173914,31.043478260869566,68.43997124370956,0.0,0.0,,Below 85%,False,False
2025-26,Q3,December,Y59,RPC,QUEEN VICTORIA HOSPITAL NHS FOUNDATION TRUST,50.90217391304348,27.184782608695652,53.405936365577624,50.90217391304348,27.184782608695652,53.405936365577624,0.0,0.0,,0.0,0.0,,0.0,0.0,,Below 85%,False,False
2025-26,Q3,December,Y56,RPG,OXLEAS NHS FOUNDATION TRUST,382.0,347.3695652173913,90.93444115638516,0.0,0.0,,0.0,0.0,,0.0,0.0,,382.0,347.3695652173913,90.93444115638516,85–91.9% Moderate-high occupancy,False,False
2025-26,Q3,December,Y56,RPY,THE ROYAL MARSDEN NHS FOUNDATION TRUST,201.7608695652174,174.25,86.36461588190927,201.7608695652174,174.25,86.36461588190927,0.0,0.0,,0.0,0.0,,0.0,0.0,,85–91.9% Moderate-high occupancy,False,False
2025-26,Q3,December,Y61,RQ3,BIRMINGHAM WOMEN'S AND CHILDREN'S NHS FOUNDATION TRUST,388.0326086956522,318.0978260869565,81.97708619289055,252.0326086956522,222.29347826086956,88.20028464225643,0.0,0.0,,102.0,78.8913043478261,77.34441602728049,34.0,16.91304347826087,49.74424552429668,Below 85%,False,False
2025-26,Q3,December,Y56,RQM,CHELSEA AND WESTMINSTER HOSPITAL NHS FOUNDATION TRUST,871.5869565217391,830.0,95.22859352006586,780.5869565217391,759.554347826087,97.30553930988387,0.0,0.0,,91.0,70.44565217391305,77.41280458671763,0.0,0.0,,95%+ Very high occupancy,True,True
2025-26,Q3,December,Y61,RQW,THE PRINCESS ALEXANDRA HOSPITAL NHS TRUST,498.0,457.32608695652175,91.83254758163088,451.0,429.3804347826087,95.20630482984672,0.0,0.0,,47.0,27.945652173913043,59.45883441258094,0.0,0.0,,85–91.9% Moderate-high occupancy,False,False
2025-26,Q3,December,Y56,RQX,HOMERTON HEALTHCARE NHS FOUNDATION TRUST,316.54347826086956,274.3369565217391,86.6664377446604,275.54347826086956,242.79347826086956,88.11439842209073,0.0,0.0,,41.0,31.543478260869566,76.9353128313892,0.0,0.0,,85–91.9% Moderate-high occupancy,False,False
2025-26,Q3,December,Y56,RQY,SOUTH WEST LONDON AND ST GEORGE'S MENTAL HEALTH NHS TRUST,355.5108695652174,321.75,90.50356192863913,0.0,0.0,,12.0,11.48913043478261,95.74275362318842,0.0,0.0,,343.5108695652174,310.2608695652174,90.32053918931747,85–91.9% Moderate-high occupancy,False,False
2025-26,Q3,December,Y63,RR7,GATESHEAD HEALTH NHS FOUNDATION TRUST,492.14130434782606,454.2826086956522,92.30735251893898,450.14130434782606,428.7391304347826,95.24545432593631,0.0,0.0,,16.0,12.41304347826087,77.58152173913044,26.0,13.130434782608695,50.50167224080268,92–94.9% High occupancy,True,False
2025-26,Q3,December,Y63,RR8,LEEDS TEACHING HOSPITALS NHS TRUST,1903.9456521739132,1721.1195652173913,90.39751545703145,1758.9347826086957,1665.3804347826087,94.68119291567277,0.0,0.0,,145.0108695652174,55.73913043478261,38.43789820853009,0.0,0.0,,85–91.9% Moderate-high occupancy,False,False
2025-26,Q3,December,Y60,RRE,MIDLANDS PARTNERSHIP UNIVERSITY NHS FOUNDATION TRUST,463.0652173913044,413.7608695652174,89.35261255340124,155.0,146.45652173913044,94.48807854137448,12.108695652173912,9.5,78.4560143626571,0.0,0.0,,295.95652173913044,257.80434782608694,87.10885852798589,85–91.9% Moderate-high occupancy,False,False
2025-26,Q3,December,Y62,RRF,"WRIGHTINGTON,  WIGAN AND LEIGH NHS FOUNDATION TRUST",732.8913043478261,512.8152173913044,69.97152433779254,704.5869565217391,501.6521739130435,71.1980500447379,0.0,0.0,,28.304347826086957,11.16304347826087,39.43932411674347,0.0,0.0,,Below 85%,False,False
2025-26,Q3,December,Y60,RRJ,THE ROYAL ORTHOPAEDIC HOSPITAL NHS FOUNDATION TRUST,106.80434782608695,78.67391304347827,73.6617138204763,106.80434782608695,78.67391304347827,73.6617138204763,0.0,0.0,,0.0,0.0,,0.0,0.0,,Below 85%,False,False
2025-26,Q3,December,Y60,RRK,UNIVERSITY HOSPITALS BIRMINGHAM NHS FOUNDATION TRUST,2886.0,2787.5,96.58697158697159,2769.0,2675.1304347826085,96.609983199083,0.0,0.0,,117.0,112.3695652173913,96.04236343366777,0.0,0.0,,95%+ Very high occupancy,True,True
2025-26,Q3,December,Y56,RRV,UNIVERSITY COLLEGE LONDON HOSPITALS NHS FOUNDATION TRUST,896.5434782608696,693.8478260869565,77.39143085764167,852.5434782608696,672.3586956521739,78.86503302139377,0.0,0.0,,32.0,14.826086956521738,46.33152173913043,12.0,6.663043478260869,55.52536231884058,Below 85%,False,False
2025-26,Q3,December,Y61,RT1,CAMBRIDGESHIRE AND PETERBOROUGH NHS FOUNDATION TRUST,294.55434782608694,263.7608695652174,89.54573969519171,100.6304347826087,83.8586956521739,83.33333333333333,5.728260869565218,1.6521739130434783,28.842504743833015,0.0,0.0,,188.19565217391303,178.25,94.71525932771169,85–91.9% Moderate-high occupancy,False,False
2025-26,Q3,December,Y62,RT2,PENNINE CARE NHS FOUNDATION TRUST,487.0,446.2608695652174,91.63467547540398,0.0,0.0,,0.0,0.0,,0.0,0.0,,487.0,446.2608695652174,91.63467547540398,85–91.9% Moderate-high occupancy,False,False
2025-26,Q3,December,Y63,RTD,THE NEWCASTLE UPON TYNE HOSPITALS NHS FOUNDATION TRUST,1565.391304347826,1257.8478260869565,80.35357182535274,1457.5217391304348,1213.7065217391305,83.2719327029204,0.0,0.0,,107.8695652173913,44.141304347826086,40.92099959693672,0.0,0.0,,Below 85%,False,False
2025-26,Q3,December,Y58,RTE,GLOUCESTERSHIRE HOSPITALS NHS FOUNDATION TRUST,879.8369565217391,825.1847826086956,93.78837482241028,833.8369565217391,805.3478260869565,96.58336918123395,0.0,0.0,,46.0,19.83695652173913,43.123818525519845,0.0,0.0,,92–94.9% High occupancy,True,False
2025-26,Q3,December,Y63,RTF,NORTHUMBRIA HEALTHCARE NHS FOUNDATION TRUST,922.0978260869566,817.1521739130435,88.6188157910247,856.7173913043479,766.3804347826087,89.45545433784162,0.0,0.0,,37.380434782608695,30.0,80.25588833963361,28.0,20.77173913043478,74.18478260869564,85–91.9% Moderate-high occupancy,False,False
2025-26,Q3,December,Y60,RTG,UNIVERSITY HOSPITALS OF DERBY AND BURTON NHS FOUNDATION TRUST,1572.782608695652,1408.913043478261,89.58091446895563,1453.0652173913043,1346.0760869565217,92.6370042339283,0.0,0.0,,119.71739130434783,62.83695652173913,52.487742872707464,0.0,0.0,,85–91.9% Moderate-high occupancy,False,False
2025-26,Q3,December,Y59,RTH,OXFORD UNIVERSITY HOSPITALS NHS FOUNDATION TRUST,1096.4565217391305,972.7282608695652,88.71562543370938,1019.4565217391304,922.8913043478261,90.52777481607848,0.0,0.0,,77.0,49.83695652173913,64.72332015810277,0.0,0.0,,85–91.9% Moderate-high occupancy,False,False
2025-26,Q3,December,Y59,RTK,ASHFORD AND ST PETER'S HOSPITALS NHS FOUNDATION TRUST,509.8478260869565,450.42391304347825,88.34477465569437,455.8478260869565,411.0326086956522,90.16882063999238,0.0,0.0,,54.0,39.391304347826086,72.94685990338165,0.0,0.0,,85–91.9% Moderate-high occupancy,False,False
2025-26,Q3,December,Y59,RTP,SURREY AND SUSSEX HEALTHCARE NHS TRUST,704.2173913043479,643.2934782608696,91.3487065505958,669.1304347826087,625.804347826087,93.52501624431449,0.0,0.0,,35.08695652173913,17.48913043478261,49.845105328376704,0.0,0.0,,85–91.9% Moderate-high occupancy,False,False
2025-26,Q3,December,Y58,RTQ,GLOUCESTERSHIRE HEALTH AND CARE NHS FOUNDATION TRUST,165.6304347826087,153.81521739130434,92.86651791573698,0.0,0.0,,7.0,2.0,28.57142857142857,0.0,0.0,,158.6304347826087,151.81521739130434,95.70371385500891,92–94.9% High occupancy,True,False
2025-26,Q3,December,Y63,RTR,SOUTH TEES HOSPITALS NHS FOUNDATION TRUST,983.1521739130435,861.4021739130435,87.616362631288,942.1847826086956,833.4782608695652,88.4622927746565,0.0,0.0,,40.96739130434783,27.92391304347826,68.1613159989387,0.0,0.0,,85–91.9% Moderate-high occupancy,False,False
2025-26,Q3,December,Y62,RTX,UNIVERSITY HOSPITALS OF MORECAMBE BAY NHS FOUNDATION TRUST,626.0869565217391,539.2826086956521,86.13541666666666,588.6086956521739,514.5760869565217,87.42244053774562,0.0,0.0,,37.47826086956522,24.706521739130434,65.92227378190255,0.0,0.0,,85–91.9% Moderate-high occupancy,False,False
2025-26,Q3,December,Y56,RV3,CENTRAL AND NORTH WEST LONDON NHS FOUNDATION TRUST,657.3695652173913,597.8152173913043,90.94050729190779,73.96739130434783,69.48913043478261,93.94562821454812,5.293478260869565,2.3043478260869565,43.53182751540041,0.0,0.0,,578.1086956521739,526.0217391304348,90.9901101793705,85–91.9% Moderate-high occupancy,False,False
2025-26,Q3,December,Y63,RV9,HUMBER TEACHING NHS FOUNDATION TRUST,197.68478260869566,148.94565217391303,75.34502666739978,0.0,0.0,,14.0,4.9021739130434785,35.01552795031056,0.0,0.0,,183.68478260869566,144.04347826086956,78.41884135155927,Below 85%,False,False
2025-26,Q3,December,Y58,RVJ,NORTH BRISTOL NHS TRUST,1020.6521739130435,980.2065217391305,96.03727369542067,947.6521739130435,921.0652173913044,97.19443934666911,0.0,0.0,,61.0,55.51086956521739,91.00142551674982,12.0,3.630434782608696,30.253623188405797,95%+ Very high occupancy,True,True
2025-26,Q3,December,Y58,RVN,AVON AND WILTSHIRE MENTAL HEALTH PARTNERSHIP NHS TRUST,487.89130434782606,432.4891304347826,88.64456623446064,0.0,0.0,,0.0,0.0,,0.0,0.0,,487.89130434782606,432.4891304347826,88.64456623446064,85–91.9% Moderate-high occupancy,False,False
2025-26,Q3,December,Y56,RVR,EPSOM AND ST HELIER UNIVERSITY HOSPITALS NHS TRUST,777.1304347826087,611.3804347826087,78.67153407183619,682.1304347826087,582.9021739130435,85.45318375932182,0.0,0.0,,95.0,28.47826086956522,29.977116704805496,0.0,0.0,,Below 85%,False,False
2025-26,Q3,December,Y59,RVV,EAST KENT HOSPITALS UNIVERSITY NHS FOUNDATION TRUST,1130.467391304348,1005.6195652173914,88.95608780515946,1048.1304347826087,955.8913043478261,91.1996515534907,0.0,0.0,,82.33695652173913,49.72826086956522,60.3960396039604,0.0,0.0,,85–91.9% Moderate-high occupancy,False,False
2025-26,Q3,December,Y63,RVW,NORTH TEES AND HARTLEPOOL NHS FOUNDATION TRUST,564.6195652173913,502.75,89.04225623255367,521.5760869565217,488.7391304347826,93.70428258830886,0.0,0.0,,43.04347826086956,14.01086956521739,32.55050505050505,0.0,0.0,,85–91.9% Moderate-high occupancy,False,False
2025-26,Q3,December,Y59,RW1,HAMPSHIRE AND ISLE OF WIGHT HEALTHCARE NHS FOUNDATION TRUST,703.0760869565217,639.554347826087,90.96516859143826,184.95652173913044,174.31521739130434,94.24659144334744,10.0,6.163043478260869,61.63043478260869,0.0,0.0,,508.1195652173913,459.07608695652175,90.348043724731,85–91.9% Moderate-high occupancy,False,False
2025-26,Q3,December,Y62,RW4,MERSEY CARE NHS FOUNDATION TRUST,1093.1304347826087,834.4347826086957,76.33442049160767,0.0,0.0,,88.05434782608695,55.141304347826086,62.62189853104555,0.0,0.0,,1005.0760869565217,779.2934782608696,77.53576951777391,Below 85%,False,False
2025-26,Q3,December,Y62,RW5,LANCASHIRE & SOUTH CUMBRIA NHS FOUNDATION TRUST,603.4565217391304,568.4130434782609,94.19287438308297,0.0,0.0,,0.0,0.0,,0.0,0.0,,603.4565217391304,568.4130434782609,94.19287438308297,92–94.9% High occupancy,True,False
2025-26,Q3,December,Y63,RWA,HULL UNIVERSITY TEACHING HOSPITALS NHS TRUST,1190.0217391304348,1070.2282608695652,89.93350505105863,1114.0217391304348,1031.2065217391305,92.56610401014734,0.0,0.0,,76.0,39.02173913043478,51.34439359267734,0.0,0.0,,85–91.9% Moderate-high occupancy,False,False
2025-26,Q3,December,Y60,RWD,UNITED LINCOLNSHIRE TEACHING HOSPITALS NHS TRUST,1130.1521739130435,899.9239130434783,79.62856098640044,968.5,798.445652173913,82.44147157190636,0.0,0.0,,161.65217391304347,101.47826086956522,62.77568585260893,0.0,0.0,,Below 85%,False,False
2025-26,Q3,December,Y60,RWE,UNIVERSITY HOSPITALS OF LEICESTER NHS TRUST,1847.8260869565217,1690.8260869565217,91.5035294117647,1723.8260869565217,1584.891304347826,91.94032485875707,0.0,0.0,,124.0,105.93478260869566,85.4312762973352,0.0,0.0,,85–91.9% Moderate-high occupancy,False,False
2025-26,Q3,December,Y59,RWF,MAIDSTONE AND TUNBRIDGE WELLS NHS TRUST,727.1195652173913,629.1195652173913,86.52216159653187,684.1195652173913,603.8369565217391,88.26482784918731,0.0,0.0,,43.0,25.282608695652176,58.79676440849343,0.0,0.0,,85–91.9% Moderate-high occupancy,False,False
2025-26,Q3,December,Y61,RWG,WEST HERTFORDSHIRE TEACHING HOSPITALS NHS TRUST,733.0,557.8369565217391,76.10326828400261,663.0,516.7391304347826,77.9395370188209,0.0,0.0,,70.0,41.09782608695652,58.7111801242236,0.0,0.0,,Below 85%,False,False
2025-26,Q3,December,Y61,RWH,EAST AND NORTH HERTFORDSHIRE NHS TRUST,637.2173913043479,561.6521739130435,88.14137554585153,576.2173913043479,515.3478260869565,89.43635403304911,0.0,0.0,,61.0,46.30434782608695,75.90876692801139,0.0,0.0,,85–91.9% Moderate-high occupancy,False,False
2025-26,Q3,December,Y62,RWJ,STOCKPORT NHS FOUNDATION TRUST,687.0,601.1413043478261,87.50237326751473,639.7065217391304,583.9673913043479,91.2867653305694,0.0,0.0,,47.29347826086956,17.17391304347826,36.31349115145944,0.0,0.0,,85–91.9% Moderate-high occupancy,False,False
2025-26,Q3,December,Y56,RWK,EAST LONDON NHS FOUNDATION TRUST,849.6413043478261,782.8913043478261,92.14374352348177,39.0,36.82608695652174,94.4258639910814,0.0,0.0,,0.0,0.0,,810.6413043478261,746.0652173913044,92.03395057589938,92–94.9% High occupancy,True,False
2025-26,Q3,December,Y60,RWP,WORCESTERSHIRE ACUTE HOSPITALS NHS TRUST,949.0,850.9347826086956,89.66646813579511,887.0,814.3369565217391,91.80799960786236,0.0,0.0,,62.0,36.59782608695652,59.02875175315568,0.0,0.0,,85–91.9% Moderate-high occupancy,False,False
2025-26,Q3,December,Y61,RWR,HERTFORDSHIRE PARTNERSHIP UNIVERSITY NHS FOUNDATION TRUST,347.8152173913044,303.6521739130435,87.30272821025657,0.0,0.0,,28.0,17.08695652173913,61.02484472049689,0.0,0.0,,319.8152173913044,286.5652173913044,89.60337151208239,85–91.9% Moderate-high occupancy,False,False
2025-26,Q3,December,Y58,RWV,DEVON PARTNERSHIP NHS TRUST,264.79347826086956,253.41304347826087,95.70214687410206,0.0,0.0,,3.6956521739130435,2.4347826086956523,65.88235294117646,0.0,0.0,,261.0978260869565,250.97826086956522,96.12422463677616,95%+ Very high occupancy,True,True
2025-26,Q3,December,Y62,RWW,WARRINGTON AND HALTON TEACHING HOSPITALS NHS FOUNDATION TRUST,612.7608695652174,555.7282608695652,90.69251782736724,575.6195652173913,535.75,93.07362577185265,0.0,0.0,,37.141304347826086,19.97826086956522,53.78987415861868,0.0,0.0,,85–91.9% Moderate-high occupancy,False,False
2025-26,Q3,December,Y59,RWX,BERKSHIRE HEALTHCARE NHS FOUNDATION TRUST,165.3913043478261,150.06521739130434,90.73343848580441,35.45652173913044,29.782608695652176,83.99754751686082,8.717391304347826,5.423913043478261,62.21945137157107,0.0,0.0,,121.21739130434783,114.8586956521739,94.75430416068866,85–91.9% Moderate-high occupancy,False,False
2025-26,Q3,December,Y63,RWY,CALDERDALE AND HUDDERSFIELD NHS FOUNDATION TRUST,812.5760869565217,676.2717391304348,83.22565110959508,757.7282608695652,654.7717391304348,86.41247435842261,0.0,0.0,,54.84782608695652,21.5,39.19936583432422,0.0,0.0,,Below 85%,False,False
2025-26,Q3,December,Y60,RX1,NOTTINGHAM UNIVERSITY HOSPITALS NHS TRUST,1754.054347826087,1514.0,86.31431528198645,1635.054347826087,1437.9891304347825,87.9474821339538,0.0,0.0,,119.0,76.01086956521739,63.874680306905375,0.0,0.0,,85–91.9% Moderate-high occupancy,False,False
2025-26,Q3,December,Y59,RX2,SUSSEX PARTNERSHIP NHS FOUNDATION TRUST,563.8369565217391,525.9891304347826,93.28745204634396,0.0,0.0,,8.0,5.0,62.5,0.0,0.0,,555.8369565217391,520.9891304347826,93.7305669085007,92–94.9% High occupancy,True,False
2025-26,Q3,December,Y63,RX3,"TEES, ESK AND WEAR VALLEYS NHS FOUNDATION TRUST",716.9347826086956,581.1630434782609,81.06219109130053,0.0,0.0,,106.93478260869566,60.77173913043478,56.83065663752795,0.0,0.0,,610.0,520.3913043478261,85.31004989308624,Below 85%,False,False
2025-26,Q3,December,Y63,RX4,"CUMBRIA,  NORTHUMBERLAND,  TYNE AND WEAR NHS FOUNDATION TRUST",749.1086956521739,681.1847826086956,90.93270263211353,49.0,42.90217391304348,87.55545696539485,75.0,57.82608695652174,77.10144927536233,0.0,0.0,,625.1086956521739,580.4565217391304,92.85689445313858,85–91.9% Moderate-high occupancy,False,False
2025-26,Q3,December,Y62,RXA,CHESHIRE AND WIRRAL PARTNERSHIP NHS FOUNDATION TRUST,281.5978260869565,252.1195652173913,89.53178677577489,0.0,0.0,,29.0,14.73913043478261,50.82458770614693,0.0,0.0,,252.59782608695653,237.3804347826087,93.97564439089462,85–91.9% Moderate-high occupancy,False,False
2025-26,Q3,December,Y59,RXC,EAST SUSSEX HEALTHCARE NHS TRUST,725.8478260869565,646.8478260869565,89.1161759861032,701.8478260869565,625.5869565217391,89.13427288214342,0.0,0.0,,24.0,21.26086956521739,88.58695652173913,0.0,0.0,,85–91.9% Moderate-high occupancy,False,False
2025-26,Q3,December,Y63,RXE,ROTHERHAM DONCASTER AND SOUTH HUMBER NHS FOUNDATION TRUST,211.81521739130434,194.6413043478261,91.89203058449223,56.0,48.0,85.71428571428571,0.0,0.0,,0.0,0.0,,155.81521739130434,146.6413043478261,94.11231252179981,85–91.9% Moderate-high occupancy,False,False
2025-26,Q3,December,Y63,RXF,MID YORKSHIRE TEACHING NHS TRUST,1138.3695652173913,1017.054347826087,89.3430726630383,1078.0978260869565,973.6304347826087,90.31002671774966,0.0,0.0,,60.27173913043478,43.42391304347826,72.04688908926961,0.0,0.0,,85–91.9% Moderate-high occupancy,False,False
2025-26,Q3,December,Y63,RXG,SOUTH WEST YORKSHIRE PARTNERSHIP NHS FOUNDATION TRUST,561.0,475.2173913043478,84.70898240719212,24.0,18.98913043478261,79.1213768115942,24.0,14.75,61.458333333333336,0.0,0.0,,513.0,441.4782608695652,86.05814052038308,Below 85%,False,False
2025-26,Q3,December,Y60,RXK,SANDWELL AND WEST BIRMINGHAM HOSPITALS NHS TRUST,641.2391304347826,537.7608695652174,83.86276570498694,571.2391304347826,494.3695652173913,86.54336491989191,0.0,0.0,,70.0,43.391304347826086,61.98757763975156,0.0,0.0,,Below 85%,False,False
2025-26,Q3,December,Y62,RXL,BLACKPOOL TEACHING HOSPITALS NHS FOUNDATION TRUST,775.8260869565217,729.3913043478261,94.01479488903833,738.0,707.4891304347826,95.86573583127137,0.0,0.0,,37.82608695652174,21.902173913043477,57.90229885057471,0.0,0.0,,92–94.9% High occupancy,True,False
2025-26,Q3,December,Y60,RXM,DERBYSHIRE HEALTHCARE NHS FOUNDATION TRUST,271.9782608695652,241.18478260869566,88.67796339221486,0.0,0.0,,0.0,0.0,,0.0,0.0,,271.9782608695652,241.18478260869566,88.67796339221486,85–91.9% Moderate-high occupancy,False,False
2025-26,Q3,December,Y62,RXN,LANCASHIRE TEACHING HOSPITALS NHS FOUNDATION TRUST,852.445652173913,814.7065217391304,95.57284029327383,790.445652173913,782.4239130434783,98.98516247026306,0.0,0.0,,62.0,32.28260869565217,52.0687237026648,0.0,0.0,,95%+ Very high occupancy,True,True
2025-26,Q3,December,Y63,RXP,COUNTY DURHAM AND DARLINGTON NHS FOUNDATION TRUST,1003.6739130434783,934.6195652173913,93.11984231843877,942.6739130434783,900.7608695652174,95.55381315868367,0.0,0.0,,61.0,33.858695652173914,55.50605844618674,0.0,0.0,,92–94.9% High occupancy,True,False
2025-26,Q3,December,Y59,RXQ,BUCKINGHAMSHIRE HEALTHCARE NHS TRUST,550.0,520.1195652173914,94.56719367588934,493.0,491.32608695652175,99.6604638857042,0.0,0.0,,57.0,28.793478260869566,50.51487414187643,0.0,0.0,,92–94.9% High occupancy,True,False
2025-26,Q3,December,Y62,RXR,EAST LANCASHIRE HOSPITALS NHS TRUST,980.6521739130435,906.3695652173914,92.425182886278,908.6521739130435,859.3804347826087,94.57749174601656,0.0,0.0,,72.0,46.98913043478261,65.26268115942028,0.0,0.0,,92–94.9% High occupancy,True,False
2025-26,Q3,December,Y60,RXT,BIRMINGHAM AND SOLIHULL MENTAL HEALTH NHS FOUNDATION TRUST,637.9130434782609,608.6521739130435,95.41303162486369,0.0,0.0,,0.0,0.0,,0.0,0.0,,637.9130434782609,608.6521739130435,95.41303162486369,95%+ Very high occupancy,True,True
2025-26,Q3,December,Y62,RXV,GREATER MANCHESTER MENTAL HEALTH NHS FOUNDATION TRUST,787.0,723.4347826086956,91.92309817137175,0.0,0.0,,0.0,0.0,,0.0,0.0,,787.0,723.4347826086956,91.92309817137175,85–91.9% Moderate-high occupancy,False,False
2025-26,Q3,December,Y60,RXW,THE SHREWSBURY AND TELFORD HOSPITAL NHS TRUST,816.7934782608696,738.2608695652174,90.38525517333154,779.7934782608696,713.0,91.43446564725888,0.0,0.0,,37.0,25.26086956521739,68.27262044653348,0.0,0.0,,85–91.9% Moderate-high occupancy,False,False
2025-26,Q3,December,Y59,RXX,SURREY AND BORDERS PARTNERSHIP NHS FOUNDATION TRUST,176.1304347826087,161.54347826086956,91.71809429770428,0.0,0.0,,7.0,2.5543478260869565,36.49068322981366,0.0,0.0,,169.1304347826087,158.9891304347826,94.0038560411311,85–91.9% Moderate-high occupancy,False,False
2025-26,Q3,December,Y59,RXY,KENT AND MEDWAY MENTAL HEALTH NHS TRUST,448.9891304347826,407.95652173913044,90.86111312852543,0.0,0.0,,0.0,0.0,,0.0,0.0,,448.9891304347826,407.95652173913044,90.86111312852543,85–91.9% Moderate-high occupancy,False,False
2025-26,Q3,December,Y61,RY3,NORFOLK COMMUNITY HEALTH AND CARE NHS TRUST,76.43478260869564,69.52173913043478,90.95563139931741,75.31521739130434,68.40217391304348,90.82118631837207,1.1195652173913044,1.1195652173913044,100.0,0.0,0.0,,0.0,0.0,,85–91.9% Moderate-high occupancy,False,False
2025-26,Q3,December,Y63,RY6,LEEDS COMMUNITY HEALTHCARE NHS TRUST,75.05434782608695,33.27173913043478,44.330195510499635,75.05434782608695,33.27173913043478,44.330195510499635,0.0,0.0,,0.0,0.0,,0.0,0.0,,Below 85%,False,False
2025-26,Q3,December,Y60,RY8,DERBYSHIRE COMMUNITY HEALTH SERVICES NHS FOUNDATION TRUST,37.95652173913044,15.206521739130435,40.063001145475376,0.0,0.0,,20.0,2.4347826086956523,12.173913043478262,0.0,0.0,,17.956521739130434,12.771739130434783,71.12590799031477,Below 85%,False,False
2025-26,Q3,December,Y60,RYG,COVENTRY AND WARWICKSHIRE PARTNERSHIP NHS TRUST,315.0,249.59782608695653,79.23740510697033,0.0,0.0,,71.0,46.95652173913044,66.13594611145132,0.0,0.0,,244.0,202.6413043478261,83.04971489665004,Below 85%,False,False
2025-26,Q3,December,Y56,RYJ,IMPERIAL COLLEGE HEALTHCARE NHS TRUST,1092.8152173913043,1033.5108695652175,94.57325018152162,1038.6739130434783,982.1630434782609,94.55932522656397,0.0,0.0,,54.141304347826086,51.34782608695652,94.84039349528207,0.0,0.0,,92–94.9% High occupancy,True,False
2025-26,Q3,December,Y59,RYR,UNIVERSITY HOSPITALS SUSSEX NHS FOUNDATION TRUST,1962.0,1757.4891304347827,89.5764082790409,1823.0,1693.3804347826087,92.88976603305589,0.0,0.0,,139.0,64.1086956521739,46.12136377854238,0.0,0.0,,85–91.9% Moderate-high occupancy,False,False
2025-26,Q3,December,Y60,RYW,BIRMINGHAM COMMUNITY HEALTHCARE NHS FOUNDATION TRUST,252.18478260869566,176.82608695652175,70.11766734192491,252.18478260869566,176.82608695652175,70.11766734192491,0.0,0.0,,0.0,0.0,,0.0,0.0,,Below 85%,False,False
2025-26,Q3,December,Y56,RYX,CENTRAL LONDON COMMUNITY HEALTHCARE NHS TRUST,0.0,0.0,,0.0,0.0,,0.0,0.0,,0.0,0.0,,0.0,0.0,,,False,False
2025-26,Q3,December,Y63,TAD,BRADFORD DISTRICT CARE NHS FOUNDATION TRUST,190.0,176.83695652173913,93.07208237986269,0.0,0.0,,8.0,3.9239130434782608,49.04891304347826,0.0,0.0,,182.0,172.91304347826087,95.00716674629719,92–94.9% High occupancy,True,False
2025-26,Q3,December,Y63,TAH,SHEFFIELD HEALTH PARTNERSHIP UNIVERSITY NHS FOUNDATION TRUST,138.25,128.9891304347826,93.30136016982466,0.0,0.0,,0.0,0.0,,0.0,0.0,,138.25,128.9891304347826,93.30136016982466,92–94.9% High occupancy,True,False
2025-26,Q3,December,Y60,TAJ,BLACK COUNTRY HEALTHCARE NHS FOUNDATION TRUST,288.82608695652175,255.1086956521739,88.32605750413968,0.0,0.0,,18.0,4.543478260869565,25.24154589371981,0.0,0.0,,270.82608695652175,250.56521739130434,92.51886338096003,85–91.9% Moderate-high occupancy,False,False
2025-26,Q4,March,Y56,G6V2S,NORTH LONDON NHS FOUNDATION TRUST,652.8888888888889,601.3111111111111,92.10006807351941,0.0,0.0,,27.0,15.066666666666666,55.80246913580247,0.0,0.0,,625.8888888888889,586.2444444444444,93.66589739037812,92–94.9% High occupancy,True,False
2025-26,Q4,March,Y62,R0A,MANCHESTER UNIVERSITY NHS FOUNDATION TRUST,2275.3777777777777,2010.6444444444444,88.36530197671692,2067.0666666666666,1865.0,90.22447268270658,0.0,0.0,,198.8111111111111,140.01111111111112,70.4241882300341,9.5,5.633333333333334,59.298245614035096,85–91.9% Moderate-high occupancy,False,False
2025-26,Q4,March,Y63,R0B,SOUTH TYNESIDE AND SUNDERLAND NHS FOUNDATION TRUST,1121.3777777777777,986.1222222222223,87.93844873370061,1121.3777777777777,986.1222222222223,87.93844873370061,0.0,0.0,,0.0,0.0,,0.0,0.0,,85–91.9% Moderate-high occupancy,False,False
2025-26,Q4,March,Y58,R0D,UNIVERSITY HOSPITALS DORSET NHS FOUNDATION TRUST,1122.9777777777779,1033.3555555555556,92.01923457474176,1062.9777777777779,1000.7111111111111,94.14224191997323,0.0,0.0,,60.0,32.644444444444446,54.407407407407405,0.0,0.0,,92–94.9% High occupancy,True,False
2025-26,Q4,March,Y60,R1A,WORCESTERSHIRE HEALTH AND CARE NHS TRUST,179.0,163.72222222222223,91.46492861576661,39.0,35.82222222222222,91.85185185185185,0.0,0.0,,0.0,0.0,,140.0,127.9,91.35714285714286,85–91.9% Moderate-high occupancy,False,False
2025-26,Q4,March,Y59,R1F,ISLE OF WIGHT NHS TRUST,299.84444444444443,279.0777777777778,93.074186615282,283.84444444444443,273.5444444444444,96.3712518593909,0.0,0.0,,16.0,5.533333333333333,34.583333333333336,0.0,0.0,,92–94.9% High occupancy,True,False
2025-26,Q4,March,Y56,R1H,BARTS HEALTH NHS TRUST,2212.766666666667,1930.7111111111112,87.25326263250129,2010.2333333333333,1788.588888888889,88.97419315612892,0.0,0.0,,202.53333333333333,142.12222222222223,70.17226245336845,0.0,0.0,,85–91.9% Moderate-high occupancy,False,False
2025-26,Q4,March,Y56,R1K,LONDON NORTH WEST UNIVERSITY HEALTHCARE NHS TRUST,1103.1888888888889,1051.0111111111112,95.27027707554868,1035.1888888888889,1005.2333333333333,97.10627153391222,0.0,0.0,,68.0,45.77777777777778,67.3202614379085,0.0,0.0,,95%+ Very high occupancy,True,True
2025-26,Q4,March,Y61,R1L,ESSEX PARTNERSHIP UNIVERSITY NHS FOUNDATION TRUST,690.0,630.6222222222223,91.39452495974236,87.0,78.37777777777778,90.08939974457216,17.0,11.933333333333334,70.19607843137256,0.0,0.0,,586.0,540.3111111111111,92.20326128175958,85–91.9% Moderate-high occupancy,False,False
2025-26,Q4,March,Y59,RA2,ROYAL SURREY COUNTY HOSPITAL NHS FOUNDATION TRUST,539.0,469.76666666666665,87.1552257266543,476.0,452.0,94.9579831932773,0.0,0.0,,63.0,17.766666666666666,28.2010582010582,0.0,0.0,,85–91.9% Moderate-high occupancy,False,False
2025-26,Q4,March,Y58,RA7,UNIVERSITY HOSPITALS BRISTOL AND WESTON NHS FOUNDATION TRUST,1094.0444444444445,1005.1222222222223,91.87215632109196,1021.9777777777778,960.5222222222222,93.9866054926178,0.0,0.0,,72.06666666666666,44.6,61.88714153561518,0.0,0.0,,85–91.9% Moderate-high occupancy,False,False
2025-26,Q4,March,Y58,RA9,TORBAY AND SOUTH DEVON NHS FOUNDATION TRUST,385.74444444444447,369.1777777777778,95.70527407322061,385.74444444444447,369.1777777777778,95.70527407322061,0.0,0.0,,0.0,0.0,,0.0,0.0,,95%+ Very high occupancy,True,True
2025-26,Q4,March,Y63,RAE,BRADFORD TEACHING HOSPITALS NHS FOUNDATION TRUST,702.2888888888889,660.8111111111111,94.09391513463912,616.8111111111111,582.0333333333333,94.36168104768252,0.0,0.0,,85.47777777777777,78.77777777777777,92.16170544650981,0.0,0.0,,92–94.9% High occupancy,True,False
2025-26,Q4,March,Y61,RAJ,MID AND SOUTH ESSEX NHS FOUNDATION TRUST,1834.1333333333334,1761.0333333333333,96.01446641465542,1701.1333333333334,1684.2444444444445,99.00719781583518,0.0,0.0,,133.0,76.78888888888889,57.73600668337511,0.0,0.0,,95%+ Very high occupancy,True,True
2025-26,Q4,March,Y56,RAL,ROYAL FREE LONDON NHS FOUNDATION TRUST,1529.0444444444445,1450.7111111111112,94.87697472640866,1410.0444444444445,1390.6444444444444,98.6241568429679,0.0,0.0,,119.0,60.06666666666667,50.476190476190474,0.0,0.0,,92–94.9% High occupancy,True,False
2025-26,Q4,March,Y56,RAN,ROYAL NATIONAL ORTHOPAEDIC HOSPITAL NHS TRUST,175.0222222222222,113.67777777777778,64.95048247841544,175.0222222222222,113.67777777777778,64.95048247841544,0.0,0.0,,0.0,0.0,,0.0,0.0,,Below 85%,False,False
2025-26,Q4,March,Y56,RAS,THE HILLINGDON HOSPITALS NHS FOUNDATION TRUST,460.25555555555553,407.5777777777778,88.55466769669025,397.7,372.65555555555557,93.70267929483418,0.0,0.0,,62.55555555555556,34.922222222222224,55.8259325044405,0.0,0.0,,85–91.9% Moderate-high occupancy,False,False
2025-26,Q4,March,Y56,RAT,NORTH EAST LONDON NHS FOUNDATION TRUST,400.9,364.35555555555555,90.88439899115879,159.96666666666667,145.4,90.89393623671599,0.0,0.0,,0.0,0.0,,240.93333333333334,218.95555555555555,90.87806677734734,85–91.9% Moderate-high occupancy,False,False
2025-26,Q4,March,Y56,RAX,KINGSTON HOSPITAL NHS FOUNDATION TRUST,460.94444444444446,417.56666666666666,90.58936965168132,400.94444444444446,371.03333333333336,92.53983649715948,0.0,0.0,,60.0,46.53333333333333,77.55555555555556,0.0,0.0,,85–91.9% Moderate-high occupancy,False,False
2025-26,Q4,March,Y58,RBD,DORSET COUNTY HOSPITAL NHS FOUNDATION TRUST,365.03333333333336,332.96666666666664,91.21541411743218,333.03333333333336,319.47777777777776,95.92967003636605,0.0,0.0,,32.0,13.488888888888889,42.15277777777778,0.0,0.0,,85–91.9% Moderate-high occupancy,False,False
2025-26,Q4,March,Y60,RBK,WALSALL HEALTHCARE NHS TRUST,504.24444444444447,460.65555555555557,91.35560354325504,478.46666666666664,443.27777777777777,92.64548790116577,0.0,0.0,,25.77777777777778,17.377777777777776,67.41379310344827,0.0,0.0,,85–91.9% Moderate-high occupancy,False,False
2025-26,Q4,March,Y62,RBL,WIRRAL UNIVERSITY TEACHING HOSPITAL NHS FOUNDATION TRUST,817.0888888888888,744.3777777777777,91.10119937991243,785.0888888888888,724.3,92.25706926321152,0.0,0.0,,32.0,20.07777777777778,62.74305555555556,0.0,0.0,,85–91.9% Moderate-high occupancy,False,False
2025-26,Q4,March,Y62,RBN,ST HELENS AND KNOWSLEY HOSPITAL SERVICES NHS TRUST,1265.4222222222222,1204.9333333333334,95.21986513065468,1198.7888888888888,1165.6777777777777,97.23795311935194,0.0,0.0,,66.63333333333334,39.25555555555555,58.912789728197424,0.0,0.0,,95%+ Very high occupancy,True,True
2025-26,Q4,March,Y62,RBQ,LIVERPOOL HEART AND CHEST HOSPITAL NHS FOUNDATION TRUST,173.37777777777777,137.32222222222222,79.2040502435273,173.37777777777777,137.32222222222222,79.2040502435273,0.0,0.0,,0.0,0.0,,0.0,0.0,,Below 85%,False,False
2025-26,Q4,March,Y62,RBS,ALDER HEY CHILDREN'S NHS FOUNDATION TRUST,213.0,154.4111111111111,72.49347939488784,203.0,151.95555555555555,74.85495347564313,0.0,0.0,,0.0,0.0,,10.0,2.4555555555555557,24.555555555555557,Below 85%,False,False
2025-26,Q4,March,Y62,RBT,MID CHESHIRE HOSPITALS NHS FOUNDATION TRUST,559.1,498.94444444444446,89.2406446868976,532.1,497.85555555555555,93.56428407358683,0.0,0.0,,27.0,1.0888888888888888,4.032921810699588,0.0,0.0,,85–91.9% Moderate-high occupancy,False,False
2025-26,Q4,March,Y62,RBV,THE CHRISTIE NHS FOUNDATION TRUST,187.05555555555554,175.34444444444443,93.73923373923374,187.05555555555554,175.34444444444443,93.73923373923374,0.0,0.0,,0.0,0.0,,0.0,0.0,,92–94.9% High occupancy,True,False
2025-26,Q4,March,Y61,RC9,BEDFORDSHIRE HOSPITALS NHS FOUNDATION TRUST,1137.5666666666666,1103.1666666666667,96.97600140651097,1075.8666666666666,1041.4666666666667,96.80257776676169,0.0,0.0,,61.7,61.7,100.0,0.0,0.0,,95%+ Very high occupancy,True,True
2025-26,Q4,March,Y63,RCB,YORK TEACHING HOSPITAL NHS FOUNDATION TRUST,906.5333333333333,848.7222222222222,93.62283669167034,838.8,831.1555555555556,99.08864515445346,0.0,0.0,,67.73333333333333,17.566666666666666,25.935039370078737,0.0,0.0,,92–94.9% High occupancy,True,False
2025-26,Q4,March,Y63,RCD,HARROGATE AND DISTRICT NHS FOUNDATION TRUST,311.7888888888889,294.35555555555555,94.40860981433306,285.02222222222224,281.81111111111113,98.87338219242164,0.0,0.0,,26.766666666666666,12.544444444444444,46.86591946865919,0.0,0.0,,92–94.9% High occupancy,True,False
2025-26,Q4,March,Y63,RCF,AIREDALE NHS FOUNDATION TRUST,409.2111111111111,372.74444444444447,91.08854435363438,380.2111111111111,359.14444444444445,94.45921856278676,0.0,0.0,,29.0,13.6,46.89655172413793,0.0,0.0,,85–91.9% Moderate-high occupancy,False,False
2025-26,Q4,March,Y63,RCU,SHEFFIELD CHILDREN'S NHS FOUNDATION TRUST,166.32222222222222,111.3,66.91829781548535,140.32222222222222,97.38888888888889,69.40375326629187,0.0,0.0,,0.0,0.0,,26.0,13.911111111111111,53.504273504273506,Below 85%,False,False
2025-26,Q4,March,Y61,RCX,"THE QUEEN ELIZABETH HOSPITAL, KING'S LYNN, NHS FOUNDATION TRUST",508.56666666666666,500.26666666666665,98.36796224683752,489.56666666666666,487.47777777777776,99.57331880801615,0.0,0.0,,19.0,12.78888888888889,67.30994152046785,0.0,0.0,,95%+ Very high occupancy,True,True
2025-26,Q4,March,Y58,RD1,ROYAL UNITED HOSPITALS BATH NHS FOUNDATION TRUST,567.7666666666667,530.4555555555555,93.4284428266698,509.76666666666665,497.15555555555557,97.5261012663746,0.0,0.0,,58.0,33.3,57.41379310344827,0.0,0.0,,92–94.9% High occupancy,True,False
2025-26,Q4,March,Y61,RD8,MILTON KEYNES UNIVERSITY HOSPITAL NHS FOUNDATION TRUST,615.0,527.8333333333334,85.82655826558266,572.0,493.18888888888887,86.22183372183372,0.0,0.0,,43.0,34.644444444444446,80.56847545219638,0.0,0.0,,85–91.9% Moderate-high occupancy,False,False
2025-26,Q4,March,Y61,RDE,EAST SUFFOLK AND NORTH ESSEX NHS FOUNDATION TRUST,1298.4222222222222,1224.7333333333333,94.32473600438138,1233.2888888888888,1182.1,95.8493999783776,0.0,0.0,,65.13333333333334,42.63333333333333,65.45547594677583,0.0,0.0,,92–94.9% High occupancy,True,False
2025-26,Q4,March,Y59,RDU,FRIMLEY HEALTH NHS FOUNDATION TRUST,1520.3222222222223,1300.4444444444443,85.53742262239729,1389.5555555555557,1240.1555555555556,89.24836078682232,0.0,0.0,,130.76666666666668,60.28888888888889,46.10417197722831,0.0,0.0,,85–91.9% Moderate-high occupancy,False,False
2025-26,Q4,March,Y58,RDY,DORSET HEALTHCARE UNIVERSITY NHS FOUNDATION TRUST,202.06666666666666,182.34444444444443,90.2397448586825,0.0,0.0,,0.0,0.0,,0.0,0.0,,202.06666666666666,182.34444444444443,90.2397448586825,85–91.9% Moderate-high occupancy,False,False
2025-26,Q4,March,Y58,REF,ROYAL CORNWALL HOSPITALS NHS TRUST,745.6777777777778,700.3333333333334,93.91902966726767,673.4222222222222,671.0444444444445,99.64691129883845,0.0,0.0,,72.25555555555556,29.288888888888888,40.535137628786714,0.0,0.0,,92–94.9% High occupancy,True,False
2025-26,Q4,March,Y62,REM,LIVERPOOL UNIVERSITY HOSPITALS NHS FOUNDATION TRUST,1533.6333333333334,1477.4222222222222,96.33477508023792,1533.6333333333334,1477.4222222222222,96.33477508023792,0.0,0.0,,0.0,0.0,,0.0,0.0,,95%+ Very high occupancy,True,True
2025-26,Q4,March,Y62,REN,THE CLATTERBRIDGE CANCER CENTRE NHS FOUNDATION TRUST,95.0,86.3,90.84210526315789,95.0,86.3,90.84210526315789,0.0,0.0,,0.0,0.0,,0.0,0.0,,85–91.9% Moderate-high occupancy,False,False
2025-26,Q4,March,Y62,REP,LIVERPOOL WOMEN'S NHS FOUNDATION TRUST,110.95555555555555,77.97777777777777,70.27838974564389,22.355555555555554,14.055555555555555,62.8727634194831,0.0,0.0,,88.6,63.922222222222224,72.14697767745173,0.0,0.0,,Below 85%,False,False
2025-26,Q4,March,Y62,RET,THE WALTON CENTRE NHS FOUNDATION TRUST,158.0,129.83333333333334,82.17299578059072,158.0,129.83333333333334,82.17299578059072,0.0,0.0,,0.0,0.0,,0.0,0.0,,Below 85%,False,False
2025-26,Q4,March,Y56,RF4,"BARKING, HAVERING AND REDBRIDGE UNIVERSITY HOSPITALS NHS TRUST",963.3888888888889,935.7777777777778,97.13395997923996,896.0,868.6444444444444,96.9469246031746,0.0,0.0,,67.38888888888889,67.13333333333334,99.62077493816984,0.0,0.0,,95%+ Very high occupancy,True,True
2025-26,Q4,March,Y63,RFF,BARNSLEY HOSPITAL NHS FOUNDATION TRUST,508.74444444444447,456.24444444444447,89.68047699128574,476.74444444444447,436.44444444444446,91.54683384995455,0.0,0.0,,32.0,19.8,61.875,0.0,0.0,,85–91.9% Moderate-high occupancy,False,False
2025-26,Q4,March,Y63,RFR,THE ROTHERHAM NHS FOUNDATION TRUST,498.97777777777776,459.35555555555555,92.05932127905942,475.6333333333333,439.05555555555554,92.30966897937253,0.0,0.0,,23.344444444444445,20.3,86.95859114707282,0.0,0.0,,92–94.9% High occupancy,True,False
2025-26,Q4,March,Y60,RFS,CHESTERFIELD ROYAL HOSPITAL NHS FOUNDATION TRUST,589.1888888888889,528.6777777777778,89.72976031078508,555.1888888888889,506.5444444444444,91.23821722336743,0.0,0.0,,34.0,22.133333333333333,65.09803921568627,0.0,0.0,,85–91.9% Moderate-high occupancy,False,False
2025-26,Q4,March,Y63,RGD,LEEDS AND YORK PARTNERSHIP NHS FOUNDATION TRUST,390.81111111111113,360.93333333333334,92.35493133937963,0.0,0.0,,10.0,7.0,70.0,0.0,0.0,,380.81111111111113,353.93333333333334,92.94196597905055,92–94.9% High occupancy,True,False
2025-26,Q4,March,Y61,RGM,ROYAL PAPWORTH HOSPITAL NHS FOUNDATION TRUST,244.63333333333333,183.9777777777778,75.20552300495072,244.63333333333333,183.9777777777778,75.20552300495072,0.0,0.0,,0.0,0.0,,0.0,0.0,,Below 85%,False,False
2025-26,Q4,March,Y61,RGN,NORTH WEST ANGLIA NHS FOUNDATION TRUST,1108.7777777777778,879.5,79.3215753081471,999.7777777777778,879.5,87.96954878861969,0.0,0.0,,109.0,0.0,0.0,0.0,0.0,,Below 85%,False,False
2025-26,Q4,March,Y61,RGP,JAMES PAGET UNIVERSITY HOSPITALS NHS FOUNDATION TRUST,0.0,0.0,,0.0,0.0,,0.0,0.0,,0.0,0.0,,0.0,0.0,,,False,False
2025-26,Q4,March,Y61,RGR,WEST SUFFOLK NHS FOUNDATION TRUST,526.8444444444444,463.9222222222222,88.05677408469715,485.84444444444443,448.03333333333336,92.21744499839913,0.0,0.0,,41.0,15.88888888888889,38.75338753387534,0.0,0.0,,85–91.9% Moderate-high occupancy,False,False
2025-26,Q4,March,Y61,RGT,CAMBRIDGE UNIVERSITY HOSPITALS NHS FOUNDATION TRUST,1127.111111111111,1001.8,88.8820977917981,1067.588888888889,952.8777777777777,89.25512317475514,0.0,0.0,,59.522222222222226,48.922222222222224,82.19152510733619,0.0,0.0,,85–91.9% Moderate-high occupancy,False,False
2025-26,Q4,March,Y58,RH5,SOMERSET NHS FOUNDATION TRUST,1315.1,1151.8333333333333,87.58522799280156,1144.0666666666666,1015.1888888888889,88.73511644620554,0.0,0.0,,53.0,30.3,57.16981132075472,118.03333333333333,106.34444444444445,90.09695942765697,85–91.9% Moderate-high occupancy,False,False
2025-26,Q4,March,Y58,RH8,ROYAL DEVON AND EXETER NHS FOUNDATION TRUST,1160.9555555555555,1062.5777777777778,91.52613747296289,1100.6333333333334,1041.8333333333333,94.65762136951452,0.0,0.0,,60.32222222222222,20.744444444444444,34.389390311291216,0.0,0.0,,85–91.9% Moderate-high occupancy,False,False
2025-26,Q4,March,Y60,RHA,NOTTINGHAMSHIRE HEALTHCARE NHS FOUNDATION TRUST,885.5333333333333,707.5222222222222,79.89786443825442,12.133333333333333,9.488888888888889,78.2051282051282,59.31111111111111,54.91111111111111,92.58149119520421,0.0,0.0,,814.0888888888888,643.1222222222223,78.99901730632747,Below 85%,False,False
2025-26,Q4,March,Y59,RHM,UNIVERSITY HOSPITAL SOUTHAMPTON NHS FOUNDATION TRUST,1284.2888888888888,1083.4555555555555,84.36229301126434,1228.9333333333334,1045.7555555555555,85.094571624896,0.0,0.0,,55.355555555555554,37.7,68.10517864311521,0.0,0.0,,Below 85%,False,False
2025-26,Q4,March,Y63,RHQ,SHEFFIELD TEACHING HOSPITALS NHS FOUNDATION TRUST,1639.5444444444445,1445.6444444444444,88.17354414166536,1517.8,1374.9,90.58505731980499,0.0,0.0,,121.74444444444444,70.74444444444444,58.108971433786614,0.0,0.0,,85–91.9% Moderate-high occupancy,False,False
2025-26,Q4,March,Y59,RHU,PORTSMOUTH HOSPITALS UNIVERSITY NATIONAL HEALTH SERVICE TRUST,1178.2666666666667,1112.6,94.42684168835576,1134.2666666666667,1070.9888888888888,94.42126092237764,0.0,0.0,,44.0,41.611111111111114,94.57070707070709,0.0,0.0,,92–94.9% High occupancy,True,False
2025-26,Q4,March,Y59,RHW,ROYAL BERKSHIRE NHS FOUNDATION TRUST,665.5333333333333,660.6777777777778,99.27042639153228,612.4111111111112,611.2,99.80223887366874,0.0,0.0,,53.12222222222222,49.477777777777774,93.13951056264379,0.0,0.0,,95%+ Very high occupancy,True,True
2025-26,Q4,March,Y56,RJ1,GUY'S AND ST THOMAS' NHS FOUNDATION TRUST,1292.9444444444443,1095.7888888888888,84.75142869419498,1216.9444444444443,1032.8111111111111,84.86920794339193,0.0,0.0,,76.0,62.977777777777774,82.86549707602339,0.0,0.0,,Below 85%,False,False
2025-26,Q4,March,Y56,RJ2,LEWISHAM AND GREENWICH NHS TRUST,1059.0666666666666,990.7333333333333,93.54777791766335,984.9,928.6,94.28368362270282,0.0,0.0,,74.16666666666667,62.13333333333333,83.7752808988764,0.0,0.0,,92–94.9% High occupancy,True,False
2025-26,Q4,March,Y56,RJ6,CROYDON HEALTH SERVICES NHS TRUST,491.85555555555555,459.5777777777778,93.43754941604355,433.85555555555555,426.5111111111111,98.30716828437525,0.0,0.0,,58.0,33.06666666666667,57.011494252873575,0.0,0.0,,92–94.9% High occupancy,True,False
2025-26,Q4,March,Y56,RJ7,ST GEORGE'S UNIVERSITY HOSPITALS NHS FOUNDATION TRUST,889.0,842.9888888888889,94.82439695038121,826.0,813.6111111111111,98.50013451708367,0.0,0.0,,63.0,29.377777777777776,46.63139329805996,0.0,0.0,,92–94.9% High occupancy,True,False
2025-26,Q4,March,Y58,RJ8,CORNWALL PARTNERSHIP NHS FOUNDATION TRUST,170.95555555555555,157.12222222222223,91.90822825945666,57.333333333333336,56.31111111111111,98.21705426356588,0.0,0.0,,0.0,0.0,,113.62222222222222,100.81111111111112,88.7248190885977,85–91.9% Moderate-high occupancy,False,False
2025-26,Q4,March,Y60,RJC,SOUTH WARWICKSHIRE NHS FOUNDATION TRUST,483.93333333333334,439.4222222222222,90.8022225283556,443.93333333333334,404.25555555555553,91.06222155478801,0.0,0.0,,40.0,35.166666666666664,87.91666666666667,0.0,0.0,,85–91.9% Moderate-high occupancy,False,False
2025-26,Q4,March,Y60,RJE,UNIVERSITY HOSPITALS OF NORTH MIDLANDS NHS TRUST,1418.5,1261.611111111111,88.93980339168918,1354.5,1261.611111111111,93.14220089413887,0.0,0.0,,64.0,0.0,0.0,0.0,0.0,,85–91.9% Moderate-high occupancy,False,False
2025-26,Q4,March,Y63,RJL,NORTHERN LINCOLNSHIRE AND GOOLE NHS FOUNDATION TRUST,676.4888888888889,520.1777777777778,76.8937651928257,604.7,477.6222222222222,78.98498796464729,0.0,0.0,,71.78888888888889,42.55555555555556,59.27874941959449,0.0,0.0,,Below 85%,False,False
2025-26,Q4,March,Y62,RJN,EAST CHESHIRE NHS TRUST,332.0,283.23333333333335,85.31124497991969,307.0,281.5444444444444,91.70828809265291,0.0,0.0,,25.0,1.6888888888888889,6.755555555555555,0.0,0.0,,85–91.9% Moderate-high occupancy,False,False
2025-26,Q4,March,Y62,RJR,COUNTESS OF CHESTER HOSPITAL NHS FOUNDATION TRUST,560.7111111111111,535.6111111111111,95.52354153455929,519.7111111111111,516.2777777777778,99.33937657673067,0.0,0.0,,41.0,19.333333333333332,47.15447154471544,0.0,0.0,,95%+ Very high occupancy,True,True
2025-26,Q4,March,Y56,RJZ,KING'S COLLEGE HOSPITAL NHS FOUNDATION TRUST,1477.0,1298.8,87.93500338524035,1357.0,1232.0111111111112,90.78932285269795,0.0,0.0,,120.0,66.78888888888889,55.65740740740741,0.0,0.0,,85–91.9% Moderate-high occupancy,False,False
2025-26,Q4,March,Y60,RK5,SHERWOOD FOREST HOSPITALS NHS FOUNDATION TRUST,767.8333333333334,698.1111111111111,90.91961507850372,712.8333333333334,668.7444444444444,93.81497934689423,0.0,0.0,,55.0,29.366666666666667,53.39393939393939,0.0,0.0,,85–91.9% Moderate-high occupancy,False,False
2025-26,Q4,March,Y58,RK9,UNIVERSITY HOSPITALS PLYMOUTH NHS TRUST,1135.3444444444444,1027.3111111111111,90.48453234945832,1077.3444444444444,979.3777777777777,90.90665319045802,0.0,0.0,,58.0,47.93333333333333,82.64367816091954,0.0,0.0,,85–91.9% Moderate-high occupancy,False,False
2025-26,Q4,March,Y60,RKB,UNIVERSITY HOSPITALS COVENTRY AND WARWICKSHIRE NHS TRUST,1150.388888888889,1084.1333333333334,94.24059496788526,1075.388888888889,1060.388888888889,98.60515575760706,0.0,0.0,,75.0,23.744444444444444,31.659259259259258,0.0,0.0,,92–94.9% High occupancy,True,False
2025-26,Q4,March,Y56,RKE,WHITTINGTON HEALTH NHS TRUST,300.2111111111111,275.97777777777776,91.92790258706836,268.2111111111111,249.13333333333333,92.88702928870293,0.0,0.0,,32.0,26.844444444444445,83.88888888888889,0.0,0.0,,85–91.9% Moderate-high occupancy,False,False
2025-26,Q4,March,Y56,RKL,WEST LONDON MENTAL HEALTH NHS TRUST,749.7777777777778,670.6777777777778,89.45020746887965,69.41111111111111,53.91111111111111,77.6692812550024,0.0,0.0,,0.0,0.0,,680.3666666666667,616.7666666666667,90.6520993581892,85–91.9% Moderate-high occupancy,False,False
2025-26,Q4,March,Y60,RL1,THE ROBERT JONES AND AGNES HUNT ORTHOPAEDIC HOSPITAL NHS FOUNDATION TRUST,132.37777777777777,104.67777777777778,79.07503777068995,132.37777777777777,104.67777777777778,79.07503777068995,0.0,0.0,,0.0,0.0,,0.0,0.0,,Below 85%,False,False
2025-26,Q4,March,Y60,RL4,THE ROYAL WOLVERHAMPTON NHS TRUST,873.1888888888889,811.7888888888889,92.96830264547572,822.0777777777778,778.6,94.71123305445552,0.0,0.0,,51.111111111111114,33.18888888888889,64.93478260869566,0.0,0.0,,92–94.9% High occupancy,True,False
2025-26,Q4,March,Y60,RLQ,WYE VALLEY NHS TRUST,315.24444444444447,292.1777777777778,92.6829268292683,298.24444444444447,283.43333333333334,95.03390209373369,0.0,0.0,,17.0,8.744444444444444,51.43790849673202,0.0,0.0,,92–94.9% High occupancy,True,False
2025-26,Q4,March,Y60,RLT,GEORGE ELIOT HOSPITAL NHS TRUST,427.1111111111111,420.46666666666664,98.44432882414151,404.1111111111111,397.46666666666664,98.35578773714599,0.0,0.0,,23.0,23.0,100.0,0.0,0.0,,95%+ Very high occupancy,True,True
2025-26,Q4,March,Y60,RLY,NORTH STAFFORDSHIRE COMBINED HEALTHCARE NHS TRUST,153.37777777777777,134.82222222222222,87.90205737467402,0.0,0.0,,9.0,7.0777777777777775,78.64197530864197,0.0,0.0,,144.37777777777777,127.74444444444444,88.47929813760197,85–91.9% Moderate-high occupancy,False,False
2025-26,Q4,March,Y61,RM1,NORFOLK AND NORWICH UNIVERSITY HOSPITALS NHS FOUNDATION TRUST,995.2666666666667,941.3666666666667,94.58436599906223,915.5888888888888,902.6,98.58136232904143,0.0,0.0,,79.67777777777778,38.766666666666666,48.6543020499233,0.0,0.0,,92–94.9% High occupancy,True,False
2025-26,Q4,March,Y62,RM3,NORTHERN CARE ALLIANCE NHS FOUNDATION TRUST,1598.5666666666666,1479.2666666666667,92.537064453573,1532.7444444444445,1430.4333333333334,93.32497263441756,0.0,0.0,,65.82222222222222,48.833333333333336,74.18973666441595,0.0,0.0,,92–94.9% High occupancy,True,False
2025-26,Q4,March,Y62,RMC,BOLTON NHS FOUNDATION TRUST,650.7888888888889,574.3222222222222,88.25015792798483,597.7888888888889,528.4888888888889,88.40727867511757,0.0,0.0,,53.0,45.833333333333336,86.47798742138365,0.0,0.0,,85–91.9% Moderate-high occupancy,False,False
2025-26,Q4,March,Y62,RMP,TAMESIDE AND GLOSSOP INTEGRATED CARE NHS FOUNDATION TRUST,476.34444444444443,438.23333333333335,91.99925357467752,449.76666666666665,421.3888888888889,93.69055559672917,0.0,0.0,,26.57777777777778,16.844444444444445,63.37792642140469,0.0,0.0,,85–91.9% Moderate-high occupancy,False,False
2025-26,Q4,March,Y61,RMY,NORFOLK AND SUFFOLK NHS FOUNDATION TRUST,415.3222222222222,359.46666666666664,86.5512721046577,0.0,0.0,,6.0,3.1222222222222222,52.03703703703704,0.0,0.0,,409.3222222222222,356.34444444444443,87.05719482070631,85–91.9% Moderate-high occupancy,False,False
2025-26,Q4,March,Y58,RN3,GREAT WESTERN HOSPITALS NHS FOUNDATION TRUST,614.9555555555555,589.5,95.86058613088571,584.8777777777777,564.5666666666667,96.52728965215907,0.0,0.0,,30.0,24.855555555555554,82.85185185185185,0.07777777777777778,0.07777777777777778,100.0,95%+ Very high occupancy,True,True
2025-26,Q4,March,Y59,RN5,HAMPSHIRE HOSPITALS NHS FOUNDATION TRUST,954.0444444444445,807.1555555555556,84.60355911674276,858.9555555555555,775.6111111111111,90.29700152640157,4.0,0.18888888888888888,4.722222222222222,91.08888888888889,31.355555555555554,34.42303000731886,0.0,0.0,,Below 85%,False,False
2025-26,Q4,March,Y59,RN7,DARTFORD AND GRAVESHAM NHS TRUST,592.1555555555556,557.6222222222223,94.16819904679701,556.1555555555556,523.4888888888889,94.12634354896711,0.0,0.0,,36.0,34.13333333333333,94.81481481481482,0.0,0.0,,92–94.9% High occupancy,True,False
2025-26,Q4,March,Y61,RNA,THE DUDLEY GROUP NHS FOUNDATION TRUST,0.0,0.0,,0.0,0.0,,0.0,0.0,,0.0,0.0,,0.0,0.0,,,False,False
2025-26,Q4,March,Y63,RNN,NORTH CUMBRIA INTEGRATED CARE NHS FOUNDATION TRUST,650.0333333333333,558.2111111111111,85.87422867203391,611.0333333333333,538.5777777777778,88.1421271798229,0.0,0.0,,39.0,19.633333333333333,50.34188034188034,0.0,0.0,,85–91.9% Moderate-high occupancy,False,False
2025-26,Q4,March,Y60,RNQ,KETTERING GENERAL HOSPITAL NHS FOUNDATION TRUST,575.5222222222222,540.8,93.96683205591057,526.5222222222222,512.7222222222222,97.37902800346086,0.0,0.0,,49.0,28.07777777777778,57.30158730158731,0.0,0.0,,92–94.9% High occupancy,True,False
2025-26,Q4,March,Y60,RNS,NORTHAMPTON GENERAL HOSPITAL NHS TRUST,778.2444444444444,678.2333333333333,87.1491390879758,708.2444444444444,638.7555555555556,90.1885726836309,0.0,0.0,,70.0,39.477777777777774,56.39682539682539,0.0,0.0,,85–91.9% Moderate-high occupancy,False,False
2025-26,Q4,March,Y59,RNU,OXFORD HEALTH NHS FOUNDATION TRUST,524.8333333333334,344.74444444444447,65.68646131046893,109.37777777777778,2.022222222222222,1.8488419341731004,10.0,6.722222222222222,67.22222222222223,0.0,0.0,,405.4555555555556,336.0,82.86974870516018,Below 85%,False,False
2025-26,Q4,March,Y58,RNZ,SALISBURY NHS FOUNDATION TRUST,472.35555555555555,437.03333333333336,92.52211140383892,448.35555555555555,419.9,93.65335051546391,0.0,0.0,,24.0,17.133333333333333,71.38888888888889,0.0,0.0,,92–94.9% High occupancy,True,False
2025-26,Q4,March,Y60,RP1,NORTHAMPTONSHIRE HEALTHCARE NHS FOUNDATION TRUST,430.6333333333333,365.93333333333334,84.97561730784116,224.67777777777778,194.92222222222222,86.75634241629989,0.0,0.0,,0.0,0.0,,205.95555555555555,171.01111111111112,83.03301683211049,Below 85%,False,False
2025-26,Q4,March,Y56,RP4,GREAT ORMOND STREET HOSPITAL FOR CHILDREN NHS FOUNDATION TRUST,224.85555555555555,179.23333333333332,79.71043138805159,216.85555555555555,174.3111111111111,80.38120612799098,0.0,0.0,,0.0,0.0,,8.0,4.9222222222222225,61.52777777777778,Below 85%,False,False
2025-26,Q4,March,Y63,RP5,DONCASTER AND BASSETLAW TEACHING HOSPITALS NHS FOUNDATION TRUST,831.7777777777778,769.2444444444444,92.48196633716269,754.7777777777778,722.8222222222222,95.76622994258794,0.0,0.0,,77.0,46.422222222222224,60.28860028860029,0.0,0.0,,92–94.9% High occupancy,True,False
2025-26,Q4,March,Y56,RP6,MOORFIELDS EYE HOSPITAL NHS FOUNDATION TRUST,9.88888888888889,2.7222222222222223,27.52808988764045,9.88888888888889,2.7222222222222223,27.52808988764045,0.0,0.0,,0.0,0.0,,0.0,0.0,,Below 85%,False,False
2025-26,Q4,March,Y60,RP7,LINCOLNSHIRE PARTNERSHIP NHS FOUNDATION TRUST,190.45555555555555,167.65555555555557,88.02870310950354,0.0,0.0,,0.0,0.0,,0.0,0.0,,190.45555555555555,167.65555555555557,88.02870310950354,85–91.9% Moderate-high occupancy,False,False
2025-26,Q4,March,Y59,RPA,MEDWAY NHS FOUNDATION TRUST,642.1111111111111,552.3333333333334,86.0183422737498,595.7444444444444,521.9333333333333,87.61027286121939,0.0,0.0,,46.36666666666667,30.4,65.56434219985621,0.0,0.0,,85–91.9% Moderate-high occupancy,False,False
2025-26,Q4,March,Y59,RPC,QUEEN VICTORIA HOSPITAL NHS FOUNDATION TRUST,51.17777777777778,27.955555555555556,54.62440295267042,51.17777777777778,27.955555555555556,54.62440295267042,0.0,0.0,,0.0,0.0,,0.0,0.0,,Below 85%,False,False
2025-26,Q4,March,Y56,RPG,OXLEAS NHS FOUNDATION TRUST,382.0,340.7,89.18848167539267,0.0,0.0,,0.0,0.0,,0.0,0.0,,382.0,340.7,89.18848167539267,85–91.9% Moderate-high occupancy,False,False
2025-26,Q4,March,Y56,RPY,THE ROYAL MARSDEN NHS FOUNDATION TRUST,214.2888888888889,189.2111111111111,88.2972104116976,214.2888888888889,189.2111111111111,88.2972104116976,0.0,0.0,,0.0,0.0,,0.0,0.0,,85–91.9% Moderate-high occupancy,False,False
2025-26,Q4,March,Y61,RQ3,BIRMINGHAM WOMEN'S AND CHILDREN'S NHS FOUNDATION TRUST,0.0,0.0,,0.0,0.0,,0.0,0.0,,0.0,0.0,,0.0,0.0,,,False,False
2025-26,Q4,March,Y56,RQM,CHELSEA AND WESTMINSTER HOSPITAL NHS FOUNDATION TRUST,877.1666666666666,851.1,97.02831084932548,786.1666666666666,785.4555555555555,99.90954702847856,0.0,0.0,,91.0,65.64444444444445,72.13675213675214,0.0,0.0,,95%+ Very high occupancy,True,True
2025-26,Q4,March,Y61,RQW,THE PRINCESS ALEXANDRA HOSPITAL NHS TRUST,498.0,460.6111111111111,92.49219098616689,451.0,432.4,95.87583148558758,0.0,0.0,,47.0,28.211111111111112,60.023640661938536,0.0,0.0,,92–94.9% High occupancy,True,False
2025-26,Q4,March,Y56,RQX,HOMERTON UNIVERSITY HOSPITAL NHS FOUNDATION TRUST,321.2111111111111,279.85555555555555,87.12511674565015,279.3,247.75555555555556,88.70589171341051,0.0,0.0,,41.91111111111111,32.1,76.59066808059384,0.0,0.0,,85–91.9% Moderate-high occupancy,False,False
2025-26,Q4,March,Y56,RQY,SOUTH WEST LONDON AND ST GEORGE'S MENTAL HEALTH NHS TRUST,351.23333333333335,312.2111111111111,88.88994337414191,0.0,0.0,,12.0,11.933333333333334,99.44444444444444,0.0,0.0,,339.23333333333335,300.27777777777777,88.51658969571909,85–91.9% Moderate-high occupancy,False,False
2025-26,Q4,March,Y63,RR7,GATESHEAD HEALTH NHS FOUNDATION TRUST,491.74444444444447,464.8777777777778,94.53645750954651,449.74444444444447,435.7111111111111,96.87970946463423,0.0,0.0,,16.0,12.377777777777778,77.36111111111111,26.0,16.788888888888888,64.57264957264957,92–94.9% High occupancy,True,False
2025-26,Q4,March,Y63,RR8,LEEDS TEACHING HOSPITALS NHS TRUST,1931.7,1775.5444444444445,91.91615905391336,1788.611111111111,1721.7222222222222,96.26028886473054,0.0,0.0,,143.0888888888889,53.82222222222222,37.61453641869855,0.0,0.0,,85–91.9% Moderate-high occupancy,False,False
2025-26,Q4,March,Y60,RRE,MIDLANDS PARTNERSHIP NHS FOUNDATION TRUST,486.5111111111111,436.81111111111113,89.78440597451241,179.0,171.8,95.97765363128492,12.0,10.0,83.33333333333334,0.0,0.0,,295.5111111111111,255.01111111111112,86.29493156865693,85–91.9% Moderate-high occupancy,False,False
2025-26,Q4,March,Y62,RRF,"WRIGHTINGTON, WIGAN AND LEIGH NHS FOUNDATION TRUST",422.56666666666666,349.9,82.803502405932,422.56666666666666,349.9,82.803502405932,0.0,0.0,,0.0,0.0,,0.0,0.0,,Below 85%,False,False
2025-26,Q4,March,Y60,RRJ,THE ROYAL ORTHOPAEDIC HOSPITAL NHS FOUNDATION TRUST,107.8,80.43333333333334,74.6134817563389,107.8,80.43333333333334,74.6134817563389,0.0,0.0,,0.0,0.0,,0.0,0.0,,Below 85%,False,False
2025-26,Q4,March,Y60,RRK,UNIVERSITY HOSPITALS BIRMINGHAM NHS FOUNDATION TRUST,2886.0,2790.633333333333,96.69554169554169,2769.0,2682.3888888888887,96.87211588620038,0.0,0.0,,117.0,108.24444444444444,92.51661918328584,0.0,0.0,,95%+ Very high occupancy,True,True
2025-26,Q4,March,Y56,RRV,UNIVERSITY COLLEGE LONDON HOSPITALS NHS FOUNDATION TRUST,899.2777777777778,696.0444444444445,77.40038302341385,855.2777777777778,678.1222222222223,79.28678142253979,0.0,0.0,,32.0,11.044444444444444,34.513888888888886,12.0,6.877777777777778,57.31481481481482,Below 85%,False,False
2025-26,Q4,March,Y61,RT1,CAMBRIDGESHIRE AND PETERBOROUGH NHS FOUNDATION TRUST,302.5777777777778,264.64444444444445,87.46327849588718,96.05555555555556,85.57777777777778,89.09196067090804,6.0,2.4,40.0,0.0,0.0,,200.5222222222222,176.66666666666666,88.10328586468665,85–91.9% Moderate-high occupancy,False,False
2025-26,Q4,March,Y62,RT2,PENNINE CARE NHS FOUNDATION TRUST,487.0,443.1777777777778,91.00159707962582,0.0,0.0,,0.0,0.0,,0.0,0.0,,487.0,443.1777777777778,91.00159707962582,85–91.9% Moderate-high occupancy,False,False
2025-26,Q4,March,Y63,RTD,THE NEWCASTLE UPON TYNE HOSPITALS NHS FOUNDATION TRUST,1562.611111111111,1306.5,83.61005439613183,1454.7777777777778,1256.1333333333334,86.34537539143054,0.0,0.0,,107.83333333333333,50.36666666666667,46.70788253477589,0.0,0.0,,Below 85%,False,False
2025-26,Q4,March,Y58,RTE,GLOUCESTERSHIRE HOSPITALS NHS FOUNDATION TRUST,852.5222222222222,765.5111111111111,89.79368410077286,806.5222222222222,741.9666666666667,91.99581192224503,0.0,0.0,,46.0,23.544444444444444,51.18357487922706,0.0,0.0,,85–91.9% Moderate-high occupancy,False,False
2025-26,Q4,March,Y63,RTF,NORTHUMBRIA HEALTHCARE NHS FOUNDATION TRUST,939.8,832.9333333333333,88.62878626658154,874.6666666666666,784.0333333333333,89.63795731707317,0.0,0.0,,37.13333333333333,28.766666666666666,77.4685816876122,28.0,20.133333333333333,71.9047619047619,85–91.9% Moderate-high occupancy,False,False
2025-26,Q4,March,Y60,RTG,UNIVERSITY HOSPITALS OF DERBY AND BURTON NHS FOUNDATION TRUST,1591.7444444444445,1454.6,91.3840161388274,1472.2111111111112,1393.8777777777777,94.67920512607641,0.0,0.0,,119.53333333333333,60.72222222222222,50.79940509388362,0.0,0.0,,85–91.9% Moderate-high occupancy,False,False
2025-26,Q4,March,Y59,RTH,OXFORD UNIVERSITY HOSPITALS NHS FOUNDATION TRUST,1103.1333333333334,978.7444444444444,88.72403859712736,1026.1333333333334,931.6333333333333,90.79067047817047,0.0,0.0,,77.0,47.111111111111114,61.18326118326118,0.0,0.0,,85–91.9% Moderate-high occupancy,False,False
2025-26,Q4,March,Y59,RTK,ASHFORD AND ST PETER'S HOSPITALS NHS FOUNDATION TRUST,527.2222222222222,475.3888888888889,90.16859852476293,473.22222222222223,435.4555555555556,92.01925334585583,0.0,0.0,,54.0,39.93333333333333,73.95061728395062,0.0,0.0,,85–91.9% Moderate-high occupancy,False,False
2025-26,Q4,March,Y59,RTP,SURREY AND SUSSEX HEALTHCARE NHS TRUST,695.1888888888889,637.5444444444445,91.70808892866847,660.1888888888889,616.9111111111112,93.44463705673462,0.0,0.0,,35.0,20.633333333333333,58.952380952380956,0.0,0.0,,85–91.9% Moderate-high occupancy,False,False
2025-26,Q4,March,Y58,RTQ,GLOUCESTERSHIRE HEALTH AND CARE NHS FOUNDATION TRUST,162.92222222222222,149.93333333333334,92.02755234263111,0.0,0.0,,6.955555555555556,1.2777777777777777,18.37060702875399,0.0,0.0,,155.96666666666667,148.65555555555557,95.31238868704139,92–94.9% High occupancy,True,False
2025-26,Q4,March,Y63,RTR,SOUTH TEES HOSPITALS NHS FOUNDATION TRUST,996.9888888888889,878.1666666666666,88.08189102742702,956.2333333333333,849.1666666666666,88.80329068916232,0.0,0.0,,40.75555555555555,29.0,71.15594329334787,0.0,0.0,,85–91.9% Moderate-high occupancy,False,False
2025-26,Q4,March,Y62,RTX,UNIVERSITY HOSPITALS OF MORECAMBE BAY NHS FOUNDATION TRUST,0.0,0.0,,0.0,0.0,,0.0,0.0,,0.0,0.0,,0.0,0.0,,,False,False
2025-26,Q4,March,Y56,RV3,CENTRAL AND NORTH WEST LONDON NHS FOUNDATION TRUST,658.8777777777777,586.4111111111112,89.0015008684801,73.35555555555555,68.4,93.24447137231144,4.0,1.4444444444444444,36.11111111111111,0.0,0.0,,581.5222222222222,516.5666666666667,88.83008196877927,85–91.9% Moderate-high occupancy,False,False
2025-26,Q4,March,Y63,RV9,HUMBER TEACHING NHS FOUNDATION TRUST,196.0,155.76666666666668,79.47278911564626,0.0,0.0,,14.0,4.766666666666667,34.04761904761905,0.0,0.0,,182.0,151.0,82.96703296703298,Below 85%,False,False
2025-26,Q4,March,Y58,RVJ,NORTH BRISTOL NHS TRUST,1066.2333333333333,1016.0333333333333,95.29183730890674,993.2333333333333,958.9777777777778,96.55110693470259,0.0,0.0,,61.0,54.44444444444444,89.25318761384335,12.0,2.611111111111111,21.75925925925926,95%+ Very high occupancy,True,True
2025-26,Q4,March,Y58,RVN,AVON AND WILTSHIRE MENTAL HEALTH PARTNERSHIP NHS TRUST,488.0,442.9888888888889,90.7764116575592,0.0,0.0,,0.0,0.0,,0.0,0.0,,488.0,442.9888888888889,90.7764116575592,85–91.9% Moderate-high occupancy,False,False
2025-26,Q4,March,Y56,RVR,EPSOM AND ST HELIER UNIVERSITY HOSPITALS NHS TRUST,802.2555555555556,636.2555555555556,79.30833898868468,707.2555555555556,605.3888888888889,85.59690823684664,0.0,0.0,,95.0,30.866666666666667,32.49122807017544,0.0,0.0,,Below 85%,False,False
2025-26,Q4,March,Y59,RVV,EAST KENT HOSPITALS UNIVERSITY NHS FOUNDATION TRUST,1127.6444444444444,1016.6111111111111,90.15351568658365,1045.9888888888888,968.5444444444445,92.59605477007405,0.0,0.0,,81.65555555555555,48.06666666666667,58.86515172132264,0.0,0.0,,85–91.9% Moderate-high occupancy,False,False
2025-26,Q4,March,Y63,RVW,NORTH TEES AND HARTLEPOOL NHS FOUNDATION TRUST,577.4444444444445,513.3333333333334,88.8974408312488,534.0444444444445,500.35555555555555,93.69174434087883,0.0,0.0,,43.4,12.977777777777778,29.902713773681516,0.0,0.0,,85–91.9% Moderate-high occupancy,False,False
2025-26,Q4,March,Y59,RW1,SOUTHERN HEALTH NHS FOUNDATION TRUST,708.0333333333333,633.0888888888888,89.41512483718594,185.94444444444446,174.9777777777778,94.10218105766359,9.922222222222222,6.111111111111111,61.59014557670772,0.0,0.0,,512.1666666666666,452.0,88.25252196550602,85–91.9% Moderate-high occupancy,False,False
2025-26,Q4,March,Y62,RW4,MERSEY CARE NHS FOUNDATION TRUST,1098.7777777777778,837.7444444444444,76.24330063707148,0.0,0.0,,90.14444444444445,56.422222222222224,62.59090348822877,0.0,0.0,,1008.6333333333333,781.3222222222222,77.4634543992421,Below 85%,False,False
2025-26,Q4,March,Y62,RW5,LANCASHIRE CARE NHS FOUNDATION TRUST,589.5111111111111,576.6666666666666,97.82117008443907,0.0,0.0,,0.0,0.0,,0.0,0.0,,589.5111111111111,576.6666666666666,97.82117008443907,95%+ Very high occupancy,True,True
2025-26,Q4,March,Y63,RWA,HULL AND EAST YORKSHIRE HOSPITALS NHS TRUST,1199.8444444444444,1083.0,90.26170059081733,1123.8444444444444,1043.2444444444445,92.82818895458051,0.0,0.0,,76.0,39.75555555555555,52.30994152046783,0.0,0.0,,85–91.9% Moderate-high occupancy,False,False
2025-26,Q4,March,Y60,RWD,UNITED LINCOLNSHIRE HOSPITALS NHS TRUST,1155.2444444444445,891.5333333333333,77.17270034239986,990.0,793.4,80.14141414141413,0.0,0.0,,165.24444444444444,98.13333333333334,59.38676707907477,0.0,0.0,,Below 85%,False,False
2025-26,Q4,March,Y60,RWE,UNIVERSITY HOSPITALS OF LEICESTER NHS TRUST,1901.2333333333333,1824.1888888888889,95.94765970627253,1777.2333333333333,1714.3,96.45891554288501,0.0,0.0,,124.0,109.88888888888889,88.62007168458781,0.0,0.0,,95%+ Very high occupancy,True,True
2025-26,Q4,March,Y59,RWF,MAIDSTONE AND TUNBRIDGE WELLS NHS TRUST,736.7777777777778,639.6888888888889,86.82250037701704,693.7777777777778,614.1555555555556,88.52338244714926,0.0,0.0,,43.0,25.533333333333335,59.379844961240316,0.0,0.0,,85–91.9% Moderate-high occupancy,False,False
2025-26,Q4,March,Y61,RWG,WEST HERTFORDSHIRE HOSPITALS NHS TRUST,733.0,563.5111111111111,76.87736850083371,663.0,516.0444444444445,77.83475783475784,0.0,0.0,,70.0,47.46666666666667,67.80952380952381,0.0,0.0,,Below 85%,False,False
2025-26,Q4,March,Y61,RWH,EAST AND NORTH HERTFORDSHIRE NHS TRUST,0.0,0.0,,0.0,0.0,,0.0,0.0,,0.0,0.0,,0.0,0.0,,,False,False
2025-26,Q4,March,Y62,RWJ,STOCKPORT NHS FOUNDATION TRUST,669.9555555555555,597.7777777777778,89.22648268541862,622.7888888888889,578.1555555555556,92.83331251895596,0.0,0.0,,47.166666666666664,19.622222222222224,41.601884570082454,0.0,0.0,,85–91.9% Moderate-high occupancy,False,False
2025-26,Q4,March,Y56,RWK,EAST LONDON NHS FOUNDATION TRUST,774.0,694.3111111111111,89.70427792133219,39.0,34.08888888888889,87.4074074074074,0.0,0.0,,0.0,0.0,,735.0,660.2222222222222,89.82615268329553,85–91.9% Moderate-high occupancy,False,False
2025-26,Q4,March,Y60,RWP,WORCESTERSHIRE ACUTE HOSPITALS NHS TRUST,942.9333333333333,861.4111111111112,91.35440233785823,880.9333333333333,824.6444444444444,93.61031229504061,0.0,0.0,,62.0,36.766666666666666,59.30107526881721,0.0,0.0,,85–91.9% Moderate-high occupancy,False,False
2025-26,Q4,March,Y61,RWR,HERTFORDSHIRE PARTNERSHIP UNIVERSITY NHS FOUNDATION TRUST,339.15555555555557,303.4888888888889,89.48368496920456,0.0,0.0,,23.044444444444444,16.933333333333334,73.48119575699133,0.0,0.0,,316.1111111111111,286.55555555555554,90.65026362038665,85–91.9% Moderate-high occupancy,False,False
2025-26,Q4,March,Y58,RWV,DEVON PARTNERSHIP NHS TRUST,260.56666666666666,249.74444444444444,95.84665899108779,0.0,0.0,,5.622222222222222,5.411111111111111,96.24505928853756,0.0,0.0,,254.94444444444446,244.33333333333334,95.83787317498366,95%+ Very high occupancy,True,True
2025-26,Q4,March,Y62,RWW,WARRINGTON AND HALTON HOSPITALS NHS FOUNDATION TRUST,638.9222222222222,582.0333333333333,91.09611672434481,600.9222222222222,564.3,93.90566351718654,0.0,0.0,,38.0,17.733333333333334,46.666666666666664,0.0,0.0,,85–91.9% Moderate-high occupancy,False,False
2025-26,Q4,March,Y59,RWX,BERKSHIRE HEALTHCARE NHS FOUNDATION TRUST,169.65555555555557,155.63333333333333,91.73488768092211,38.58888888888889,34.266666666666666,88.79930895479411,8.0,5.022222222222222,62.77777777777778,0.0,0.0,,123.06666666666666,116.34444444444445,94.53773925604912,85–91.9% Moderate-high occupancy,False,False
2025-26,Q4,March,Y63,RWY,CALDERDALE AND HUDDERSFIELD NHS FOUNDATION TRUST,817.2666666666667,693.3555555555556,84.83835005574137,761.4888888888889,671.8555555555556,88.22920010505734,0.0,0.0,,55.77777777777778,21.5,38.54581673306773,0.0,0.0,,Below 85%,False,False
2025-26,Q4,March,Y60,RX1,NOTTINGHAM UNIVERSITY HOSPITALS NHS TRUST,1795.4444444444443,1586.8666666666666,88.38294448913918,1674.4444444444443,1503.0444444444445,89.7637690776377,0.0,0.0,,121.0,83.82222222222222,69.27456382001836,0.0,0.0,,85–91.9% Moderate-high occupancy,False,False
2025-26,Q4,March,Y59,RX2,SUSSEX PARTNERSHIP NHS FOUNDATION TRUST,527.9777777777778,518.3777777777777,98.18174165579359,0.0,0.0,,9.333333333333334,4.888888888888889,52.38095238095239,0.0,0.0,,518.6444444444444,513.4888888888889,99.00595569647373,95%+ Very high occupancy,True,True
2025-26,Q4,March,Y63,RX3,"TEES, ESK AND WEAR VALLEYS NHS FOUNDATION TRUST",717.0,574.7555555555556,80.16116534944987,0.0,0.0,,107.0,59.81111111111111,55.89823468328141,0.0,0.0,,610.0,514.9444444444445,84.41712204007287,Below 85%,False,False
2025-26,Q4,March,Y63,RX4,"CUMBRIA, NORTHUMBERLAND, TYNE AND WEAR NHS FOUNDATION TRUST",734.7333333333333,667.7555555555556,90.8840698061277,49.0,42.77777777777778,87.3015873015873,65.0,57.3,88.15384615384615,0.0,0.0,,620.7333333333333,567.6777777777778,91.45276196613324,85–91.9% Moderate-high occupancy,False,False
2025-26,Q4,March,Y62,RXA,CHESHIRE AND WIRRAL PARTNERSHIP NHS FOUNDATION TRUST,255.9777777777778,255.9777777777778,100.0,0.0,0.0,,11.322222222222223,11.322222222222223,100.0,0.0,0.0,,244.65555555555557,244.65555555555557,100.0,95%+ Very high occupancy,True,True
2025-26,Q4,March,Y59,RXC,EAST SUSSEX HEALTHCARE NHS TRUST,726.7222222222222,659.7888888888889,90.7896949774482,702.7222222222222,639.8111111111111,91.0475136374417,0.0,0.0,,24.0,19.977777777777778,83.24074074074073,0.0,0.0,,85–91.9% Moderate-high occupancy,False,False
2025-26,Q4,March,Y63,RXE,ROTHERHAM DONCASTER AND SOUTH HUMBER NHS FOUNDATION TRUST,213.32222222222222,206.85555555555555,96.96859211417261,56.0,51.6,92.14285714285715,0.0,0.0,,0.0,0.0,,157.32222222222222,155.25555555555556,98.68634790592556,95%+ Very high occupancy,True,True
2025-26,Q4,March,Y63,RXF,MID YORKSHIRE HOSPITALS NHS TRUST,1152.5111111111112,1033.088888888889,89.6380849545919,1092.2222222222222,990.0111111111111,90.64191251271617,0.0,0.0,,60.28888888888889,43.077777777777776,71.45226686325101,0.0,0.0,,85–91.9% Moderate-high occupancy,False,False
2025-26,Q4,March,Y63,RXG,SOUTH WEST YORKSHIRE PARTNERSHIP NHS FOUNDATION TRUST,553.0,478.4555555555556,86.51999196302994,24.0,22.455555555555556,93.56481481481481,16.0,11.0,68.75,0.0,0.0,,513.0,445.0,86.74463937621833,85–91.9% Moderate-high occupancy,False,False
2025-26,Q4,March,Y60,RXK,SANDWELL AND WEST BIRMINGHAM HOSPITALS NHS TRUST,639.2555555555556,565.6666666666666,88.4883458189213,563.2555555555556,518.0666666666667,91.97719606257274,0.0,0.0,,76.0,47.6,62.631578947368425,0.0,0.0,,85–91.9% Moderate-high occupancy,False,False
2025-26,Q4,March,Y62,RXL,BLACKPOOL TEACHING HOSPITALS NHS FOUNDATION TRUST,776.0,744.5777777777778,95.95074455899199,738.0,722.7111111111111,97.92833483890394,0.0,0.0,,38.0,21.866666666666667,57.54385964912281,0.0,0.0,,95%+ Very high occupancy,True,True
2025-26,Q4,March,Y60,RXM,DERBYSHIRE HEALTHCARE NHS FOUNDATION TRUST,271.9888888888889,240.36666666666667,88.37370807631031,0.0,0.0,,0.0,0.0,,0.0,0.0,,271.9888888888889,240.36666666666667,88.37370807631031,85–91.9% Moderate-high occupancy,False,False
2025-26,Q4,March,Y62,RXN,LANCASHIRE TEACHING HOSPITALS NHS FOUNDATION TRUST,880.6777777777778,847.3555555555556,96.21629805326705,818.6777777777778,814.5333333333333,99.49376365684503,0.0,0.0,,62.0,32.82222222222222,52.93906810035842,0.0,0.0,,95%+ Very high occupancy,True,True
2025-26,Q4,March,Y63,RXP,COUNTY DURHAM AND DARLINGTON NHS FOUNDATION TRUST,1001.1222222222223,951.2888888888889,95.02225280518529,940.1222222222223,917.5555555555555,97.5996028885133,0.0,0.0,,61.0,33.733333333333334,55.30054644808743,0.0,0.0,,95%+ Very high occupancy,True,True
2025-26,Q4,March,Y59,RXQ,BUCKINGHAMSHIRE HEALTHCARE NHS TRUST,532.0,508.9111111111111,95.65998329156223,475.0,474.22222222222223,99.83625730994152,0.0,0.0,,57.0,34.68888888888889,60.857699805068236,0.0,0.0,,95%+ Very high occupancy,True,True
2025-26,Q4,March,Y62,RXR,EAST LANCASHIRE HOSPITALS NHS TRUST,967.2333333333333,922.6,95.3854636936968,895.2333333333333,871.6888888888889,97.37002147174542,0.0,0.0,,72.0,50.91111111111111,70.70987654320989,0.0,0.0,,95%+ Very high occupancy,True,True
2025-26,Q4,March,Y60,RXT,BIRMINGHAM AND SOLIHULL MENTAL HEALTH NHS FOUNDATION TRUST,638.0222222222222,602.5555555555555,94.44115495803001,0.0,0.0,,0.0,0.0,,0.0,0.0,,638.0222222222222,602.5555555555555,94.44115495803001,92–94.9% High occupancy,True,False
2025-26,Q4,March,Y62,RXV,GREATER MANCHESTER MENTAL HEALTH NHS FOUNDATION TRUST,769.5777777777778,704.5444444444445,91.54947879067888,0.0,0.0,,0.0,0.0,,0.0,0.0,,769.5777777777778,704.5444444444445,91.54947879067888,85–91.9% Moderate-high occupancy,False,False
2025-26,Q4,March,Y60,RXW,SHREWSBURY AND TELFORD HOSPITAL NHS TRUST,879.2,790.4555555555555,89.90622788393489,842.2,790.4555555555555,93.8560384179002,0.0,0.0,,37.0,0.0,0.0,0.0,0.0,,85–91.9% Moderate-high occupancy,False,False
2025-26,Q4,March,Y59,RXX,SURREY AND BORDERS PARTNERSHIP NHS FOUNDATION TRUST,174.73333333333332,157.9,90.36627241510875,0.0,0.0,,7.0,2.888888888888889,41.269841269841265,0.0,0.0,,167.73333333333332,155.01111111111112,92.41520932697405,85–91.9% Moderate-high occupancy,False,False
2025-26,Q4,March,Y59,RXY,KENT AND MEDWAY NHS AND SOCIAL CARE PARTNERSHIP TRUST,451.34444444444443,412.96666666666664,91.49700893626449,0.0,0.0,,0.0,0.0,,0.0,0.0,,451.34444444444443,412.96666666666664,91.49700893626449,85–91.9% Moderate-high occupancy,False,False
2025-26,Q4,March,Y61,RY3,EAST OF ENGLAND COMMUNITY HEALTH AND CARE NHS TRUST,77.15555555555555,72.2,93.57718894009217,76.13333333333334,71.17777777777778,93.49095154699357,1.0222222222222221,1.0222222222222221,100.0,0.0,0.0,,0.0,0.0,,92–94.9% High occupancy,True,False
2025-26,Q4,March,Y63,RY6,LEEDS COMMUNITY HEALTHCARE NHS TRUST,79.83333333333333,41.888888888888886,52.470424495476685,79.83333333333333,41.888888888888886,52.470424495476685,0.0,0.0,,0.0,0.0,,0.0,0.0,,Below 85%,False,False
2025-26,Q4,March,Y60,RY8,DERBYSHIRE COMMUNITY HEALTH SERVICES NHS FOUNDATION TRUST,37.455555555555556,14.077777777777778,37.5852862652032,0.0,0.0,,20.0,3.088888888888889,15.444444444444445,0.0,0.0,,17.455555555555556,10.988888888888889,62.95353278166773,Below 85%,False,False
2025-26,Q4,March,Y60,RYG,COVENTRY AND WARWICKSHIRE PARTNERSHIP NHS TRUST,308.5,252.26666666666668,81.77201512695841,0.0,0.0,,66.0,46.75555555555555,70.84175084175084,0.0,0.0,,242.5,205.51111111111112,84.74684994272623,Below 85%,False,False
2025-26,Q4,March,Y56,RYJ,IMPERIAL COLLEGE HEALTHCARE NHS TRUST,1095.388888888889,1060.6222222222223,96.82608916163716,1038.7222222222222,1008.3555555555556,97.07653634272879,0.0,0.0,,56.666666666666664,52.266666666666666,92.23529411764706,0.0,0.0,,95%+ Very high occupancy,True,True
2025-26,Q4,March,Y59,RYR,UNIVERSITY HOSPITALS SUSSEX NHS FOUNDATION TRUST,1967.0,1818.088888888889,92.42953171778795,1828.0,1753.7444444444445,95.93787989302213,0.0,0.0,,139.0,64.34444444444445,46.290967226219024,0.0,0.0,,92–94.9% High occupancy,True,False
2025-26,Q4,March,Y60,RYW,BIRMINGHAM COMMUNITY HEALTHCARE NHS FOUNDATION TRUST,265.05555555555554,193.7888888888889,73.11255501991198,265.05555555555554,193.7888888888889,73.11255501991198,0.0,0.0,,0.0,0.0,,0.0,0.0,,Below 85%,False,False
2025-26,Q4,March,Y56,RYX,CENTRAL LONDON COMMUNITY HEALTHCARE NHS TRUST,0.0,0.0,,0.0,0.0,,0.0,0.0,,0.0,0.0,,0.0,0.0,,,False,False
2025-26,Q4,March,Y63,TAD,BRADFORD DISTRICT CARE NHS FOUNDATION TRUST,194.0,175.92222222222222,90.6815578465063,0.0,0.0,,8.0,4.0,50.0,0.0,0.0,,186.0,171.92222222222222,92.43130227001195,85–91.9% Moderate-high occupancy,False,False
2025-26,Q4,March,Y63,TAH,SHEFFIELD HEALTH & SOCIAL CARE NHS FOUNDATION TRUST,143.86666666666667,132.0222222222222,91.76706827309235,0.0,0.0,,0.0,0.0,,0.0,0.0,,143.86666666666667,132.0222222222222,91.76706827309235,85–91.9% Moderate-high occupancy,False,False
2025-26,Q4,March,Y60,TAJ,BLACK COUNTRY HEALTHCARE NHS FOUNDATION TRUST,288.27777777777777,253.15555555555557,87.81653497783773,0.0,0.0,,18.0,3.077777777777778,17.098765432098766,0.0,0.0,,270.27777777777777,250.07777777777778,92.5262076053443,85–91.9% Moderate-high occupancy,False,False
